set,instance,H0,H1,S0,S1,C0,C1,H0||C0,H0||C1,H1||C0,H1||C1,S0||C0,S0||C1,S1||C0,S1||C1,H1->C0@25%,H1->C0@50%,C0->H1@25%,C0->H1@50%
miplib,timtab1,0.024886706802313856,0.019818160236731556,0.07894622701205416,0.09228581328114883,0.14556401454352125,0.22761024001894864,0.024886706802313856,0.020637419168089425,0.019818160236731556,0.018525277658143283,0.07008243991337795,0.06224457410911356,0.07134614016571586,0.06247399582755429,0.027954262298347885,0.019818160236731556,0.09778689892563143,0.12047996249954755
miplib,rail507,0.1596972140524395,0.1765566282776693,0.11564504878223289,0.0993562430395252,0.13762985671569145,0.15364865704749114,0.06838591653264213,0.0780777378231161,0.0733786520705533,0.08355722845235242,0.06547789305570065,0.07429140385454168,0.050185656350758466,0.05854042997749504,0.213888805574463,0.1804063869508243,0.1022513356016178,0.1293563443917938
miplib,supportcase18,0.05599865678096502,0.05320773310612048,0.11582321061908789,0.10304677919446581,0.07246701947553956,0.0643472896996611,0.047346212054784814,0.04598492870246364,0.042922854744228474,0.04175266313434689,0.07079200671398721,0.058601416326426466,0.07061920126691403,0.05842861087935328,0.07862256134651284,0.05320773310612048,0.05955438570930942,0.06625987430837542
miplib,academictimetablesmall,1.0,1.0,1.0,1.0,1.0,1.0,1.0,1.0,1.0,1.0,1.0,1.0,1.0,1.0,1.0,1.0,1.0,1.0
miplib,beasleyC3,0.008549642521484997,0.006546467756652687,0.028279110832380418,0.028989510155267264,0.12394070441281585,0.11845303552755605,0.008549642521484997,0.008549642521484997,0.006546467756652687,0.006546467756652687,0.028279110832380418,0.026898145434218042,0.028989510155267264,0.02739572113586949,0.007532121196917052,0.006546467756652687,0.08069270995493157,0.10612296554071812
miplib,comp21-2idx,0.794931650438927,0.778590275390975,0.8977190588050339,0.9075274916846978,0.7079967830204725,0.7098508756216478,0.6684511361655191,0.6835563258981748,0.6669528138242146,0.6850186732182517,0.7076127930843047,0.7077217508870837,0.707996076461709,0.7098508756216478,0.7439712474691886,0.778590275390975,0.8131378008126525,0.8557012710152873
miplib,neos-3656078-kumeu,1.0,1.0,1.0,1.0,0.14602725708132866,0.11966885239884441,0.14602725708132866,0.11966885239884441,0.14602725708132866,0.11966885239884441,0.14602725708132866,0.11966885239884441,0.14602725708132866,0.11966885239884441,0.37514236313802385,0.604257469194719,0.16309395788324998,0.14602725708132866
miplib,satellites2-40,1.0,1.0,1.0,1.0,1.0,1.0,1.0,1.0,1.0,1.0,1.0,1.0,1.0,1.0,1.0,1.0,1.0,1.0
miplib,enlight_hard,0.33429154845071046,0.17916424021823332,5.345151682073871e-05,0.00010468943316179017,0.007886600500205532,0.006871016616544997,0.007886600500205532,0.006871016616544997,0.007886600500205532,0.006871016616544997,5.345151682073871e-05,5.345151682073871e-05,0.00010468943316179017,0.00010468943316179017,0.17916424021823332,0.17916424021823332,0.007886600500205532,0.007886600500205532
miplib,neos-3381206-awhea,0.002969329374143854,0.0028295183909297183,0.04140728018246591,0.06007920103341651,0.15934190518698532,1.0,0.002969329374143854,0.002969329374143854,0.0028295183909297183,0.0028295183909297183,0.04140728018246591,0.04140728018246591,0.06007920103341651,0.06007920103341651,0.0028295183909297183,0.0028295183909297183,0.15934190518698532,0.15934190518698532
miplib,cryptanalysiskb128n5obj16,1.0,1.0,1.0,1.0,1.0,1.0,1.0,1.0,1.0,1.0,1.0,1.0,1.0,1.0,1.0,1.0,1.0,1.0
miplib,exp-1-500-5-5,0.016216037795884052,0.0174126838067391,0.014592973850499518,0.012274501816243006,0.2874680379686468,0.3549182831128141,0.014952714244579337,0.01602190689512065,0.015989649601603803,0.017058842252145115,0.014592973850499518,0.014592973850499518,0.012274501816243006,0.012274501816243006,0.0174126838067391,0.0174126838067391,0.15900546419000375,0.2529304765749181
miplib,hypothyroid-k1,0.12601397814589277,0.1193133798855976,0.11094599602973822,0.12057575929366034,0.18809109517355396,0.21054319955386142,0.1123207745326044,0.12033712076972033,0.10710285056318952,0.11410195686194818,0.0994508127846537,0.10613973547933489,0.1074035366159016,0.11473863272136821,0.11931337988559751,0.11931337988559756,0.18809109517355396,0.18809109517355396
miplib,neos-2657525-crna,0.8009677200834446,0.7410979802427378,0.8298548932668065,0.7921506491813998,0.0654138474752429,0.7948648432185618,0.0654138474752429,0.785417213645553,0.0654138474752429,0.6898710901597336,0.0654138474752429,0.7926471457923727,0.06541096335007453,0.7871908625314961,0.3154138474752429,0.5127279878970978,0.0654138474752429,0.0654138474752429
miplib,air05,0.043953076721825364,0.053967576915082985,0.07337009757762937,0.026026391119460465,0.16288925230999796,0.1785961952011732,0.03300175643053063,0.03660934506547271,0.040370710847645874,0.04446657208963221,0.057055229295721224,0.06379191449233333,0.02089400527053849,0.020249246352842476,0.05396757691508287,0.053967576915082985,0.11884900788183458,0.17237370842853988
miplib,mas76,0.0007566729300189391,0.0003968497882973363,0.001203363654118671,0.001206668729452296,0.040659821402237166,0.04912738817641891,0.0007566729003426544,0.0007566729300189391,0.00039684975862105157,0.0003968497882973363,0.0012033636100704666,0.0012033636490194229,0.001206668729452296,0.001206668729452296,0.00039684977152492344,0.0003968497844287954,0.039309171493101466,0.040659821402237166
miplib,neos-1456979,0.5206522440254887,0.4490941863307809,0.8296055000738671,0.8718978356753908,0.48945131104629946,0.3251748734266825,0.3362214570542127,0.3210898273978209,0.30960250850405224,0.28597029435926724,0.4499464646969795,0.3251748734266825,0.46844171650708905,0.3251748734266825,0.6537815920188954,0.5706743511281511,0.45324770004171416,0.5021228419518379
miplib,rail01,1.0,1.0,1.0,1.0,1.0,1.0,1.0,1.0,1.0,1.0,1.0,1.0,1.0,1.0,1.0,1.0,1.0,1.0
miplib,neos-787933,0.37531242746738036,0.41677848582302696,0.013463333682268184,0.01890107945310338,0.4232290049430276,0.31032441612344946,0.23700972120199154,0.19832326853091595,0.26904096706564345,0.22352487977283494,0.013463333682268184,0.013069269546889122,0.017708895516359232,0.015998135200084664,0.5689619012359327,0.45095016173452634,0.37461281457297485,0.4590567988212987
miplib,neos-4722843-widden,0.6026975010589304,0.5764542254271984,0.1800977664844955,0.18473002199224495,1.0,1.0,0.6026975010589304,0.6026975010589304,0.5764542254271984,0.5764542254271984,0.1800977664844955,0.1800977664844955,0.18473002199224495,0.18473002199224495,1.0,1.0,0.810048341099786,1.0
miplib,sp150x300d,0.00021375462209517268,0.00021569910869133514,0.0003609248736607603,0.0004210813956319409,0.0246205213458742,0.012800017287298572,0.00021375462209517268,0.00021375462209517268,0.00021569910869133514,0.00021569910869133514,0.0003609248736607603,0.0003609248736607603,0.0004210813956319409,0.0004210813956319409,0.00021569910869133514,0.00021569910869133514,0.0246205213458742,0.0246205213458742
miplib,supportcase42,0.8079444305684074,0.807790047947256,0.09092994096052202,0.0847929788920156,0.5694257450538353,0.5958244920149447,0.5691711172581057,0.5955787674546316,0.5690167346369541,0.5954243848334801,0.08100602387745932,0.08099712064223598,0.07610670405303636,0.07609780081781303,0.6346228032443845,0.7002288718518146,0.5694257450538353,0.5694257450538353
miplib,traininstance6,0.07545007377909295,0.06401126859296519,0.36176856348787645,0.45229498334297735,0.08764511530973028,0.08616794293356782,0.04124664410844739,0.03933167722928616,0.037777180077074514,0.035199318846945535,0.08764511530973028,0.08616794293356782,0.08524422206172608,0.08425808402309747,0.06664784013994185,0.06401126859296519,0.053044355649593596,0.06831153122211268
miplib,neos-3754480-nidda,0.08351737996285026,0.11065614680996357,0.062059759611593254,0.004799501792597221,0.07638116489011765,0.0860187160401275,0.05275725681467616,0.06420595460628377,0.053216002354599855,0.06469957580461834,0.045388703320563946,0.05490482796868774,0.004799501792597221,0.004799501792597221,0.07097402486832347,0.08873204738204711,0.07638116489011765,0.07638116489011765
miplib,cod105,0.5836439952948107,0.35022302312640774,0.25127842459931143,0.20705181632203876,0.00922674386674771,0.0107468591196165,0.00922674386674771,0.0107468591196165,0.00922674386674771,0.0107468591196165,0.00922674386674771,0.0107468591196165,0.00922674386674771,0.0107468591196165,0.22750538412090263,0.350223023126379,0.00922674386674771,0.00922674386674771
miplib,opm2-z10-s4,1.0,1.0,0.6038318849920219,0.6220925831794154,0.20210572576768732,0.18582825409574022,0.20210572576768732,0.18582825409574022,0.20210572576768732,0.18582825409574022,0.20210572576768732,0.18582825409574022,0.20210572576768732,0.18582825409574022,0.4161718874548112,0.6236906929423723,0.22073889973749417,0.21586358662718402
miplib,neos-4763324-toguru,0.7827939613932302,0.7808366074101019,0.7929086282388982,0.7817349161792815,0.6837544943435863,0.6999964212136315,0.6837544943435863,0.6999964212136315,0.6837544943435863,0.6999964212136315,0.6837544943435863,0.6999964212136315,0.6828649631967408,0.698887486996915,0.7317222295714678,0.7497075349052594,0.6848296483265308,0.6848296483265308
miplib,cbs-cta,1.0,0.8476461372183015,0.4839234030844333,0.6762111983669457,0.19747006199904718,0.16790755963302217,0.19747006199904718,0.16790755963302217,0.19747006199904718,0.16790755963302217,0.19747006199904718,0.16790755963302217,0.19747006199904718,0.16790755963302217,0.44747006199904715,0.6974700619990472,0.19747006199904718,0.19747006199904718
miplib,binkar10_1,0.0015675882485994366,0.0019965120379625756,0.004542337524413216,0.002528947008725617,0.019545059290016667,0.02910495230192761,0.0015675882485994366,0.0015675882485994366,0.0019965120379625756,0.0019965120379625756,0.004388167191395757,0.004542337524413216,0.002528947008725617,0.002528947008725617,0.0020923682764583088,0.0019965120379625756,0.018502943115076536,0.019080038961535054
miplib,glass-sc,0.08456890208028153,0.09222315473666064,0.01352459931227303,0.03918272103717018,0.0065592752320334366,0.015710615605605643,0.005510636414893907,0.013012449904199462,0.005974019127473703,0.01350650084213261,0.0019098658713583461,0.004675121426037791,0.0024499799025506056,0.005215235457230049,0.09190435072138453,0.09222315473666064,0.0065592752320334366,0.0065592752320334366
miplib,piperout-27,0.6207786776009029,0.5723068356494588,0.11528193113359438,0.15687035706547697,0.3052868991793833,0.13961504492504132,0.3052868991793833,0.12262366333850828,0.3052868991793833,0.11682469134951888,0.11058685093824282,0.06514264480579865,0.15687035706547697,0.07782917330162706,0.5552868991793825,0.8052868991793817,0.6195392198724379,0.3052868991793833
miplib,p200x1188c,0.0007844384074110106,0.0007862765425791486,0.004263920111816183,0.005396507219185678,0.04340439931737789,0.02190787426412869,0.0007844384074110106,0.0007844384074110106,0.0007862765425791486,0.0007862765425791486,0.004263920111816182,0.0036448480949529383,0.005396507219185676,0.0038292763958657724,0.0007862765425791486,0.0007862765425791486,0.036689578055617275,0.038989486059311164
miplib,ns1952667,1.0,1.0,1.0,1.0,1.0,1.0,1.0,1.0,1.0,1.0,1.0,1.0,1.0,1.0,1.0,1.0,1.0,1.0
miplib,snp-02-004-104,0.2072526689252507,0.14966092078171436,0.6204564073443691,0.9831429366668988,0.9304941781531129,0.9306157920776916,0.19545152741997063,0.1955731413445494,0.14198610380083757,0.1421077177254163,0.586849189311773,0.5869708032363516,0.9279669932646686,0.9280885813549405,0.15056519167896615,0.15056519167896615,0.3731794023017413,0.6034684299053932
miplib,neos-3046615-murg,0.021634724745600804,0.02014987582607453,0.02082911229841162,0.015990492346020315,0.037907266590908144,0.04148598861584283,0.021576928290379827,0.021340005883607,0.020096956970524035,0.019895804589624123,0.018079463077883877,0.020615138007827223,0.013830731318532297,0.01479120173770649,0.021373594408920425,0.020453743367818227,0.03231264250289316,0.0354410930905801
miplib,n3div36,0.11645347220422202,0.156940024597091,0.48427294987089387,0.42238856037943767,0.11893104488612562,0.13263783167174742,0.06838710773119529,0.06861430015880181,0.08212570030209679,0.08178410773506457,0.11893104488612562,0.13263783167174742,0.11893104488612562,0.13263783167174742,0.18696596120361084,0.156940024597091,0.1253342541601182,0.11370235839122654
miplib,tr12-30,0.00836041474992332,0.008380496207251004,0.00601765127736285,0.008384043006624625,0.0676716840080717,0.23379747912146084,0.00836041474992332,0.00836041474992332,0.008380496207251004,0.008380496207251004,0.00601765127736285,0.00601765127736285,0.008384043006624625,0.008384043006624625,0.010263005355106733,0.008514311073245361,0.062347811604746825,0.06546833761632123
miplib,neos-1445765,0.17524090600553233,0.17348117819455433,0.3240628010534857,0.32409999612890494,0.08815943859693989,0.1418774672861496,0.08760632346329221,0.12309880726665316,0.08727792456887672,0.12200013136839417,0.08812867544518818,0.1408684967196059,0.08813712823932901,0.1406270174439313,0.16008274010247786,0.19063421562845784,0.08824909225565451,0.08832604482915066
miplib,neos17,0.010193347016553549,0.011953166074955494,0.00703447959274057,0.009848947770937757,0.2948368883056382,0.4538916413884961,0.010193347016553549,0.010193347016553549,0.011953166074955494,0.011953166074955494,0.00703447959274057,0.00703447959274057,0.009848947770937757,0.009848947770937757,0.011953166074955494,0.011953166074955494,0.1857375272375482,0.24119978896592
miplib,s100,1.0,1.0,1.0,0.8502520760682655,0.2195238484914924,0.23555656784165552,0.2195238484914924,0.23555656784165552,0.2195238484914924,0.23555656784165552,0.2195238484914924,0.23555656784165552,0.2195238484914924,0.23429736135218926,0.4278753321962305,0.6362268159009685,0.2195238484914924,0.2195238484914924
miplib,50v-10,0.07149084533375175,0.05801814147432906,0.1187359356687838,0.10300401069917857,0.26038407814990183,0.27640748837498585,0.07149084533375175,0.07149084533375175,0.05801814147432906,0.05801814147432906,0.1187359356687838,0.11871974571038976,0.10300401069917857,0.10156962235892047,0.061011593464408743,0.05922187448509548,0.2030618453960135,0.24991562813708118
miplib,chromaticindex1024-7,0.12042835411654475,0.07239799243398011,1.0,1.0,0.8964466920820996,0.8907190782503069,0.12042835411654475,0.12042835411654475,0.07239799243398011,0.07239799243398011,0.8964466920820996,0.8907190782503069,0.8964466920820996,0.8907190782503069,0.07239799243398011,0.07239799243398011,0.3223979924339801,0.5723979924339802
miplib,mad,0.7948774605160316,0.8407889266668531,0.8556515505189692,0.7741155361935375,0.8929160030383358,0.8672020021321125,0.7948774605160316,0.7938201687677732,0.8407889266668531,0.8405296111865052,0.8539418455309465,0.8392721533916933,0.7741155361935375,0.7741155361935375,0.8583203206182964,0.8583203206182964,0.8726943721534399,0.8931128920382717
miplib,decomp2,0.05278068471622343,0.03725946918323946,0.04869404548468689,0.07672076181819042,0.009040476454817205,0.01349557462651622,0.009040476454817205,0.01349557462651622,0.009040476454817205,0.01349557462651622,0.009040476454817205,0.01349557462651622,0.009040476454817205,0.01349557462651622,0.03725946918323946,0.03725946918323946,0.009040476454817205,0.009040476454817205
miplib,supportcase26,0.03857616461759515,0.06337968309085767,0.062094842844385705,0.06426322377289989,0.041265009144479406,0.04931174085256588,0.026878495032022467,0.02880223133391542,0.03349774922126324,0.03810743171572468,0.034357178534376996,0.039121747961652346,0.027669443020281674,0.03071812721886698,0.059509285691606115,0.06678165460644106,0.05652026899169989,0.05806070420096044
miplib,istanbul-no-cutoff,0.05829016124407866,0.07312523269217756,0.10071290546054995,0.11642995361296521,0.10161086288065393,0.1555555901611941,0.055816629494365104,0.03687536638873256,0.06790768860885657,0.04275985684651335,0.0730308814833467,0.056965409265296175,0.06976655808173836,0.04704702994795375,0.09155350695265728,0.07312523269217756,0.10315878044831166,0.12188812853525785
miplib,neos-1171737,0.07316900774472161,0.06971358285334281,0.14206163564030563,0.12054207097307004,0.06057481241358631,0.06681531203128636,0.05217888719034716,0.05371925761160625,0.04769631932038432,0.05063060581236263,0.057500576822947215,0.0631030574246389,0.04336267240654607,0.04426653536271008,0.07412854371412589,0.07156754531513547,0.062084660661344895,0.06782977696929256
miplib,gen-ip054,0.005102580132738583,0.0032392583283142695,0.003348284186201761,0.0032893398289698325,0.012000285270342033,0.02185328498493875,0.004769273251241153,0.003989866308241723,0.0032106835693529174,0.0031370703544855135,0.003348284186201761,0.0030094258339928115,0.003231835345710402,0.0028413167314361486,0.0034747093123011865,0.0034747093123011865,0.010648944402422552,0.011454881953117934
miplib,drayage-100-23,0.014825133224381882,0.025568882822036374,0.15087490816358276,0.13526814928395303,0.07168894366323793,0.07356708590720379,0.01423472746400893,0.014195856843466505,0.02348725153295618,0.022375949136957316,0.058064696101624076,0.05319226288964824,0.05797928569327593,0.05308426533582073,0.025568882822036374,0.025568882822036374,0.07197923835838127,0.07168894366323793
miplib,h80x6320d,0.08552944628971718,0.07512143277769995,0.6301398859436248,0.6244273309840962,0.47490071067499634,0.4827317360250839,0.06890951195299795,0.06889880250065689,0.06056646905537418,0.06055575960303312,0.47490071067499634,0.4827317360250839,0.4730503314202069,0.4807413316809407,0.07512143277769995,0.07512143277769995,0.18519755333549248,0.3078160899764861
miplib,sorrell3,0.8830684036665237,0.8844482290633702,0.3549538402969726,0.3600413694091306,0.07930171281683822,1.0,0.07930171281683822,0.8830684036665237,0.07930171281683822,0.8844482290633702,0.07930171281683822,0.3549538402969726,0.07930171281683822,0.3600413694091306,0.29008753283536254,0.49321253283536254,0.07930171281683822,0.07930171281683822
miplib,net12,0.19351366976549197,0.18610526411852787,1.0,0.4057470606887747,0.06296417392316857,0.06324828747644415,0.05854735166947962,0.06154816027259941,0.05601154314925374,0.059012351752373536,0.06296417392316857,0.06324828747644415,0.06296417392316857,0.06324828747644415,0.11344724366517529,0.15364332209654785,0.1758182728078937,0.06296417392316857
miplib,eil33-2,0.11304242905620504,0.12745809096073726,0.07605780111758652,0.0758272929499241,0.1431346475452879,0.0673078181364943,0.07447969661003846,0.062152401770651074,0.08465753405744889,0.06369499941207962,0.06855656161225292,0.0605189595143746,0.06139542193283528,0.057462984775188866,0.13322814799186575,0.12745809096073726,0.14529323385983461,0.1592389731126633
miplib,neos-873061,0.16898647191604618,0.21796907812636288,0.8739723063922151,0.8972063686425726,0.9966252373256534,0.9966349553938564,0.16870524482792884,0.1687149628961318,0.21755911912824122,0.2175688371964442,0.872741936398598,0.872751654466801,0.8957117427326454,0.8957214608008482,0.23403488085146099,0.23403488085146099,0.4578881993349118,0.6839157953255215
miplib,neos-3004026-krka,1.0,1.0,0.9338975971001976,1.0,0.009579243666181961,0.012062620398743699,0.009579243666181961,0.012062620398743699,0.009579243666181961,0.012062620398743699,0.009579243666181961,0.012062620398743699,0.009579243666181961,0.012062620398743699,0.25957924366618196,0.509579243666182,0.009579243666181961,0.009579243666181961
miplib,sp98ar,0.2134036107237143,0.2073813825690728,0.21745974978220542,0.15748156808770972,0.3354495608219609,0.24147290181357858,0.1437992367372365,0.15261756164922077,0.1401362048264711,0.14876082799074514,0.1610045624117916,0.16689885372054256,0.12043301521973614,0.12523050522298018,0.483145679943291,0.20739832113983772,0.24478948086436195,0.34942581833148795
miplib,pk1,0.22154068068718516,0.24016721621968007,0.15834767958397963,0.09192566355827658,0.43209291741647626,0.28126343833127837,0.22154068068718516,0.16156125660758566,0.24016721621968007,0.18018781057463318,0.15834767958397963,0.1535169427241639,0.09192566355827658,0.09192566355827658,0.27042339228370366,0.24016721621968007,0.34417635450496387,0.40242421036995835
miplib,neos5,0.000574398303009732,0.0009742918125061513,0.0013333554384558056,0.0030028790500769733,0.01005628163987762,0.011373888155296693,0.0005743983030094979,0.0005743983030094408,0.0009742918125061513,0.0009742918125061513,0.0012313398222071523,0.0012491329287810569,0.00241607258060469,0.0024338656871785947,0.0009742918125061513,0.0009742918125061513,0.010056281639877533,0.010056281639877563
miplib,neos-2746589-doon,1.0,1.0,1.0,1.0,1.0,1.0,1.0,1.0,1.0,1.0,1.0,1.0,1.0,1.0,1.0,1.0,1.0,1.0
miplib,swath3,0.03738983012367241,0.02220632433651157,0.04312881219720096,0.0756739228062495,0.15881057300726098,0.14630724189169073,0.0344576861686583,0.03576837057255274,0.022154787630959284,0.022104334513401498,0.03743131082540895,0.04115042130030568,0.07139576706866019,0.07517176645205376,0.02221039148910791,0.02222317903522162,0.1597809355481406,0.15881057300726098
miplib,dano3_3,0.3176385040694357,0.290642177095433,0.22273162481800482,0.4490175916171643,1.0,1.0,0.3176385040694357,0.3176385040694357,0.290642177095433,0.290642177095433,0.22273162481800482,0.22273162481800482,0.4490175916171643,0.4490175916171643,1.0,0.29067919221655425,0.540642177095154,0.7906342993820181
miplib,markshare2,0.9754338540101917,0.9756651488337323,0.9762093549309175,0.9737672257899148,0.9507673783556191,0.962900208044413,0.9504466045602302,0.9616322709715134,0.9496159306967928,0.9626620725306531,0.9501959804386398,0.9625851378431426,0.9497406916752832,0.9625631133418111,0.9586399948679158,0.9664601542649552,0.9507673783556191,0.9507673783556191
miplib,graphdraw-domain,0.08640649249226035,0.09249167540542427,0.07745332457242131,0.07070975473195058,0.11214066924427472,0.18561989784242236,0.07162454868009109,0.08547441950432463,0.0743360790221387,0.09061543359369173,0.06579957012838948,0.07387371403774097,0.05836321632129599,0.07004104429193593,0.12403917718870314,0.10648443032812496,0.10127293453031809,0.11102720374030707
miplib,assign1-5-8,0.0017396532554269505,0.0011665525588785042,0.006326162565591128,0.005069738693149732,0.011477052111099116,0.017764707802608058,0.0016285193838856257,0.0017396532553599843,0.0011665525588785038,0.001166552558835848,0.0022616010830764782,0.0033831785375546407,0.002041142747090992,0.003364887001295919,0.001166552558881595,0.001166552558881595,0.00895316821955568,0.011289616817687243
miplib,neos-911970,0.013834111651543645,0.011291934959929086,0.018479654990652485,0.04145894025237522,0.11324046363793888,0.15156156323424422,0.01317732475663408,0.013834111651543645,0.011291934959929086,0.011291934959929086,0.01796832019500698,0.017238891395838632,0.028619952884961657,0.02920899123161608,0.011291934959929086,0.011291934959929086,0.06975297162907658,0.10921141790290143
miplib,roll3000,0.06323256365842661,0.06250466974915882,0.1276353826461296,0.13513832138205123,0.14190171645381994,0.11143269494442878,0.037334087596209785,0.03642099752245318,0.036793992245247854,0.03587296130780277,0.06590848109447306,0.06646231294177025,0.06708050100026679,0.06795007427311878,0.06250466974915882,0.06250466974915882,0.10787554949567776,0.14024549315691648
miplib,radiationm40-10-02,1.0,1.0,0.6209337706797694,0.7012130127394608,0.10677476134439053,0.11727866569598874,0.10677476134439053,0.11727866569598874,0.10677476134439053,0.11727866569598874,0.09631817886630335,0.1057960021929652,0.09707435661783666,0.10655217994449849,0.35170206904882767,0.596629376753265,0.10677476134439053,0.10677476134439053
miplib,seymour,0.05644835087483871,0.05597475679151747,0.0329560766137346,0.033944958905358556,0.05639761316039303,0.02712177983259767,0.0321224191869294,0.02005426448184994,0.03196028669723768,0.02004467165738424,0.02636416243630309,0.021666454509054096,0.023675959921397916,0.018377718561250547,0.05659427026887001,0.05659427026887001,0.05572905303956641,0.05608986779866079
miplib,ns1116954,0.03853270604934854,0.042351363667209325,1.0,1.0,0.8156939682162677,1.0,0.03853270604934854,0.03853270604934854,0.042351363667209325,0.042351363667209325,0.8156939682162677,1.0,0.8156939682162677,1.0,0.042351363667209325,0.042351363667209325,0.2923513636672093,0.5423513636672094
miplib,seymour1,0.013653535195285884,0.013560552363333738,0.0193680759823756,0.012599063688027035,0.047077369113862705,0.046379873554594345,0.013653535195285884,0.013653535195285884,0.013560552363333738,0.013560552363333738,0.018190709436462213,0.01796027160457048,0.01179119016391408,0.01189850153522472,0.014847465184927827,0.015055410569027542,0.04887367914965214,0.04784252248168078
miplib,sing326,0.7167906366938567,0.7368883722924547,0.9258843931620541,1.0,0.9456623426029007,0.9799927956177347,0.7159143760321485,0.7160233388275389,0.7354771154449489,0.7355877533981435,0.8850051745938825,0.9133774512553032,0.9456623426029007,0.9799927956177347,0.808349558487606,0.7368883722924547,0.8251191875236353,0.914761259602322
miplib,neos8,0.037970346292939765,0.05087329226081841,0.0230647731278101,0.019398969889778333,0.0551474382725786,0.0420541941817265,0.018870709341736142,0.02011947428884287,0.02300106646689388,0.022865702271505476,0.014292727815618012,0.015541492762724742,0.013128687834532728,0.014377452781639459,0.05087329226081841,0.05087329226081841,0.06100323954597115,0.0551474382725786
miplib,neos-860300,0.09534326293805985,0.06195110859263396,0.15160808767527373,0.1798941607789703,0.12744277372556967,0.13957525438978857,0.06685422680526977,0.06473587633093746,0.04839601647100188,0.04755006921925605,0.09892708044861667,0.09459781127770976,0.11000375237013559,0.10727230535973134,0.061951108592633815,0.061951108592633954,0.13276053614484973,0.12744277372556967
miplib,supportcase22,1.0,1.0,1.0,1.0,1.0,1.0,1.0,1.0,1.0,1.0,1.0,1.0,1.0,1.0,1.0,1.0,1.0,1.0
miplib,dws008-01,0.9351664266715844,0.830724507360127,1.0,1.0,0.9309236958550287,1.0,0.9271835920415739,0.9351664266715844,0.830724507360127,0.830724507360127,0.9309236958550287,1.0,0.9309236958550287,1.0,1.0,1.0,0.955919175351741,1.0
miplib,ic97_potential,0.05025522421422888,0.04414107116649821,0.022530553512958722,0.016903752354575145,0.026809808908715562,0.04893939139379411,0.016997166340769664,0.02155773896238844,0.017106976145893966,0.021839469346067404,0.016827325301615223,0.022530553512958722,0.014262808050138782,0.016903752354575145,0.04659575801841077,0.04439132541306301,0.023730953929951178,0.025157827156142894
miplib,mas74,0.02863948412805166,0.023423912758204823,0.03912520348359509,0.019618505084394604,0.08415804384957422,0.08460716227462642,0.02845382173115757,0.02704436930474572,0.023423912758204823,0.023423912758204823,0.03605966350920052,0.032777916473684665,0.019618505084394604,0.019618505084394604,0.025250070850445616,0.023423912758998817,0.07645866071851322,0.0788667853349125
miplib,uccase12,0.10572424245765208,0.06676013892069574,0.5752697304293792,0.5007467414270556,0.9928580431012853,0.9925663557361339,0.10562782337731691,0.10564723996276104,0.06676013892069574,0.06676013892069574,0.5749461773377611,0.5748132203326021,0.5003623951686619,0.5002581189963372,0.07337152298669213,0.06676013892069574,0.3150146765398198,0.5630706193897422
miplib,neos-2978193-inde,0.017988925051482,0.019670057637079328,0.044004856285546186,0.04299922634246492,0.3207606397382511,0.617678544171151,0.017988925051482,0.017988925051482,0.019670057637079328,0.019670057637079328,0.044004856285546186,0.04400485628554597,0.04299922634246492,0.042999226342464704,0.019670057637079328,0.019670057637079328,0.26967005721832976,0.32076063973825064
miplib,CMS750_4,0.6565619683824513,0.6525921907394142,0.13532154352768608,0.6414402623595976,0.2500464400194518,0.31760981642959224,0.2407393720597985,0.3062961490784325,0.240713438875641,0.306270215894275,0.11413271822217617,0.12066434525655853,0.23891047185757905,0.3041744672943947,0.4103352728581518,0.5605034854777641,0.4241424152651157,0.4241424152651157
ml4co_item_placement,item_placement_67,0.33244020084331005,0.13284870601247006,0.16204558943543237,0.1734532392045364,0.4300477182972315,0.44157110716288284,0.27592020688995045,0.31663192907204113,0.11701780710918207,0.11833272454969662,0.15956255045554946,0.15957755526935025,0.15713548283992415,0.17108412621047348,0.1321565736577923,0.13284870601247006,0.28628878388419354,0.4511360651240357
ml4co_item_placement,item_placement_9912,0.2744328380619951,0.09573115452819415,0.3812219382071652,0.2501289098293243,0.4524539376246931,0.4608749663274498,0.2672494239200901,0.2694618365032545,0.0937544887674802,0.09422354099143906,0.3647824555379516,0.36613991199975043,0.24463670061156811,0.24838138504586965,0.1546256533828357,0.09573115452819415,0.2820411468791226,0.38406764384732367
ml4co_item_placement,item_placement_50,0.23542743449841738,0.1950686075804135,0.3586332234051453,0.3320331303545224,0.5481045825066382,0.5426930079403484,0.22254536139895656,0.22573487424547822,0.18316428533870685,0.1859980621990891,0.3585266559474165,0.34975473004507424,0.3320331303545224,0.331976921296114,0.23183889938393248,0.23183889938393248,0.34572322550602574,0.4686960869897028
ml4co_item_placement,item_placement_56,0.2596922349709229,0.4942913091181738,0.6069512287073267,0.4678880526297794,0.4577518880645685,0.45817733915128994,0.2370172742843155,0.2517817379648935,0.41009094900765863,0.4145183366988904,0.41069744651437284,0.4003922332204707,0.3877618171638419,0.3769537642438036,0.5809650764517407,0.5159726330882141,0.6001336432325911,0.5774579490870193
ml4co_item_placement,item_placement_51,0.2477109560059798,0.15161465763081816,0.24910395001715202,0.2452628940561941,0.40503574729179775,0.30494676880824395,0.2461505940935065,0.20528168493069673,0.15044884803902228,0.14072259900987308,0.23693854411831644,0.19808511382068122,0.2379851548661543,0.19260307988930775,0.19098300201933385,0.17634678954328803,0.3539787948712672,0.41781238119948305
ml4co_item_placement,item_placement_19,0.1551076371651686,0.10147511164276747,0.27175340104452345,0.206566880540457,0.30607165560900323,0.22439872905527178,0.1484580822068071,0.12116735451324807,0.09509031122455713,0.09148068864653934,0.21513935462255068,0.15947992843059383,0.20313603157142224,0.1610615606411367,0.1938057382978706,0.10147511164276747,0.26123563577009795,0.30245578834257897
ml4co_item_placement,item_placement_61,0.3464930304948567,0.2674545145801004,0.6153999337560413,0.36113130277006195,0.46448550469280314,0.3865860458489282,0.3187674218697174,0.2889263799463929,0.26671167411515545,0.2665971989435099,0.4506102412378998,0.37525677580209443,0.3591318102074215,0.3139092417816397,0.29736494081178155,0.296603880576316,0.41844056800596063,0.4535436508061655
ml4co_item_placement,item_placement_20,0.2775863601393042,0.16163890892087165,0.3142463806171067,0.27293490700029976,0.58050551911922,0.3344999765182332,0.26944480524033065,0.2519584335088571,0.1581443940500188,0.15747855473363623,0.3142463806171067,0.29174488393557757,0.27212842789289,0.2530413841952203,0.35393523907233765,0.16163890892087165,0.3451247955562753,0.49950153444821166
ml4co_item_placement,item_placement_9906,0.22965805061591865,0.2556067549284645,0.1809853244818282,0.37931001162389044,0.4617471436747091,0.39194612978252064,0.22628391517217758,0.22495191457148006,0.25196410075453357,0.24724913812785207,0.18081364725183321,0.18066961540524334,0.36064657332851335,0.32166588177474453,0.3838304242856948,0.29973916410280393,0.4245232058487933,0.44732499046886004
ml4co_item_placement,item_placement_65,0.1835205260748373,0.1778648430265742,0.3134732722674182,0.1648111205977297,0.35884897084473344,0.41977541581747074,0.16017547701332283,0.17534056064080636,0.13778691194640916,0.16968421383620874,0.19692547244662534,0.23629181118575474,0.1417564643954391,0.1648111205977297,0.17691266767659386,0.18909889654061685,0.3242023362821567,0.4017192409054379
ml4co_item_placement,item_placement_2,0.26592664887315975,0.11657567758130785,0.3374150131219352,0.3111103985529043,0.380777242233347,0.3884370175672464,0.2511888775711405,0.2504063348786912,0.10943692083517435,0.11124788172998283,0.30824342191820014,0.30968865474792107,0.3000032425730334,0.2964165361302919,0.1434401866176917,0.12077013496033176,0.26407195092430186,0.3242337425134366
ml4co_item_placement,item_placement_54,0.07510279091931647,0.16283570522657795,0.38180788012618205,0.3095475664564919,0.3742579181581647,0.41098646130386807,0.07416554937143262,0.07406625193696197,0.16283570522657795,0.16283570522657795,0.30969866602987073,0.3587663668906412,0.3092420384329084,0.3094211046108393,0.16283570522657795,0.16283570522657795,0.32544774175003227,0.3491535627492718
ml4co_item_placement,item_placement_35,0.21880404135618192,0.13408054341408498,0.4715675694865028,0.2880921687426651,0.46638442412229203,0.4711810154565313,0.21783421774108,0.2177389487737348,0.1337013399507029,0.13346882204443164,0.3952009024923068,0.4131568340569394,0.2875637607392043,0.28732965005487116,0.25525116353474375,0.17551956270041214,0.317373718667524,0.4437182956804336
ml4co_item_placement,item_placement_9924,0.27958612410391576,0.13000241883187363,0.17774574480592933,0.18470900362514525,0.5520069516765248,0.5071077560002891,0.2723966353586776,0.27217005801209504,0.12384026922509808,0.12339905608839757,0.17606879259896704,0.1760817579936183,0.18380503782618354,0.1827163213149391,0.2837741746088492,0.13000241883187363,0.2946971202537733,0.4644395620502337
ml4co_item_placement,item_placement_9902,0.2674992416168501,0.1504646163846752,0.13597794202501612,0.2133514009564003,0.2565569411630709,0.29950137181087844,0.18754133678655666,0.2266559472578651,0.10951739808001845,0.1338594199517585,0.08273964873464866,0.12970315786261213,0.1294182283502348,0.17543713127494526,0.15989995986267289,0.1901663936210876,0.3231353740688231,0.2565569411630709
ml4co_item_placement,item_placement_74,0.2186159059919244,0.2422567615456147,0.12540070299204226,0.21254277796784599,0.48830113356202476,0.42133415615323444,0.2057278256856824,0.2071105493783141,0.2338265320648494,0.23520925575748106,0.12540070299204226,0.12540070299204226,0.21157797227028838,0.2123849421842086,0.29939696326717974,0.2678737385677424,0.39843328221890967,0.4837972409117113
ml4co_item_placement,item_placement_62,0.37770241191304604,0.1516849764736653,0.25325526919882996,0.38139595124232467,0.40555182870972734,0.36540532838685674,0.2911356375330621,0.26238416780332807,0.15136498598472073,0.14925483595295364,0.23661349170010917,0.22734468587237472,0.3529398528785405,0.3252683001899755,0.2662276182941587,0.17397385093894407,0.32035810056379765,0.38757372988983957
ml4co_item_placement,item_placement_9908,0.28419815854648317,0.2386672096502731,0.4509314539602769,0.26082958578760296,0.42364751547431,0.3240529070707033,0.27446917771993573,0.21476299108785954,0.232992241871302,0.1941517142210242,0.3531879120215,0.2639242792200023,0.2606202821326234,0.2303218973737799,0.28550667169133104,0.24859628674570214,0.39888165907625145,0.44818667566561465
ml4co_item_placement,item_placement_9905,0.16054600478233588,0.15429226757156392,0.10046624598636011,0.2677264001929853,0.5572604078117072,0.5666861662045065,0.15697402386730203,0.15693772742512307,0.15136053454133155,0.1513242380991526,0.09960057496986868,0.09958798925081644,0.2658747600575678,0.26610429852269296,0.27890775113680716,0.1656783523880338,0.35085571063997917,0.5105788759374689
ml4co_item_placement,item_placement_69,0.2093494827257075,0.1284155617627927,0.3317121535092904,0.24867971233069092,0.39730442648038167,0.3736260161924312,0.20870034598227186,0.20866306104723395,0.1281794197567259,0.1277737913824062,0.2787646661259464,0.26370137716879366,0.24673599249793313,0.23354372468370185,0.22822464105489015,0.19103938538533718,0.3142176611173387,0.4028268846126519
ml4co_item_placement,item_placement_9910,0.2644987828114675,0.1204048798210567,0.28892322259445885,0.10171825480293001,0.3629654061402257,0.25072111874994113,0.243334888903564,0.17144620723267326,0.11932829987600159,0.11525218967869572,0.27915900740845534,0.22351816040205438,0.10171675588687763,0.1016858027156792,0.1618121348696749,0.1618121348696749,0.27966890404926564,0.3549855804768825
ml4co_item_placement,item_placement_63,0.3337888309709092,0.32109826053009727,0.3655373796195734,0.26220570854302333,0.36192829056914,0.6111108141869083,0.3168068758765064,0.33237333664903884,0.28342721359876427,0.3195572165232422,0.2858572419514936,0.3655373796195734,0.2399407780710558,0.26220570854302333,0.3410604729698573,0.3733698503750666,0.43477752589256013,0.39022907332965595
ml4co_item_placement,item_placement_34,0.2100226422901695,0.243909167045361,0.41319501728882846,0.45700896354260323,0.6560729528519605,0.5308124902042163,0.20977049462066635,0.2100226422901695,0.24365184699517686,0.243909167045361,0.41319321510688733,0.4109235233218068,0.45691027090286457,0.42982859428034,0.29698982314564637,0.2603575214408829,0.40726562880156486,0.5341693972095328
ml4co_item_placement,item_placement_9914,0.12498515781772859,0.11862371081014635,0.31147270966108315,0.12814696735642236,0.3425647071770188,0.27493719060377975,0.12360002723961286,0.11942407785638738,0.11706973153082346,0.11089329537406159,0.2550465291744429,0.19945157456447962,0.1269657085236489,0.12257733550541451,0.17690397552489842,0.1570368109971702,0.2952881464513182,0.352877563267375
ml4co_item_placement,item_placement_9920,0.17595994832641088,0.08658745223950673,0.19501107598985712,0.2586196871157808,0.22869205293562095,0.2111869143038924,0.15062522387147043,0.13886565045316185,0.08466259952402529,0.08401748533193562,0.15316440298342357,0.13911456519566479,0.15784314351805184,0.14113339863106303,0.15116911379899495,0.09245401934917336,0.2354691763809339,0.2414623631350472
ml4co_item_placement,item_placement_9919,0.20769776057046027,0.20808207759461947,0.3811780673118598,0.30186775300325197,0.4451893313246587,0.45618450552057155,0.20237326588552879,0.20348041886802876,0.20618301054389654,0.2072901635263965,0.34743239981703855,0.34790771247007574,0.29437932424358687,0.3002098152916467,0.2698969427828429,0.24428602483388176,0.37087076897080873,0.43131230952300437
ml4co_item_placement,item_placement_73,0.2828253096955749,0.1370086112085194,0.5299634902707938,0.22898587407625987,0.5894682274025296,0.5451854928197499,0.2812059944321177,0.28120615246807473,0.13644102292091537,0.13644118095687244,0.5128118128516641,0.490794051165165,0.22898587407625987,0.22898587407625987,0.18781916936539572,0.18781916936539572,0.33242717855604037,0.4801151579652473
ml4co_item_placement,item_placement_9916,0.13787114547042417,0.17032130469605952,0.14137739480193187,0.12154219769880964,0.3875337012362097,0.2872901840053002,0.12717263312198474,0.12579608856013597,0.14626833503353492,0.14489179047168618,0.14137739480193187,0.13338852531044146,0.12154219769880964,0.11637672582600153,0.22450160822143903,0.17108420907379948,0.30033267092417515,0.33981238205171793
ml4co_item_placement,item_placement_22,0.2605081945243685,0.20754727535477754,0.3461917931360331,0.2676736831198465,0.4330981775353565,0.38857435972660676,0.24547015319725565,0.24423251233898743,0.20634540152958547,0.20653905177773524,0.32479737283045296,0.34030307053429076,0.26595176019203143,0.26696554827280816,0.28183846335978974,0.21112744410904818,0.36705770355025596,0.42354719231938487
ml4co_item_placement,item_placement_27,0.3241389288757823,0.33085671258245164,0.5131274758331686,0.3325515676507196,0.5795257092262361,0.4570433401978559,0.3206663154119907,0.3061052826215174,0.32966945309269335,0.3284296201055141,0.5083414894337592,0.4223706381573721,0.32567422693287656,0.3259209803316329,0.3337871351455165,0.3337871351455165,0.4448548664184505,0.5151567254250895
ml4co_item_placement,item_placement_0,0.3775200347805674,0.38007738630482213,0.5659375779871229,0.43615892701736136,0.6191662479429062,0.6105301684271389,0.3710001338068,0.3708122909135205,0.3796012348475364,0.37431491045824694,0.5088431848199707,0.5014586562641858,0.43599765440213123,0.4270722837809001,0.38007738630482213,0.38007738630482213,0.5079148144181296,0.584884423589482
ml4co_item_placement,item_placement_9901,0.24726090333044945,0.17729624749766074,0.2607865724232695,0.13992615560448735,0.4847086050655745,0.3426292503732211,0.2413644736268407,0.221068279496753,0.1754251218141623,0.1762427294162985,0.260113686849945,0.23377504058470233,0.13809901422072557,0.13922102349472082,0.2230283085098688,0.19443885284330928,0.35459119498898295,0.4366336261690152
ml4co_item_placement,item_placement_26,0.22329541017852844,0.26689690098005764,0.2936891636116084,0.2628453493615837,0.3704200251776076,0.28056746005667654,0.18870566398751845,0.19390200241021366,0.23256870693827034,0.23687271529367235,0.28079894468045724,0.23355919423433796,0.2593132291667481,0.23806492188921535,0.2858919111422093,0.2858919111422093,0.33565839058860025,0.36118669432097605
ml4co_item_placement,item_placement_43,0.3438826255864742,0.21020683621233777,0.4377430233153291,0.13351217243676983,0.506302158998262,0.4736740201160901,0.3438826255864742,0.3348623280143646,0.21020683621233777,0.21020683621233777,0.40158456949454396,0.34559744082092775,0.13350608938175731,0.13343023575627608,0.45634806031524994,0.2466346001338789,0.39894187258492964,0.47993381631523296
ml4co_item_placement,item_placement_59,0.20308677783546647,0.13948305071130518,0.15381997722613078,0.10677114794756361,0.33055035973851143,0.22726804734620756,0.18555912896905288,0.16967004265025068,0.12517048079221185,0.11982622605928528,0.14477541102780828,0.12667670678351906,0.1026791251761594,0.09109860829986002,0.14300368392140536,0.14300368392140536,0.23948391126470892,0.30474296735905265
ml4co_item_placement,item_placement_21,0.2617328271282472,0.22141552109450907,0.29710769431272926,0.17670398451115113,0.5120396806169292,0.435410471302052,0.2524056702318291,0.2493907602344802,0.21596721584152873,0.21843432900617601,0.2733641433041361,0.25945464466449725,0.17609797636761926,0.17670398451115113,0.26323369511815026,0.2307229309257665,0.3839032187660621,0.5446378521577299
ml4co_item_placement,item_placement_31,0.40053131357589966,0.2636200999098567,0.42201654252103515,0.4879468861612484,0.5855107150263404,0.5107953653762951,0.39291268190687106,0.3735558083523669,0.26232573588671887,0.2609964573115313,0.4216315992620778,0.4160398545136753,0.48145742847144035,0.4333930188618783,0.29168546187850725,0.29168546187850725,0.42118927533946926,0.5135531932393784
ml4co_item_placement,item_placement_60,0.14514915326658379,0.49013105716624217,0.5252171061001029,0.38293790359833413,0.5163954343292066,0.598487589225293,0.14276630785045266,0.1427837840523109,0.4294788994284906,0.4834474263219838,0.4633523014457934,0.5183300076027278,0.377277683626495,0.38204888816828103,0.4647107017488651,0.48311386158192876,0.559904151932461,0.5321250959854932
ml4co_item_placement,item_placement_18,0.4574359369887278,0.1984992865056356,0.5399025968565421,0.34278552496974524,0.6325940544821831,0.5368236786136674,0.4545604903318426,0.44696075511476274,0.19731772288402225,0.19808988691843096,0.5288540920081369,0.5186443666717896,0.34092698093250284,0.3412127482750534,0.2669553853619286,0.2669553853619286,0.40327544295655127,0.5415279675845859
ml4co_item_placement,item_placement_23,0.3452159254901111,0.15314084415427986,0.35090675012126726,0.18124463167712287,0.39704739096856867,0.34185187247417204,0.3056886330650052,0.2800949265320194,0.13809603468963774,0.14425119351107524,0.30511369391514,0.25473169397078194,0.1696096224062807,0.17971683253941725,0.18548072915190775,0.15314084415427986,0.28108415281175564,0.3570005113900097
ml4co_item_placement,item_placement_9913,0.1301641995153544,0.24596217264133072,0.3921853040320595,0.11145322415417576,0.3784820829235761,0.32703883397290334,0.12526251570091992,0.12511605302953313,0.23582149809620354,0.23622062066671407,0.3115010460029248,0.27736176154939746,0.11108872020971315,0.11094809180567612,0.2615663163925773,0.2615663163925773,0.3592714748362758,0.3689698513777461
ml4co_item_placement,item_placement_36,0.3171338647903101,0.28201800084709666,0.5854111932939675,0.3062687112787647,0.5690313259290151,0.5988975270241801,0.3098672676313061,0.3108226515572666,0.2666478092849492,0.2702026254158248,0.4869667350771339,0.5392279983461713,0.30606745357755066,0.3058757894047854,0.5098680121677922,0.28201800084709666,0.4517066073709098,0.5348608892107181
ml4co_item_placement,item_placement_9917,0.26078361359521823,0.1368294118694023,0.3927822321924943,0.2905985817669078,0.4338220203083016,0.41587570467487345,0.25297052344187304,0.24802193727490662,0.13311001491763166,0.1340881581643106,0.3836913035125061,0.35039807354230523,0.29058559196660044,0.2905985817669078,0.17619567626590094,0.17619567626590094,0.3183941142322783,0.3655311302637903
ml4co_item_placement,item_placement_30,0.2800708002730267,0.31052841447140916,0.5642266433114015,0.4158164794577501,0.6359872719377495,0.6222421663775235,0.2795570570385913,0.27951408238593695,0.31013200141090563,0.3100701873476865,0.5525787535104477,0.5595406466324027,0.4156047714079341,0.41555526212782906,0.4595006957655853,0.34777415248703536,0.44940208498885714,0.5511453031221895
ml4co_item_placement,item_placement_25,0.1632005234195642,0.10890127001227044,0.3325784197639518,0.31399956189141526,0.4314229548990316,0.24265355821954068,0.1558627456296146,0.14459010052001062,0.10710707278697146,0.10142902545399285,0.3282235778487174,0.21974658268393357,0.31167719080896567,0.2202847338691257,0.10890127001227044,0.10890127001227044,0.25045215379287206,0.35334242701817226
ml4co_item_placement,item_placement_8,0.22055746751231306,0.2071311401436517,0.382474322821404,0.46639737468022857,0.5100984249278898,0.5037981182015728,0.22035476225161213,0.22030061111362736,0.20678136123189547,0.20672563478011613,0.38245668764341645,0.3822592351612775,0.458027693634075,0.4577816852923202,0.22435036844486647,0.22435036844486647,0.35663792570751673,0.430465203722939
ml4co_item_placement,item_placement_58,0.3852011230013482,0.14375081494815553,0.4645863665636219,0.41166219491253203,0.483913077214468,0.495663918245518,0.36689098611497234,0.37118641571912997,0.1375379388863977,0.13724781231093278,0.440349423272475,0.4416877090618401,0.405044964832139,0.4054906705291746,0.19761345499348296,0.18743984567732752,0.3021619811992072,0.4034317752509187
ml4co_item_placement,item_placement_9,0.29992361018323355,0.21230993295783218,0.43464864951319443,0.31328575167804973,0.5833548567418144,0.4921933933796335,0.29836462878669195,0.2983833161805853,0.20986185441031177,0.20988054180420512,0.4344073229575875,0.42699395190399725,0.3132603051472696,0.31210192684809535,0.26387731285111077,0.26387731285111077,0.3922088778759279,0.4829694577207206
ml4co_item_placement,item_placement_72,0.2727260112112659,0.19281054343316437,0.40965439401811915,0.4342333890906882,0.28158338203456845,0.28516730824139563,0.2149437832854517,0.2251880849420912,0.15966903098653,0.1826328820495344,0.2356065606176575,0.24059215767976624,0.25116200364019803,0.24552634920672375,0.23814587532308584,0.20195568345669235,0.33328233640314053,0.3312241412475147
ml4co_item_placement,item_placement_47,0.29112762024834915,0.21882516739672647,0.4788369054301155,0.08007765834865732,0.46942862207631947,0.5568614138000577,0.2891162624722124,0.28911195002160556,0.18254347136379245,0.21846527389197673,0.29345765047622113,0.37847097901480947,0.07978302432813626,0.07977836862376349,0.2118942121255723,0.23259896486257514,0.3924993317905663,0.5508633628481178
ml4co_item_placement,item_placement_9907,0.44151067730251575,0.32632576526598783,0.4453139671170373,0.5778163264514855,0.5269245040761174,0.4639744690103104,0.43660604449649193,0.4174537240920724,0.32336575568283654,0.3074363478119919,0.437891719150369,0.4250541496848993,0.4947634058762553,0.42897921233939257,0.5137076003358445,0.4363360874156096,0.5098432399122274,0.5650382150405238
ml4co_item_placement,item_placement_68,0.2499159045784925,0.40050393814347746,0.4833752315868843,0.3108935625956152,0.5183635231833388,0.5123365658790657,0.23754415889228145,0.23576900946177035,0.37562754117650904,0.3634033713073886,0.3990904523657056,0.40671417775189755,0.2950722730926846,0.3108935625956152,0.4392061235516433,0.44367578097568217,0.5228142183999254,0.5736719521882471
ml4co_item_placement,item_placement_24,0.06536094678707481,0.084444521631889,0.5488561039156674,0.29775172446575876,0.4926788510321228,0.5447581420410981,0.0651530414103418,0.06492176773101838,0.08427640318152094,0.08404512950219753,0.46000433724299944,0.5185383263731872,0.29775172446575876,0.29775172446575876,0.084444521631889,0.084444521631889,0.2601745177430355,0.37658958628814376
ml4co_item_placement,item_placement_12,0.1778783688032868,0.19353135859515327,0.30641567569035205,0.35914547803134605,0.5522403937725086,0.33420739434239655,0.17649746435457567,0.1529005450950378,0.1922723023395087,0.18053947208181229,0.30641567569035205,0.22485887269327146,0.3589932576758381,0.2700827541108344,0.2210663065664759,0.2210663065664759,0.3867005128036446,0.4630903057106046
ml4co_item_placement,item_placement_66,0.2524480344158719,0.24592479384292185,0.43371596748484065,0.3295258198793326,0.45647252549490164,0.4315056059285917,0.24504914463859775,0.23427328563969893,0.24449484779454492,0.24420329408057037,0.38746696195284164,0.3791751177170466,0.3290558227098947,0.31658656016432424,0.24701630516031028,0.2462221628911781,0.3636790360278764,0.4097628118929488
ml4co_item_placement,item_placement_3,0.23151791792554205,0.1944600353416682,0.45551058245589177,0.29358588882111564,0.5434168932550403,0.5090387776426163,0.23126890887433507,0.23130290301927395,0.19429928400370483,0.19433327814864368,0.4145332843388573,0.43062630445061656,0.29308978323757595,0.29345743057379164,0.2803773884197867,0.19783117573613135,0.38604316246145315,0.5098850677475076
ml4co_item_placement,item_placement_9900,0.2588469508188184,0.22719410846256016,0.3939239075128041,0.25595743735518617,0.3750246200671748,0.4571777014133754,0.23754573188643563,0.23855017290200742,0.1893817597495903,0.20667617864254545,0.2500390890869007,0.3266432851074945,0.18245690538320986,0.2555755614078909,0.24115196921261725,0.2589752826325683,0.37695973689648415,0.39586951360351247
ml4co_item_placement,item_placement_5,0.3053184360508261,0.20851937486586836,0.2864451331158094,0.1501855046234794,0.4128046399040769,0.5246665880628183,0.2878827742063851,0.30366552209662667,0.20445321396250826,0.20851937486586836,0.2860981515378611,0.2864451331158094,0.14950977329709675,0.1501855046234794,0.3004232202936593,0.20851937486586836,0.33064035116634394,0.3963255243714564
ml4co_item_placement,item_placement_9909,0.2486918298190469,0.15404957090696,0.19106496749681706,0.4518307878599375,0.45314153332503093,0.45958930234149276,0.2486918298190469,0.24528065628611911,0.1508954602078997,0.1452413050589598,0.18590810030923416,0.18041439553728778,0.3800753430962696,0.3918244688711672,0.3232357338961862,0.18249962252410734,0.33712349406349706,0.41839243762448486
ml4co_item_placement,item_placement_39,0.287494556608456,0.12250179221826961,0.40644467520531297,0.16002178659384367,0.5995778323079063,0.45679373380600113,0.27983902426726354,0.2614559001936507,0.11616046119566993,0.11352791281729614,0.39711150090925584,0.2917622423045147,0.159319781583309,0.15929932492785687,0.16186756520345405,0.12250179221826961,0.3251521900103967,0.533321164304649
ml4co_item_placement,item_placement_71,0.14986481637182317,0.18692940782312562,0.2938997972733945,0.3409255378473762,0.47002348596481247,0.4359577585295558,0.14790267182568764,0.14772111303894836,0.18505240745386967,0.18490639282644772,0.2919466979407404,0.2833577920757081,0.3400226992787024,0.32689847000464956,0.18692940782312562,0.18692940782312562,0.34202401811253585,0.448154676353343
ml4co_item_placement,item_placement_9915,0.30841325184313884,0.22432687796607473,0.36246668823353806,0.2935385246548511,0.2934952556185601,0.24297949079635225,0.19732235355898392,0.15010492376596585,0.199590606185573,0.15306851648803196,0.22171206704469718,0.17610768736003493,0.21193155684325346,0.170978936016886,0.25721991799008087,0.23884696326418237,0.3734305446306963,0.30602787609303217
ml4co_item_placement,item_placement_28,0.12470558325917608,0.23383142731916912,0.4769651409501284,0.16265014241105913,0.50593466153481,0.3224807770054768,0.1225115206726502,0.12029241876587969,0.22878469955891895,0.2242953949841434,0.46626541455889786,0.3204442258307656,0.16229103034252196,0.16154470153245123,0.3674837371567156,0.24399852060283506,0.37544436076741267,0.46251800422275463
ml4co_item_placement,item_placement_57,0.24357587938065478,0.24370132561562405,0.532672898898877,0.29419918276952195,0.42498007089242834,0.441878314537834,0.2424994675005764,0.2406459267362269,0.24285045421666782,0.2432502683390944,0.40588370018477543,0.4046149161323379,0.2866657107685864,0.2828613092699441,0.34552422959878004,0.2703410634348247,0.37841885551717597,0.4316237465249178
ml4co_item_placement,item_placement_14,0.24798416125541972,0.18674793963221956,0.17226720705604828,0.17857187988531092,0.38443040982035803,0.26741973550575876,0.24672048434123753,0.20681153529121418,0.186602066964503,0.15754093772657932,0.17215851071362226,0.17207934667870362,0.17857187988531092,0.16226456860381114,0.367649678231756,0.220338407431333,0.34890500696299465,0.40328660536196037
ml4co_item_placement,item_placement_42,0.44699913341856873,0.1329310681363597,0.2005023460150513,0.3092559920382335,0.28198225402356314,0.30916296413671773,0.25169818001275546,0.24994856030719195,0.1283033336246727,0.12451932469403136,0.19934960114473485,0.18239463017956892,0.2303661875210974,0.22392977615829326,0.1329310681363597,0.1329310681363597,0.23831712490379414,0.25861055366377594
ml4co_item_placement,item_placement_52,0.29774329471071975,0.2543461988684394,0.46259655039884234,0.2888180747063229,0.39472582823643376,0.4712591450116512,0.28698341084297035,0.29448635916916094,0.2374184017483257,0.24866979844801945,0.33738643912963473,0.3828248592181382,0.25352160961695336,0.2834822444169172,0.27409361483196554,0.29152667879021293,0.37793354128255063,0.4259899992679182
ml4co_item_placement,item_placement_9904,0.23467410197434646,0.0689410606545553,0.3557936597556493,0.32467240061306707,0.5275907695155044,0.442866629876918,0.23155968355262463,0.23407798114844272,0.06805316808553699,0.06887461967960545,0.3557824726533665,0.3527082453027058,0.32375059712842674,0.316386340912207,0.11461049704837745,0.0689410606545553,0.2696526484399949,0.4176683568743424
ml4co_item_placement,item_placement_37,0.3347218233882689,0.13422472970784904,0.3537216310988851,0.25656731112568465,0.5908618587170344,0.41032346976570083,0.3341345109467154,0.3071480724746083,0.13394365782700082,0.12609720392732013,0.3537216310988851,0.32826006480712117,0.2562730110968277,0.25610485408883754,0.23452306856579994,0.13422472970784904,0.3459274650855328,0.46825284596410094
ml4co_item_placement,item_placement_11,0.12066912653816722,0.12988152669427241,0.30982345424523694,0.27945019311083513,0.35570657876928674,0.2755822766103462,0.1127875882742935,0.11112387725723491,0.12046756076752292,0.11866027099169299,0.24348225277746557,0.19273061325530916,0.24299601829307785,0.19481564433198176,0.2208245328015076,0.12988152669427241,0.3153643546071764,0.35026744498865275
ml4co_item_placement,item_placement_9922,0.2702944521523533,0.14062886986224055,0.2128481287648635,0.13167423765949396,0.19471157330581548,0.1881268647755276,0.1755355495735824,0.14498289567664543,0.12460678064299406,0.11593031700423635,0.14881228361797233,0.11425023028207507,0.11860696533153693,0.09446326707000864,0.22341018345088368,0.14689678611763365,0.21458748194789337,0.1934494097671629
ml4co_item_placement,item_placement_46,0.31937311733441176,0.17388261450016004,0.47571953881808443,0.46906593506699273,0.6427821007485218,0.5639022629603675,0.31664727740777876,0.31571414382404134,0.1728137423855988,0.17279675416397813,0.47571094657816315,0.47040914093562036,0.4689402896146018,0.4579479649966781,0.35633823546271126,0.17388261450016004,0.3958224338088108,0.5565722743513117
ml4co_item_placement,item_placement_41,0.22141555902037835,0.17820942517408592,0.4819110474033941,0.17683637398680735,0.5485711706892241,0.5850639176472243,0.22094986138053477,0.22119893983565383,0.1777437805635211,0.177992833073441,0.4353063255540207,0.45134876257760204,0.17682592818019377,0.17683637398680735,0.24467352143068008,0.22820881911475344,0.3440729957867159,0.5016001197034285
ml4co_item_placement,item_placement_55,0.42011527489931133,0.3326430364879106,0.3358352396422878,0.2568910163319922,0.5310713061178672,0.5150195865841893,0.39563496384556446,0.36567869611733245,0.3286063793772603,0.3062978696793899,0.32886680175118754,0.2838221606569149,0.25470145715746745,0.22998892765111031,0.37638433188255305,0.38260289687388666,0.5041068210511045,0.5553172495868982
ml4co_item_placement,item_placement_1,0.1812166306153999,0.08611552376839247,0.06776433578685162,0.0804064022507279,0.30383675791056614,0.2640282214168526,0.162226550717078,0.15584628412399212,0.08583001001300532,0.08580580529483996,0.06750210398048016,0.06776433578685162,0.0800257333049575,0.07774745263416602,0.09728511376847143,0.09728511376847143,0.22015289098213586,0.297222391508517
ml4co_item_placement,item_placement_9918,0.20580574091225076,0.15398029267983357,0.4093164185026946,0.47521779173347206,0.3212794301378175,0.40304476143881096,0.19125402002881606,0.19082639338280086,0.14759973538705956,0.14580287742256373,0.2662574622903425,0.32033116664990097,0.2959090047226816,0.3589008199063784,0.23652449705967238,0.15398029267983357,0.3037712488860468,0.3158334396988735
ml4co_item_placement,item_placement_49,0.30706511622821525,0.22865034182962496,0.5226843232832812,0.47739194917996636,0.5512767150243298,0.6412027022630211,0.29953027841949453,0.2910956106963558,0.221027064281244,0.21253014088829872,0.4432781559754554,0.5049446120861886,0.4253378804226406,0.47511903352598694,0.3757776115881837,0.22865034182962496,0.41477624307431665,0.536042057597791
ml4co_item_placement,item_placement_64,0.28307440949963014,0.14406218754528172,0.32746183932566025,0.3829156225706962,0.44232512319068934,0.44456666068230266,0.26666106367331716,0.2697326461689942,0.13943634808008726,0.13950853511117875,0.3267814067012677,0.327156749692476,0.37881450944479506,0.3599005935556312,0.21286341482090113,0.15525896683608872,0.29108749263128797,0.38424859292989727
ml4co_item_placement,item_placement_16,0.18285067756476175,0.12359349599160815,0.20240605922253074,0.1824773183212202,0.4883140711278147,0.36606060424642894,0.181593404482124,0.17483559149023442,0.12221047581915458,0.12156597035742966,0.20163654145400764,0.2002834983404213,0.1824773183212202,0.1824773183212202,0.21630278493415517,0.12385845611482559,0.316121842992474,0.4189714629129907
ml4co_item_placement,item_placement_45,0.2068798331722624,0.26990302441498615,0.23907475775172904,0.3335077708044561,0.5708084570211123,0.5336721923697073,0.20561255340048695,0.20560203396385618,0.2678847386423589,0.2678123966778795,0.23907475775172904,0.23907475775172904,0.3335077708044561,0.3335077708044561,0.3030353856355786,0.2873721753681729,0.42058176711229367,0.510241459842683
ml4co_item_placement,item_placement_48,0.1832467919994998,0.03941465108511348,0.589116553389558,0.31912686527216394,0.5515005812580515,0.5970439101371524,0.1832467919994998,0.1832467919994998,0.03941465108511348,0.03941465108511348,0.5315028158877279,0.5510075973603993,0.31912686527216394,0.31912686527216394,0.03941465108511348,0.03941465108511348,0.20966705479714937,0.3532420093092802
ml4co_item_placement,item_placement_4,0.3614948089138395,0.38726682363054465,0.47569970394149663,0.26182314194744427,0.2712413542557256,0.5204477364940426,0.23357586502711733,0.35075349298535113,0.22959253605154176,0.37666838746181486,0.23767537820105045,0.4432009213897221,0.16479120388373242,0.26182314194744427,0.34542288611639776,0.37981540319740953,0.4627922698282464,0.28594975464991296
ml4co_item_placement,item_placement_40,0.29388040709390756,0.48451123636067234,0.5952806085833745,0.5089339026559574,0.6644270509111457,0.6478193042854765,0.2931256416493989,0.293486853555609,0.48376646924387284,0.48412768115008303,0.5849621308629568,0.5798870347583801,0.506996887003759,0.5083900293425452,0.5029312148047016,0.49832283138245675,0.5898305637595556,0.6404400052333821
ml4co_item_placement,item_placement_10,0.29864183088864993,0.2023466371077807,0.39083659538354437,0.36163912303957935,0.5296120296542416,0.45749611957593667,0.2981707101094726,0.2949388071802499,0.20194450641740602,0.20220020727293922,0.390681478141047,0.3470637011773488,0.3613863983603505,0.3387668521963248,0.3347027544070208,0.29376490619643686,0.40689696943607956,0.5041333036887592
ml4co_item_placement,item_placement_44,0.3649612306415601,0.2846729222168244,0.22833830473634043,0.11145663855995513,0.5148333482216058,0.5462978149637041,0.35606010676219785,0.35667326506680636,0.2759885632430446,0.276591519516639,0.22823610686469525,0.22823600243813194,0.11145663855995513,0.11145663855995513,0.4329547027746322,0.34418932170965527,0.44636865996988084,0.4991091186932615
ml4co_item_placement,item_placement_9921,0.2353477938023292,0.17114232123405623,0.4410358136388798,0.3495599589013865,0.39810025938527993,0.3592946453066165,0.22288065896200962,0.2095928641207538,0.15950286581868756,0.14281009724717406,0.3697458221983439,0.32871284088514297,0.3023855596847674,0.24638081192128058,0.17114232123405623,0.17114232123405623,0.3157531121137623,0.3501036073504894
ml4co_item_placement,item_placement_9923,0.2962367972272075,0.3278651114295832,0.39237019349331953,0.19380386667209087,0.5438580139028159,0.4587122194178027,0.28408185471969793,0.28693499739519507,0.31943972283363375,0.30731627746214596,0.39147173870419344,0.3721747971976701,0.19265830385246727,0.19273828264215984,0.4120492835281197,0.3658757217701047,0.47144305519801943,0.521658204447869
ml4co_item_placement,item_placement_33,0.25066396960629095,0.18608649606664626,0.36299878568522437,0.3162861137189149,0.5359558432448803,0.4264745339891238,0.24976362180066375,0.24912152014827063,0.18596836475923315,0.1858344001857833,0.36299878568522437,0.35188020649031276,0.3162861137189149,0.3162129505371803,0.3497052827866824,0.22354141680695946,0.373611625703584,0.47661922895712616
ml4co_item_placement,item_placement_7,0.38266765448778095,0.29844801578158436,0.3906305154034417,0.41589984334476404,0.4438642537296344,0.6085244416309109,0.35874431455714684,0.3712962060337322,0.28957234374558355,0.2894840492848022,0.32135808022641404,0.3905197610713048,0.34161835863545004,0.4151377375328312,0.45680595369750043,0.4495191348371286,0.49345218560031445,0.5673828386911902
ml4co_item_placement,item_placement_38,0.25895357864593727,0.18276958400630777,0.4877013184020395,0.23732892210388798,0.5503078968214635,0.409873119129659,0.2527891312553791,0.2516554085652134,0.17678022263968712,0.17622689642724593,0.42006686715540603,0.3436035107209559,0.23712060457450243,0.2366370882653327,0.339995275156295,0.2848701306492517,0.37163343120532666,0.5370603984307218
ml4co_item_placement,item_placement_32,0.2624262259996422,0.055005926100095144,0.3244328096229209,0.28588880866794164,0.5539373720430886,0.464769935918303,0.26229251995417435,0.2624262259996422,0.055005926100095144,0.055005926100095144,0.32437788261993283,0.2967183030606569,0.28588880866794164,0.28588880866794164,0.0622583652001625,0.0622583652001625,0.23997984654611879,0.4098560710648937
ml4co_item_placement,item_placement_29,0.35938272629035367,0.2753276246242097,0.3729519840399948,0.16765451231412018,0.5385149140035904,0.42858739173627103,0.3556835988269898,0.32797071646463155,0.2725518480055147,0.2570817565491988,0.3729519840399948,0.3673404734416472,0.16765451231412018,0.1675883334803683,0.4578679438783368,0.39739496887789677,0.4354853475382065,0.5400033939095391
ml4co_item_placement,item_placement_15,0.19528312696192054,0.11170074183554675,0.07669953359435372,0.17583161222341787,0.44070730522124263,0.42471299199911067,0.19504226795844742,0.18595902022635472,0.11149234038793368,0.11170074183554675,0.0765111149588316,0.07669953359435372,0.17216300361151593,0.15175266757145972,0.16206537275946178,0.12495853898562821,0.2774152098959345,0.4192019508236206
ml4co_item_placement,item_placement_70,0.23482983578343844,0.2020081807132784,0.2548459664658885,0.22923821190617125,0.48057066294923073,0.3242745360892933,0.2284846822661728,0.20360397256927001,0.1953696698489075,0.18945867639265954,0.25194977810985664,0.234754643912936,0.22043296710295845,0.19567931770020663,0.22223027170701437,0.20821386283357443,0.3550539394529827,0.43375519306832977
ml4co_item_placement,item_placement_53,0.2657327402029479,0.1804149382604077,0.2398449257066508,0.19042971041770157,0.4349776440560507,0.4268290892542401,0.26112117684491415,0.25479798217182525,0.17846850345206244,0.17830225102954483,0.20756809125218872,0.22181838023944564,0.18610159410724286,0.19032946497000663,0.24981569465726747,0.1804149382604077,0.35887566054231645,0.44823147017867526
ml4co_item_placement,item_placement_6,0.3493445267255828,0.4396960923975799,0.41708081619766624,0.443234146697672,0.651685665610522,0.6154482172956708,0.3485827724685487,0.34932669864794674,0.43628015252192814,0.42128642444500625,0.4168866191159505,0.41708081619766624,0.4423872738317367,0.4430218680734544,0.6326874581618093,0.5825610865694567,0.6503005192652779,0.6503466369378792
ml4co_item_placement,item_placement_17,0.2895735004497932,0.11138080963528395,0.3821920330104359,0.14698825233346988,0.39940661295582536,0.35502668600541637,0.26397572577253897,0.26954403001003285,0.10212977417567291,0.10638900740196819,0.36063121402940035,0.33324686769443673,0.1466644593719412,0.1466259227579641,0.14841958238829073,0.14841958238829073,0.2610509942394571,0.34093184582101305
ml4co_item_placement,item_placement_13,0.21152122043125995,0.2512920132031258,0.3517575814765081,0.2437634592700772,0.2518544031666036,0.25323836293692115,0.18091999294387204,0.19298516467213683,0.21272718806817786,0.19018859890031523,0.24787146363228316,0.23885663580095878,0.21494516380972242,0.21252932680842665,0.26051183041486553,0.2730546340526738,0.2997523440201309,0.3068115119681799
ml4co_item_placement,item_placement_9903,0.25359091880113593,0.2841569574352568,0.5225571129022538,0.4289387305507279,0.6377795849593627,0.5460764952333264,0.2510996991961878,0.2511233971445018,0.28167283336307974,0.2816946178722887,0.5185919218665213,0.4949722823890518,0.42806085286777384,0.4229986598872407,0.362180213569903,0.3012602799568832,0.44457359722243095,0.5557471371177808
ml4co_item_placement,item_placement_9911,0.30960557991476745,0.27159041819937463,0.27942395865265274,0.19127603338642332,0.5237826932377753,0.47712762290734967,0.29988446707428085,0.29395516321200177,0.26171296615771916,0.26263024290322123,0.2793932269397035,0.27130157811657474,0.19062988891708457,0.19063956927505674,0.3432045514248505,0.29512836194265163,0.4282796418868096,0.5233589550315259
ml4co_load_balancing,load_balancing_9915,0.0821041263570223,0.08712381782579413,0.0669857348690496,0.11670479165273433,0.06654247347571386,0.06310030008191304,0.057764069152475166,0.05461485182838692,0.05813954309302126,0.054990325768933014,0.057297860389374254,0.05414864306528601,0.06555797419036603,0.06240875686627779,0.08712381782579413,0.08712381782579413,0.06564497260196993,0.06597666309913089
ml4co_load_balancing,load_balancing_48,0.07394239739111227,0.13478393634978972,0.09121481581132357,0.08306278795424786,0.14374383328050194,0.187821167919079,0.07394239739111227,0.07394239739111227,0.10341792319709443,0.10294625643754582,0.08829527762437336,0.08812240750290347,0.08210313356719207,0.08203331384699425,0.14001646634664816,0.14001646634664816,0.1329315998625205,0.14121423654979418
ml4co_load_balancing,load_balancing_26,0.11629098778810702,0.05207325965836136,0.053123215859452726,0.08659724026529553,0.06976472467430662,0.12505148684173084,0.06236355926820407,0.07363714589052349,0.05207325965836136,0.05207325965836136,0.05160885333258463,0.05198769549664704,0.06563913577234926,0.07691272239466869,0.05207325965836136,0.05207325965836136,0.06889343517277377,0.06921271997481719
ml4co_load_balancing,load_balancing_25,0.14113099252521946,0.14247218712259907,0.06108235974846859,0.07660618171591221,0.09757723733609837,0.16325131234480286,0.08720219633617844,0.09682723337774403,0.08739836101237629,0.09702480127688448,0.06097217120015511,0.06108235974846859,0.07571792642095036,0.07618733298760856,0.14391108063879143,0.14391108063879143,0.0967704625730887,0.09711287523553865
ml4co_load_balancing,load_balancing_8,0.14138230230621268,0.16165505615415537,0.07402991468229492,0.06863149158668015,0.09656327011597463,0.12495958079210695,0.07634460656385927,0.09890571045193657,0.08535094003797457,0.10788408754795302,0.07096725060598702,0.07189479194763755,0.06723729727418953,0.0682543500573555,0.16554725122637617,0.16554725122637617,0.09578756560395331,0.09612058025092945
ml4co_load_balancing,load_balancing_9908,0.07551616160643504,0.07601449055087744,0.07688650287246274,0.10667926424028745,0.061462156331537725,0.07079261557503935,0.048656379577843654,0.04838358234808749,0.04787763538198323,0.04760483815222707,0.05893285518135729,0.058660057951601126,0.060851450928892215,0.06057865369913606,0.08108421734277517,0.07738876856502022,0.05787389701341349,0.060609649641600954
ml4co_load_balancing,load_balancing_40,0.06814069624100541,0.06219338515209319,0.08102451469866935,0.06445844792314828,0.09550544043533901,0.1562533329838995,0.06814069624100541,0.06814069624100541,0.06219338515209319,0.06219338515209319,0.07930134470696437,0.07981684848970334,0.06398501846798905,0.06412770673779752,0.06762744665265548,0.06219338515209319,0.09144166942887937,0.09399866202777764
ml4co_load_balancing,load_balancing_12,0.0753164340059246,0.0755187232123058,0.08322086760363652,0.07771848974006593,0.09517649770607088,0.10430766011155393,0.0753164340059246,0.0753164340059246,0.0755187232123058,0.0755187232123058,0.08083625404021198,0.08074044790487953,0.0769289492498523,0.07697237242474234,0.07722581444402264,0.0755187232123058,0.09410912364837923,0.09474884082240469
ml4co_load_balancing,load_balancing_27,0.05971737188378756,0.0566334213466234,0.08437796728595853,0.07370381815840006,0.12018255300220622,0.1582606308475389,0.05668097319452545,0.05723880937651586,0.05357025686829026,0.054128587825997464,0.07955472023109648,0.08007353195437929,0.07193121784629355,0.07238134277515289,0.06409723393990412,0.06409723393990412,0.10660479457399658,0.11589450537186718
ml4co_load_balancing,load_balancing_61,0.1696384975899622,0.16835388285753172,0.05054054572042174,0.06997170859106802,0.04850729887345985,0.05947691673641565,0.04730419267797446,0.04865094613014111,0.04660816710530646,0.047954920557473094,0.04351237900513024,0.044859132457296884,0.043968628766839456,0.04531538221900609,0.16901105934660643,0.16901105934660643,0.04776356492064681,0.04809375072193956
ml4co_load_balancing,load_balancing_63,0.06268781022466387,0.03515362402593884,0.08256436355801146,0.05479146644347456,0.07284021736684601,0.07196229182605429,0.05556511135198862,0.0551286814773576,0.03315667172567746,0.03310856923662513,0.055360709809724226,0.05455905151904159,0.047004888986859186,0.0469066922650672,0.053628562157357826,0.03781358154381627,0.0610604791063686,0.06883097146212772
ml4co_load_balancing,load_balancing_3,0.06100419575019479,0.062447051519666966,0.07673330752217326,0.1164435091231124,0.11287828009499963,0.17657865119390875,0.06100419575019479,0.06100419575019479,0.062447051519666966,0.062447051519666966,0.07530432573314984,0.07584548221166192,0.09475654165106587,0.11348311890007665,0.06941544681243848,0.06308609374350835,0.09861640368489204,0.10828176457883218
ml4co_load_balancing,load_balancing_32,0.17825807456249176,0.17406983524181474,0.053036104306506834,0.11886640437140404,0.11823828144386185,0.1561293255612894,0.08706012823110094,0.09698866649409683,0.08247559153471004,0.09240222452186114,0.05227748544080744,0.0526191497671353,0.0894450386540644,0.09924284221165638,0.1786968921373381,0.1786968921373381,0.11007774184195646,0.11353809309791126
ml4co_load_balancing,load_balancing_9913,0.08085517085406858,0.15956559796777256,0.08063894279773966,0.11891328284743316,0.05687627252883741,0.07434504086474186,0.04290162310680412,0.042725816719545104,0.05283319204362528,0.0548327159289453,0.05257058388335975,0.054315245298948954,0.05654789574482066,0.05915821173100081,0.161174569822795,0.16282928576322522,0.06144333773522802,0.05691217237989569
ml4co_load_balancing,load_balancing_9923,0.079473372124139,0.0740514604480861,0.07366594394818911,0.12503528045818676,0.05436509493256302,0.0609427258471659,0.04450078218809514,0.04210052785400476,0.044148697785380484,0.04174844345129012,0.05212899926387836,0.04972874492978798,0.054365094932559734,0.05244707724495556,0.0765503912419016,0.07523273221619912,0.05230917311408253,0.05381492037382265
ml4co_load_balancing,load_balancing_9921,0.07980331456402823,0.07303516640320176,0.05533399189085261,0.07486912312535142,0.054486430286498216,0.06255831545021143,0.04255799014378771,0.04183608215509667,0.041750002829384056,0.041028094840693016,0.045940802270294304,0.04524556122318466,0.047699119369867156,0.047003878322757514,0.07774619593507558,0.07303516640320176,0.05100017002350216,0.05335802239066112
ml4co_load_balancing,load_balancing_51,0.0744874561154831,0.07292079870245716,0.05239001824508672,0.07609441506665243,0.11064146449813632,0.1528175776121725,0.0744874561154831,0.0744874561154831,0.07292079870245716,0.07292079870245716,0.05239001824508672,0.05239001824508672,0.07597412926253773,0.07593947662196804,0.07292079870245716,0.07292079870245716,0.1138886813915586,0.11012505304947079
ml4co_load_balancing,load_balancing_9912,0.04071213975803651,0.03757845407384079,0.09999548618374847,0.08278590416089186,0.07845270535332755,0.08823144100670195,0.03837202313247297,0.038286947517215404,0.035612889091831676,0.03552781347657411,0.0720542391955473,0.07116200868053364,0.056703572057811416,0.05581134154279775,0.06005353269458089,0.04023707954898005,0.06360215411377625,0.0721496282227865
ml4co_load_balancing,load_balancing_13,0.12768955202301638,0.09429948300735833,0.05990693398771406,0.1110510616000672,0.11471288641370798,0.15985425001250847,0.07639406929126649,0.08621057833850466,0.07447644166507963,0.08425498636806031,0.0590878682059638,0.059425754457588034,0.08747772056000297,0.09737274910929306,0.10089983159564361,0.10089983159564361,0.10184823530503345,0.11109099871133633
ml4co_load_balancing,load_balancing_66,0.12489925112413154,0.12489824771461995,0.041015698121258735,0.09949602892435228,0.043889553850127556,0.0508868083003251,0.039762129698783906,0.038541377122158875,0.039762132317311134,0.038541379740686096,0.037438308209435715,0.036217555632810684,0.043887019146890534,0.0426662665702655,0.12489824771461995,0.12489824771461995,0.043065447759231726,0.043402794559176706
ml4co_load_balancing,load_balancing_9917,0.1314231218594426,0.12022349992798399,0.03669780259276731,0.06758861724885486,0.03932163220649808,0.03897958271156034,0.03530225893077732,0.035508094017756786,0.034522940606432864,0.03472877569341233,0.032793882843589174,0.032999717930568634,0.03479115380849543,0.03499698889547489,0.12022349992798399,0.12022349992798399,0.03854675120675575,0.038868087967681195
ml4co_load_balancing,load_balancing_19,0.10065921873615251,0.04785422404638096,0.0540132859693451,0.09566417771983532,0.10032205411167364,0.10701592443850537,0.07412066003391149,0.0828397843528226,0.04785422404638096,0.04785422404638096,0.05363186742637966,0.053578094468288,0.08005188613888176,0.08833179001055987,0.04785422404638096,0.04785422404638096,0.08859160340639692,0.09419429224228762
ml4co_load_balancing,load_balancing_30,0.06961670066377182,0.12719265090536774,0.070549063363258,0.06322535771648886,0.10017814858983515,0.13598056304474385,0.06556572110669114,0.06961670066377182,0.07036290338714063,0.08126416787291499,0.0674703116086714,0.06815790199921541,0.06209988987010597,0.062498609058936935,0.12719265090536774,0.12719265090536774,0.09051506612078748,0.09394432233633353
ml4co_load_balancing,load_balancing_0,0.1256951464698899,0.057975685139812216,0.05983033243636119,0.0867568099955182,0.06044047056207455,0.11957797153771271,0.054855184734947854,0.08140641017134875,0.0504231177026454,0.057975685139812216,0.05544260029403858,0.05814986161545276,0.05665591199917222,0.08406670055694009,0.0582633568866239,0.0582633568866239,0.05956916136993248,0.059888023136550415
ml4co_load_balancing,load_balancing_17,0.1414696045768048,0.10399135607969688,0.0933703469036217,0.12567382601295748,0.11064813018217826,0.15788181931247267,0.07917542092248857,0.09269232976543423,0.06837365881472711,0.08192282459405655,0.08297857313200224,0.08882981614751755,0.08038520403717059,0.09381565686206884,0.11755322267880527,0.10755248245033648,0.0948359907118393,0.1024876596627915
ml4co_load_balancing,load_balancing_67,0.06322435418175212,0.12018856229194409,0.07388613442603115,0.09862010847849959,0.05127369644682864,0.057837781569575024,0.03965301828168774,0.03715933470427966,0.04500353998271315,0.04250985640530506,0.049400139209902334,0.046906455632494244,0.05012770330113994,0.04763401972373185,0.12142474828390289,0.12142474828390289,0.05045017192075878,0.050801722052695654
ml4co_load_balancing,load_balancing_4,0.07715312797773377,0.07720575033947932,0.06528738900746574,0.11505190892442743,0.10109622791740631,0.14148529097942866,0.07715312797773377,0.07715312797773377,0.07720575033947932,0.07720575033947932,0.06487998013106716,0.06429756702183995,0.09496584842922601,0.08725221242515328,0.07897724461708285,0.07830276618487665,0.09940409802725106,0.10049788710482203
ml4co_load_balancing,load_balancing_9903,0.11534566284284677,0.07154795654551858,0.05088458708243873,0.10153482225656983,0.09156391537968046,0.09590548509023114,0.08169504458758242,0.05475422487288162,0.07154795654551858,0.046600811232574944,0.05088458708243873,0.04925195135642081,0.0869947151001039,0.05958942080273027,0.07705302553040767,0.07223656558886664,0.08756609981798599,0.09033937606798426
ml4co_load_balancing,load_balancing_62,0.10882996200045121,0.09089335637828365,0.06294712953805595,0.09522779119423296,0.04664980513119528,0.05536328033181744,0.04101722872947019,0.041653522925444816,0.0398070942805692,0.04044338847654384,0.045630590510073205,0.046266884706047846,0.04664980513119077,0.047966680625566444,0.09136376279072782,0.09136376279072782,0.04567619037988158,0.04614578648053517
ml4co_load_balancing,load_balancing_69,0.06890877069957352,0.06867446385425884,0.05631761562579847,0.12581998117861137,0.07001210891126754,0.07021004804011276,0.045630713168890405,0.046204659382157794,0.04557607807294088,0.046150024286208284,0.045382142851584296,0.0459560890648517,0.06534614543630464,0.06569540381588533,0.083579045031041,0.06987987309444929,0.060552828898379325,0.0670407517345549
ml4co_load_balancing,load_balancing_9,0.06783864683740681,0.12198423042592532,0.04616889350530332,0.10293325045342204,0.09338479378047701,0.09475700096253196,0.06783864683740681,0.06783864683740681,0.086695402000678,0.08478840253432648,0.04616889350530332,0.04616889350530332,0.08938393603006718,0.08747693656371566,0.12198423042592532,0.12198423042592532,0.09338479378047682,0.0933847937804769
ml4co_load_balancing,load_balancing_10,0.13894796116238972,0.06714847957980669,0.04172486155352648,0.06571050978960395,0.10256396228969057,0.11170832974925997,0.07508216344368936,0.09489364423704713,0.06714847957980669,0.06714847957980669,0.04153344244381825,0.04172486155352648,0.06513104405378933,0.06553098604450454,0.072229141603017,0.06836809337681607,0.08879181243610952,0.09699124744845795
ml4co_load_balancing,load_balancing_23,0.14077386597952302,0.13379906099085628,0.07279373583275256,0.10853080756491446,0.09830529537322073,0.1434918053864009,0.07746853972577633,0.0878159452247297,0.07491185993094905,0.08528089639780372,0.07028946132572063,0.07024790988521824,0.08178977032379789,0.09188330590902775,0.1359040864912976,0.1359040864912976,0.09963983580927573,0.09830529537322073
ml4co_load_balancing,load_balancing_46,0.059185214644171744,0.06301236575482345,0.0937247425183643,0.08922878233571213,0.1685023270038614,0.2040093255625562,0.059185214644171744,0.059185214644171744,0.06301236575482345,0.06301236575482345,0.09085518199023747,0.09064333630556098,0.08841571141895131,0.08829878770271819,0.07502494956284107,0.06962028131289569,0.14088944569768092,0.15933073166840156
ml4co_load_balancing,load_balancing_9924,0.07206205972556383,0.06418542351049246,0.05452342668826385,0.08146897534879627,0.05583031922567979,0.06483460634898003,0.04190321539434475,0.04082854519141622,0.04110095554642964,0.0400262853435011,0.04805075624625752,0.046976086043328986,0.05120199414231581,0.05012732393938727,0.07144406624954461,0.06418542351049246,0.05155200900365138,0.05483229043403334
ml4co_load_balancing,load_balancing_37,0.0667937785672042,0.06708320587928175,0.052439019622695295,0.07887853609362498,0.12055341018513234,0.16008309825057196,0.0667937785672042,0.0667937785672042,0.06708320587928175,0.06708320587928175,0.05180262692442484,0.05216295395239926,0.0772392748681831,0.07778476799888197,0.07685214260768139,0.06876147723172722,0.09749534858223287,0.11148514356167008
ml4co_load_balancing,load_balancing_33,0.06828390894768485,0.0632677366592039,0.0668921136602277,0.10127786287667645,0.10560538585576092,0.152492131147819,0.06828390894768485,0.06828390894768485,0.0632677366592039,0.0632677366592039,0.06419254021319457,0.06485194014764636,0.08066835034940621,0.09038473777724092,0.07371765935369219,0.0632677366592039,0.09608369492665615,0.10345699297662427
ml4co_load_balancing,load_balancing_9919,0.11054262305550405,0.10223892423219048,0.06812627237126186,0.09718964113223039,0.044083865610606135,0.04528303100526516,0.04016521089743278,0.04157066251508697,0.039661331347075515,0.0410667829647297,0.04408386561060286,0.045283031005261876,0.04333788073055396,0.04474333234820815,0.10223892423219048,0.10223892423219048,0.04327017076274884,0.0435861892241064
ml4co_load_balancing,load_balancing_5,0.13673909073140372,0.1205047692014391,0.08830170062722456,0.11568486855632766,0.09979910320355348,0.09376411691646583,0.09061192640043868,0.08499729814113301,0.0869188416191035,0.08124281195588776,0.08419968710958801,0.0842222113139182,0.09048724345286872,0.08503195666578023,0.1263183432958182,0.12497155105291018,0.09619357411850901,0.09929012572955452
ml4co_load_balancing,load_balancing_49,0.050466436802070046,0.060049196427362096,0.06839611340744975,0.11497328978965386,0.16864009829852408,0.21540092903719585,0.050466436802070046,0.050466436802070046,0.060049196427362096,0.060049196427362096,0.06681977861737085,0.06667647044367639,0.10057011485742921,0.10003191161665162,0.08255285402284468,0.060049196431793295,0.1350822761663075,0.15861191969169694
ml4co_load_balancing,load_balancing_58,0.0744071790545933,0.0700275860377212,0.05260324819147126,0.12355418195096951,0.05797538019181633,0.0563822577204865,0.042589326184212094,0.04132389227678703,0.04219348950810538,0.040928055600680316,0.047607936270409934,0.046379773779741035,0.05569804234796346,0.054104919876633635,0.0769104078599269,0.07396202381096192,0.05390682265416198,0.057134317982463996
ml4co_load_balancing,load_balancing_9918,0.04204672454371758,0.03219238543276658,0.0525702098619023,0.11221875071093787,0.05844070110812265,0.05651654820553579,0.03804709613470447,0.037851353156423524,0.02931888339048133,0.029136523839264704,0.03866938883069551,0.03713084077237271,0.04605880455728961,0.04413465165470275,0.04367321020967534,0.035432736915110265,0.051579940952805874,0.05648700326854845
ml4co_load_balancing,load_balancing_64,0.06805445767448952,0.06892665985476584,0.08630519822187542,0.07021131133551746,0.056487885419176743,0.055901419006887845,0.04173074494263341,0.04180514240406182,0.03945072067578196,0.03952511813721038,0.0530111229366588,0.05242465652436991,0.0445417804498636,0.04461617791129202,0.07617620590474657,0.07171762147329547,0.0520977873686971,0.055541105439958285
ml4co_load_balancing,load_balancing_11,0.05518709731481861,0.05327208467388877,0.06994306155472957,0.1252453713495433,0.13358268703361917,0.18099770269688367,0.05228847857237233,0.05267452067197002,0.05114163927454722,0.05150180853452261,0.06463965104313543,0.06512474947354822,0.08749630550309574,0.0918110940832338,0.060022937110036076,0.060022937110036076,0.11565296144386304,0.1269133255713471
ml4co_load_balancing,load_balancing_50,0.07674736728367687,0.12600487858597742,0.09082011845167674,0.1498300105778321,0.14337863888434077,0.18404533983581586,0.07674736728367687,0.07674736728367687,0.09239997450171226,0.09036812893986748,0.0849372193234041,0.08424118977554847,0.11121133583089085,0.10855597837510206,0.13199388709797763,0.13199388709797763,0.12210896883140263,0.13818132140838355
ml4co_load_balancing,load_balancing_9904,0.14833094121847984,0.14584414601092982,0.0735426558424223,0.10529790833932053,0.09635760100843872,0.08394895377201064,0.08419708396378398,0.06048329757071731,0.08187068746314533,0.05816253615639425,0.07243581675418857,0.06220076461509494,0.08924089199613292,0.06447233153000934,0.15041289870211577,0.15041289870211577,0.09544150581414836,0.09591028902474058
ml4co_load_balancing,load_balancing_47,0.12493186660129699,0.12537193883772832,0.06513572220377847,0.05982456028479732,0.11565528989391964,0.11465023281752758,0.07797510550022758,0.07963778026164056,0.07801783685914836,0.07968002882484138,0.0618749302233435,0.06184509813595392,0.05869030055119448,0.05872567340511654,0.12537193883772832,0.12537193883772832,0.10206131738947512,0.10863674124277087
ml4co_load_balancing,load_balancing_9911,0.10873389874361657,0.12552223944858618,0.0806184008689438,0.13560059099040528,0.05668816999261147,0.0685128484621481,0.0479592859102962,0.04709819105199811,0.04884486086220386,0.047983766003905776,0.048050030342311395,0.0471889354840133,0.05456597706009534,0.0585324360250561,0.12913622131992558,0.12913622131992558,0.05581691953565263,0.05623024429110413
ml4co_load_balancing,load_balancing_52,0.04208491740330147,0.04070882191193166,0.052098875744407885,0.09046761747141534,0.1528680663622695,0.20514330897268973,0.04208491740330147,0.04208491740330147,0.04070882191193166,0.04070882191193166,0.052098875744407885,0.052098875744407885,0.08274484991671967,0.08366527957578733,0.05086802159430718,0.05086802159430718,0.12251618625727305,0.15344247225985058
ml4co_load_balancing,load_balancing_9900,0.04547460592602114,0.03848338814831038,0.06745637287401732,0.0856617197714609,0.15535042348107192,0.20430787657353258,0.04547460592602114,0.04547460592602114,0.03848338814831038,0.03848338814831038,0.06745637287401732,0.06745637287401732,0.08452402020838891,0.08453962691584517,0.057300159409030986,0.03848338814831038,0.11900901590075823,0.14363296255635769
ml4co_load_balancing,load_balancing_9922,0.16208431931668282,0.16505585347619997,0.06705394747445123,0.11078338128796496,0.04908883589676401,0.060066690471080916,0.044939527084608424,0.04645973488269286,0.04721481304087552,0.04873502083895996,0.04270590665279588,0.04422611445088032,0.0490888358967614,0.05224952611003032,0.16514213706686004,0.16514213706686004,0.04836799585917147,0.04869011145654483
ml4co_load_balancing,load_balancing_68,0.14260956661256646,0.11479788791156093,0.07227141329778448,0.0690175468492587,0.055325226457537305,0.06356957649807281,0.050379503591702644,0.05053692635875839,0.04825840444367005,0.04841582721072579,0.05191980042112867,0.05207722318818441,0.048647924587675154,0.04880534735473089,0.11651428248191152,0.11479788791156093,0.05342686997919317,0.054437308825271015
ml4co_load_balancing,load_balancing_43,0.09457113845520797,0.09749414871262872,0.07428726263140893,0.09182149608317608,0.15766552257622873,0.16123328185763597,0.09162591327867518,0.09220661222496651,0.09469613130626671,0.09520269189690307,0.07428726263140893,0.07428726263140893,0.09038181026007866,0.0903809851524519,0.1140648119344737,0.10311334757920876,0.15272594681673293,0.15819842787006466
ml4co_load_balancing,load_balancing_44,0.12382600655266951,0.13826512850220687,0.07374079540264011,0.06739081336537542,0.14274976970390657,0.18876469205844085,0.09567939296095468,0.09792835039638854,0.0971971652905833,0.0994301704425358,0.07101638608066664,0.07112749783449016,0.06688967288709219,0.06704062964426662,0.13826512850220687,0.13826512850220687,0.12293019902440169,0.13364387493060892
ml4co_load_balancing,load_balancing_1,0.14777793297035433,0.06866283756568704,0.049313848303347126,0.1115354794774846,0.12096451342151884,0.15960016908440314,0.09124111238602399,0.09210361003214122,0.06866283756568704,0.06866283756568704,0.04891736602966899,0.04897775716689749,0.09254157156485904,0.09345866100239918,0.07173706659298726,0.06960569340671333,0.10364583298105776,0.11358413489317981
ml4co_load_balancing,load_balancing_73,0.06746215101884728,0.06057707656255675,0.04002516698252878,0.04696956948837489,0.11698183918809772,0.11189726689050362,0.06746215101884728,0.06746215101884728,0.06057707656255675,0.06057707656255675,0.04002516698252878,0.04002516698252878,0.04634150087747859,0.0461401208309621,0.07193323458143465,0.06376719640357544,0.10991026300386247,0.11513452986626976
ml4co_load_balancing,load_balancing_9916,0.12823658172535046,0.06671150026982495,0.06957193843769803,0.1007211349299581,0.053524861394085105,0.06219409002672159,0.04856575431923101,0.04693607605247584,0.04117211215527233,0.039542433888517164,0.05135611398204411,0.04972643571528894,0.053293591642607316,0.05248076110427728,0.07128787277702915,0.06671150026982495,0.05003814101444419,0.05234652670626845
ml4co_load_balancing,load_balancing_31,0.07487508311269811,0.06939811068694769,0.04493696488304002,0.06415762468814742,0.08698728903312362,0.11853682287740872,0.06640512832171482,0.07487508311269811,0.06633473300269495,0.06939811068694769,0.04458686320362151,0.044888270649756555,0.06336904334447092,0.06371075068711379,0.07547620422678718,0.07210599975481773,0.08334113006353494,0.08635381200757423
ml4co_load_balancing,load_balancing_42,0.05607928763208527,0.1085421271115694,0.06791408169281334,0.062357259505645544,0.09145629447067452,0.12606877390478866,0.05607928763208527,0.05607928763208527,0.08122985637373638,0.08782988089838856,0.06480512491596464,0.06523977910148633,0.06161722097181617,0.06199960866658028,0.1085421271115694,0.1085421271115694,0.09059458316996785,0.09094032681180089
ml4co_load_balancing,load_balancing_9901,0.13546192270530494,0.13403323385137084,0.07098335506844163,0.10455429309778362,0.0831811839895677,0.09612126566285036,0.07610958125035525,0.07838001752373251,0.0760046066976013,0.07827346524237165,0.0685527745135705,0.06865571170483742,0.0785514835135004,0.08086369387513251,0.13403323385137084,0.13403323385137084,0.08242505775076107,0.08274184534261295
ml4co_load_balancing,load_balancing_72,0.09383656308069328,0.14362837679414606,0.04801920143433723,0.0886654864957911,0.11949408175292302,0.1445436040339571,0.07890737724654137,0.0753331128545867,0.0897840594726736,0.0858305288717193,0.04801920143433723,0.04795003252546414,0.08351291250049184,0.07977272245003451,0.1439568500987313,0.1439568500987313,0.10976062661890107,0.11484209333660748
ml4co_load_balancing,load_balancing_9909,0.07952364630090675,0.14425399411591364,0.04937093895152627,0.0987615908409567,0.05894226805259322,0.05962940515934744,0.04186993667986371,0.04236895405184138,0.04970394305106187,0.05020296042303953,0.04483955447529713,0.04533857184727479,0.04856657304008415,0.04906559041206182,0.15055394219779064,0.14765819777845243,0.05589410429044197,0.05829446542416767
ml4co_load_balancing,load_balancing_71,0.04627322861773982,0.045496805906454635,0.08558361327273013,0.1155314713345324,0.08313471356189973,0.10956680931342871,0.044140461854801374,0.04406131331764295,0.043452614546449685,0.04337346600929126,0.06678721336328888,0.06666406370803109,0.06680180656093873,0.0666800659081764,0.06399715537429071,0.04894885135016325,0.07527672744162608,0.08093210239610212
ml4co_load_balancing,load_balancing_7,0.06817718181237446,0.06661239128627518,0.052435407797709735,0.09823381408637549,0.06804678662618364,0.11186960831631215,0.04917242609113516,0.06817718181237446,0.048882784802646496,0.06661239128627518,0.04860072960970701,0.05217014465904965,0.05698824129532612,0.09337156880248906,0.07359199014666501,0.06729094138174223,0.06324649783755885,0.06668549930892786
ml4co_load_balancing,load_balancing_53,0.14228735435061385,0.14710152185880723,0.07459322291885671,0.16109811820656575,0.13921622933853517,0.1894810261901979,0.09673421040206452,0.0908908974748473,0.10207315399092605,0.09622918835714084,0.07100960813826353,0.07073096722472828,0.11072371781644294,0.10504544617278189,0.14822409826321473,0.14822409826321473,0.12933550262325844,0.13425923997573358
ml4co_load_balancing,load_balancing_41,0.049409355308502885,0.0662862387621418,0.07111451569099499,0.07512102296870857,0.13398398806265238,0.21285476981326498,0.049409355308502885,0.049409355308502885,0.06526625684518181,0.0651672386982788,0.06921656989300011,0.0690914452928446,0.07422470256594339,0.07413786737294188,0.08085772200137138,0.08085772200137138,0.128290404980249,0.13416743516445317
ml4co_load_balancing,load_balancing_24,0.06615068713485944,0.06182683046760299,0.08102190388341686,0.11997286231866044,0.1298405318843951,0.17458525770390834,0.06279237139416739,0.06387308047357096,0.059232284574540627,0.05993750506864241,0.07745469547490265,0.07778424109663666,0.09874783717911188,0.10608430022007226,0.07972772468194884,0.07717479831332137,0.11945611650977718,0.1297033963953634
ml4co_load_balancing,load_balancing_9902,0.06297570685524898,0.05937314216907278,0.07091141146578911,0.11119279787101094,0.08850707448425023,0.15718647270213626,0.06297570685524898,0.06297570685524898,0.05937314216907278,0.05937314216907278,0.06819656487458942,0.06912335032305626,0.08747925000936257,0.09150188482141433,0.06076140882022223,0.06076140882022223,0.08730982624295433,0.08794903586994295
ml4co_load_balancing,load_balancing_45,0.08246750273107181,0.04059003685213352,0.05726406173146459,0.13307853759337196,0.14747804505719136,0.18329087400684035,0.07945276099510014,0.07921415012856754,0.04059003685213352,0.04059003685213352,0.05630649877704255,0.056190868201976316,0.1109366586648748,0.11013869430861874,0.06123840639801483,0.04432274315194215,0.11853928699958417,0.14166070020532215
ml4co_load_balancing,load_balancing_35,0.10722978128500081,0.11392044389722213,0.05961217225295735,0.09452214672842787,0.07827067219889977,0.11211280471462086,0.06733349537096842,0.07692441168387572,0.06806912179945171,0.07762309620054923,0.0579547796313888,0.05796401625474659,0.07336260386406175,0.08269318965713371,0.11392044389722213,0.11392044389722213,0.07743277429808307,0.07777568223400717
ml4co_load_balancing,load_balancing_9910,0.12704489428363774,0.14918872596878988,0.06194488246695438,0.1426933692376114,0.0615700651970119,0.07282504661551115,0.04710865001489781,0.04768648412236051,0.055001121821133564,0.05557895592859626,0.0423285202857494,0.0429063543932121,0.04871548994405383,0.05433283970239022,0.1532305567872409,0.1532305567872409,0.061270766209674095,0.06159774272163519
ml4co_load_balancing,load_balancing_9906,0.046055066273065784,0.07322653486977167,0.08996288203398205,0.07975735625928328,0.07770386694001034,0.09816741177879643,0.04348733329989212,0.043435990312375446,0.06256959186126056,0.062100659241941546,0.07069652647037578,0.07022759385105677,0.05874825400287921,0.058279321383560206,0.08257370007770301,0.08257370007770301,0.07416400018618799,0.0771875252261839
ml4co_load_balancing,load_balancing_9907,0.07526516039058076,0.07610835940456988,0.0515268739480841,0.09121506804910293,0.10959748318606852,0.14595360265750096,0.0702054929359344,0.07003209080646232,0.07095425684058879,0.07077517519276098,0.05073449121476908,0.05080673452141628,0.07881658663842689,0.08008587135535361,0.0836663715590483,0.08068898158372037,0.10645787121637156,0.10904996490603466
ml4co_load_balancing,load_balancing_2,0.13544844297972028,0.12081470369555937,0.0651464889938243,0.08946173486163764,0.12348773234039477,0.12329415153091462,0.08443406890989409,0.08964875949369328,0.08332530718439922,0.08857503657016387,0.062352582417547195,0.06239582237080203,0.08282837301535302,0.08374112523856977,0.12928451573736863,0.12928451573736863,0.11418179283432495,0.12055704736679804
ml4co_load_balancing,load_balancing_74,0.12517101996152882,0.09263034748026824,0.08496814087828763,0.12139640218921158,0.11731345584493026,0.1520886577712511,0.08437254707947899,0.0854515214466753,0.0820948832699815,0.08300338269165364,0.08314209039118223,0.08352592449807869,0.09656108575108709,0.09800954008631411,0.10058232680392884,0.09473445405031815,0.10199495816940468,0.1120372232114315
ml4co_load_balancing,load_balancing_57,0.12108648318034297,0.09380109519312177,0.05967402233806543,0.094733354608446,0.10697574397033324,0.08657712780533222,0.09014233880661063,0.062141651443628744,0.0865490736228067,0.05936423070897831,0.05967402233806543,0.05709835652777258,0.08703473470389729,0.06939104713993734,0.10258995447699931,0.09774114452571027,0.10160981903473203,0.10586838885826494
ml4co_load_balancing,load_balancing_6,0.06399370143304375,0.11711790016062992,0.04870788924961193,0.10202780434447804,0.04830987970477709,0.06673303190120934,0.03706092975888716,0.05089605031279917,0.04162494381079461,0.05546006436470662,0.043305180982332235,0.047605187887592736,0.048309879704774294,0.06308018229535575,0.12036054448799195,0.12036054448799195,0.04652764221993212,0.047844051659352814
ml4co_load_balancing,load_balancing_9914,0.03757765848140658,0.029339635067383765,0.07564829013943376,0.07669256690777214,0.05887157216197363,0.07097466848803693,0.03520867891291008,0.03522895770530078,0.02746491546327515,0.027485194255665847,0.050168711974793376,0.05038251553901138,0.048547068511543424,0.048760872075761415,0.04202038831092314,0.031292475894178697,0.05094488432233763,0.056685857382566464
ml4co_load_balancing,load_balancing_15,0.11458607326239105,0.11806899137553245,0.07203689875918912,0.07004021817416538,0.08429586420945138,0.15310477134936787,0.07283498162823294,0.08042745999864241,0.07170534942490879,0.07931478570089354,0.0668492873494543,0.0675879433742764,0.06735219796762015,0.06793798730757525,0.12143516473801995,0.12143516473801995,0.0827974357947418,0.08380122538053243
ml4co_load_balancing,load_balancing_60,0.07729003900006765,0.0750740391371323,0.09546010120898146,0.1494360090943034,0.05994413325753912,0.05984503207588145,0.04293797766629002,0.0425052606268671,0.047068721486627704,0.046636004447204796,0.057338909255781736,0.05723980807412407,0.059944133257536884,0.05984503207587921,0.07974475777451033,0.07974475777451033,0.05811745685605271,0.05937604557531807
ml4co_load_balancing,load_balancing_9905,0.11926228075934814,0.06493365055118326,0.054840477424958484,0.07882355594278136,0.12799592109740152,0.17740557832033002,0.08557464454599685,0.08517382244709322,0.06493365055118326,0.06493365055118326,0.05434286487764698,0.05431120877692056,0.0766352061019207,0.07660355000119429,0.07108666591607574,0.06939675928711128,0.1084932225393379,0.12402264155858879
ml4co_load_balancing,load_balancing_9920,0.055788447176874596,0.04182586722651195,0.056037968961368055,0.09025670871625899,0.0703108354554113,0.0822083350142709,0.049618015282658884,0.04961082777040859,0.04023395087022848,0.040226763357978174,0.047917150679375846,0.047844107586132154,0.062960990090736,0.0628879469974923,0.049759014464253355,0.04401034330040357,0.06564109718043276,0.06901784844650187
ml4co_load_balancing,load_balancing_34,0.07932635795880875,0.08477435588313968,0.0599710140433844,0.08366710610295397,0.11627651088812513,0.15696417243847424,0.07410987586591546,0.07932635795880875,0.07650319179613457,0.08477435588313968,0.05870991560667189,0.05913212552233866,0.08113606380448002,0.08152715347842547,0.09922781266603899,0.08886320400510961,0.1043593295608078,0.11290255310955571
ml4co_load_balancing,load_balancing_38,0.07484504028959606,0.05823860366837089,0.08712698335556869,0.1215131971383668,0.12975311801767145,0.17130140997464408,0.07092271802485532,0.07179742568232368,0.05707177062132867,0.058154378524781336,0.08144281791399076,0.0822222298237881,0.08842971756159669,0.10051683355439398,0.07182454492624114,0.0627020594878052,0.10994289505624313,0.12406058586221173
ml4co_load_balancing,load_balancing_20,0.1237289322029056,0.11642889723557778,0.07673081597399146,0.06796772642084802,0.10123818014584166,0.128403108535714,0.08489199257255133,0.09035694614441132,0.08517607869298922,0.09061352033829141,0.07512406532289928,0.0754599663322634,0.06737701000895828,0.06758774346295367,0.12158653025107415,0.12158653025107415,0.09853476731689195,0.10074842773128546
ml4co_load_balancing,load_balancing_29,0.09759217214571449,0.12533073499473182,0.06819337230841128,0.10193480169183751,0.10830794397601907,0.17366165196094516,0.08862915775186393,0.09625919892782113,0.09169017865371759,0.09925726691654423,0.0667603304112119,0.0673417062575952,0.09297048983590536,0.09895891375362086,0.13026748280816608,0.12793174514966232,0.10490640854097145,0.10749171880014399
ml4co_load_balancing,load_balancing_22,0.13536058757856323,0.06935078699503003,0.05234886736354515,0.10787131083132509,0.11116497390450597,0.13486204074768413,0.07833696969096904,0.0853741010157839,0.06935078699503003,0.06935078699503003,0.05201814542651069,0.052064019128133264,0.08632608501265962,0.09265802812725173,0.07305674075731328,0.07172591363306001,0.09131808352223793,0.10410945879750608
ml4co_load_balancing,load_balancing_18,0.07064335517682045,0.065082025613357,0.05819095864717059,0.0767097088434814,0.0880170752170112,0.09936669402593777,0.06966799017056347,0.07064335517682045,0.065082025613357,0.065082025613357,0.057239652772946945,0.057679646982985076,0.07484588098152489,0.07528587519156303,0.0695925269188311,0.065082025613357,0.08459836345841974,0.08692487832178043
ml4co_load_balancing,load_balancing_59,0.09951140213562677,0.08831380755166733,0.07017073052521203,0.09639926391517699,0.046144521152411265,0.04653552393368154,0.04053333934372451,0.040924519054023945,0.03982207110192738,0.040213250812226806,0.0461445211524096,0.04653552393367987,0.04440389910994096,0.04479507882024039,0.08831380755166733,0.08831380755166733,0.04531651454462405,0.04563334959115307
ml4co_load_balancing,load_balancing_56,0.12305265477728662,0.15244631884056112,0.11067082307135793,0.12381339773161869,0.08711827044354985,0.1481063114761468,0.0749759313651617,0.07538459438888975,0.07735004012302378,0.07775870314675183,0.0807496425489002,0.0865026891336279,0.08217024231351126,0.08615572321635082,0.15883079384006976,0.15883079384006976,0.0846736861565167,0.08670071354025509
ml4co_load_balancing,load_balancing_16,0.07837342876512773,0.08026305842108238,0.05538735426221637,0.08044135360288625,0.0945351499492082,0.13013160285923625,0.07837342876512773,0.07837342876512773,0.07872268856958714,0.08026305842108238,0.055239625610480875,0.05538735426221637,0.0795217479768837,0.07955976876926184,0.08026305842108238,0.08026305842108238,0.09361946536844086,0.09395617245906235
ml4co_load_balancing,load_balancing_55,0.13425565256577665,0.0766438557226521,0.06891440327041418,0.06704500326370774,0.06901299627991979,0.12889894704329274,0.057957525602481255,0.09313785017983332,0.052915910377006874,0.0766438557226521,0.06073383492147699,0.06763529078314208,0.05590426616843438,0.06683640807670586,0.08101058143204165,0.0766438557226521,0.06576239896762695,0.06811972448850497
ml4co_load_balancing,load_balancing_65,0.10839294047778307,0.1081756040329949,0.0652536558565148,0.10652826569933807,0.05266512469955937,0.05961110160805262,0.04763920942342405,0.046939092920326574,0.047625267968314206,0.046925151465216725,0.048811991160217165,0.048111874657119684,0.051506963589869274,0.05080684708677179,0.1081756040329949,0.1081756040329949,0.05180956294074077,0.052148198871394234
ml4co_load_balancing,load_balancing_70,0.061673204638785,0.1151864758606402,0.058095070213619524,0.07959468387630848,0.06332124295469789,0.07600724052234901,0.04127264301130421,0.04085462635560378,0.0521484064378129,0.05173038978211245,0.051963371415846164,0.051545354760145726,0.055199659150598344,0.054781642494897906,0.12100829781031973,0.12100829781031973,0.06161402276692319,0.06299811026332293
ml4co_load_balancing,load_balancing_54,0.1504416521205291,0.1056523180144142,0.05441137157884793,0.07357658497000871,0.14082782534627872,0.1572167465384648,0.10486642245562584,0.08605618377181143,0.09287270440567964,0.07422830954515815,0.05325656689758692,0.05166983470538723,0.07093411523286568,0.06924924262668182,0.11480454686349129,0.11480454686349129,0.12324474671885088,0.1344277812415802
ml4co_load_balancing,load_balancing_36,0.12279214470089046,0.12351516374682243,0.06877183354620872,0.06131471408198695,0.1038532192768988,0.10269827640415342,0.07460641271420235,0.08588355976600621,0.07608288829768221,0.08735822633018825,0.06571258965078118,0.06636500060240234,0.0600656495717914,0.0606164744397335,0.12750299220375577,0.12750299220375577,0.09768788698861469,0.10039083506211922
ml4co_load_balancing,load_balancing_21,0.03888753277858573,0.037861356763664915,0.05167155472815469,0.07321702846829976,0.09771204224595537,0.17343691355866914,0.0388723674620065,0.03888753277858573,0.0378498517163379,0.037861356763664915,0.05088401392946939,0.05167155472815469,0.07103966543162478,0.07194202494434965,0.05337564328704345,0.039192075789889355,0.09214303047031265,0.09572312352186407
ml4co_load_balancing,load_balancing_28,0.0788563890249512,0.08126091143197277,0.08305518306744566,0.07869604038682117,0.13066128526231852,0.0974686436847617,0.0788563890249512,0.06728682290731026,0.08126091143197277,0.06777363394951888,0.07953574023055336,0.07359367059803139,0.0770743999221628,0.06616847774993673,0.09174934380306765,0.08183406178373479,0.11552937355966947,0.12558493941098275
ml4co_load_balancing,load_balancing_14,0.14488424075575065,0.11811878019649032,0.07020765722763511,0.10336331612961931,0.0848753755778635,0.1365789255582402,0.07916861998067887,0.08608712582010637,0.07488197875890815,0.08196104759360344,0.06856831034971361,0.06839455771604877,0.08170345624335205,0.08832615211350998,0.12048599613578388,0.12048599613578388,0.08299137622044712,0.08440245220076717
ml4co_load_balancing,load_balancing_39,0.13543771978283878,0.12813598152957786,0.04556148710892307,0.06215238869166905,0.12168393728549304,0.10527054323137008,0.09115130675129254,0.09178962929036952,0.08638551141279079,0.08701472277971893,0.04556148710892307,0.04556148710892307,0.06179990870406526,0.061824199061506456,0.1351570268187874,0.13078483438395597,0.11235188983303085,0.1187874396157165
pglib_uc,rts_gmlc__2020-05-05,0.14846862690874144,0.16935011255895033,0.1976940577944253,0.5118339942805872,0.2666955676889467,0.1730584843490831,0.10210725288889826,0.10499221884298425,0.11255007934217634,0.11037659964821571,0.10047870062237818,0.10266925181928044,0.2666955676889467,0.1730584843490831,0.2568655340366214,0.16935011255895033,0.22914742933683188,0.3452166373793688
pglib_uc,ca__2015-06-01_reserves_3,1.0,1.0,1.0,1.0,0.9947517837939803,1.0,0.9947517837939803,1.0,0.9947517837939803,1.0,0.9947517837939803,1.0,0.9947517837939803,1.0,0.9969993950259746,0.9992470062579687,1.0,0.9947517837939803
pglib_uc,ca__2014-12-01_reserves_0,1.0,0.9383559015676535,1.0,1.0,0.8683752598869103,0.9934616295568818,0.8683752598869103,0.9934616295568818,0.8471819704189877,0.9324151696484507,0.8683752598869103,0.9934616295568818,0.8683752598869103,0.9934616295568818,0.995953759284189,0.9983200324739653,1.0,0.9935874860944127
pglib_uc,rts_gmlc__2020-11-25,0.5590355879113068,0.3754562307520307,0.38636408360527985,0.26968113110637876,0.2801734092516802,0.16318166181374388,0.25621791489130213,0.1578661084927412,0.17385853068601975,0.14923416485103574,0.18980857968619744,0.1589626294262495,0.16257734243232805,0.14120966987754546,0.5276255757799365,0.3754562307520307,0.2855139329736447,0.3971610532675059
pglib_uc,ca__Scenario400_reserves_0,1.0,1.0,1.0,1.0,0.6596752793295454,0.9944802247900346,0.6596752793295454,0.9944802247900346,0.6596752793295454,0.9944802247900346,0.6596752793295454,0.9944802247900346,0.6596752793295454,0.9944802247900346,0.8892793704994393,0.9976799912503824,1.0,0.9926795830517078
pglib_uc,ca__2015-06-01_reserves_0,1.0,1.0,1.0,1.0,0.5880982483785007,0.994056418987375,0.5880982483785007,0.994056418987375,0.5880982483785007,0.994056418987375,0.5880982483785007,0.994056418987375,0.5880982483785007,0.994056418987375,0.8316726807277472,0.9984026755553217,1.0,0.9944200423959304
pglib_uc,ca__2015-06-01_reserves_5,0.9113342296332121,0.7999118358672906,1.0,1.0,0.9970705696767592,0.9968856132676513,0.908802484837725,0.9086186608034129,0.7978798450725312,0.797697444044074,0.9970705696767592,0.9968856132676513,0.9970705696767592,0.9968856132676513,0.9981918747928954,0.9993131799090318,1.0,0.9970705696767592
pglib_uc,ca__2015-06-01_reserves_1,1.0,1.0,1.0,1.0,0.9969155777828604,0.9965021061396856,0.9969155777828604,0.9965021061396856,0.9969155777828604,0.9965021061396856,0.9969155777828604,0.9965021061396856,0.9969155777828604,0.9965021061396856,0.9981141270498836,0.9993126763169068,1.0,0.9969155777828604
pglib_uc,rts_gmlc__2020-07-06,0.06998058514102136,0.06731630148573584,0.3055036876202284,0.17645890789018326,0.30070399748825233,0.2794308952265489,0.038190948203595136,0.039370311755998734,0.0371209182684021,0.03829435275085601,0.13248342530727636,0.1333349639214997,0.15455238208959232,0.15398180516015617,0.06845054567688288,0.06732007813852865,0.13660292162022478,0.2334473551273586
pglib_uc,ca__2015-03-01_reserves_5,1.0,1.0,1.0,1.0,0.9975059793193432,0.9974599303755066,0.9975059793193432,0.9974599303755066,0.9975059793193432,0.9974599303755066,0.9975059793193432,0.9974599303755066,0.9975059793193432,0.9974599303755066,0.9985188322267596,0.999531685134176,1.0,0.9975059793193432
pglib_uc,rts_gmlc__2020-09-20,0.14830377025063332,0.07946926243969925,0.23646614336921087,0.40771877665627543,0.1303869380543451,0.31947329103991884,0.07230071325490275,0.0750752189626093,0.04228721128846988,0.04506171699617642,0.10855860343024999,0.11355612530896798,0.1303869380543451,0.31947329103991884,0.079930758302982,0.0794726788787558,0.14973383698600048,0.12985958226308197
pglib_uc,ca__2014-12-01_reserves_3,1.0,1.0,1.0,1.0,0.9965079514547099,0.9972017226191482,0.9965079514547099,0.9972017226191482,0.9965079514547099,0.9972017226191482,0.9965079514547099,0.9972017226191482,0.9965079514547099,0.9972017226191482,0.997753936624952,0.9989999217951949,1.0,0.9965079514547099
pglib_uc,ca__2015-03-01_reserves_3,1.0,1.0,1.0,1.0,0.9953769365569963,0.9947050474225361,0.9953769365569963,0.9947050474225361,0.9953769365569963,0.9947050474225361,0.9953769365569963,0.9947050474225361,0.9953769365569963,0.9947050474225361,0.9971009200103154,0.9988249034636346,1.0,0.9953769365569963
pglib_uc,rts_gmlc__2020-10-27,0.20963789536207633,0.23114266296502967,0.23863050468184252,0.5777452567078751,0.32369116690051636,0.1956481696152509,0.14968716940872687,0.14789150850798277,0.15769160283715566,0.1555780660399707,0.133144959081021,0.13275232470650683,0.3234666102661059,0.1956481696152509,0.5218961966880942,0.23114266296502967,0.2857911571654795,0.41389071149380324
pglib_uc,ca__Scenario400_reserves_3,1.0,1.0,1.0,1.0,0.41984146480421736,0.28393091320453206,0.41984146480421736,0.28393091320453206,0.41984146480421736,0.28393091320453206,0.41984146480421736,0.28393091320453206,0.41984146480421736,0.28393091320453206,0.6275988899432744,0.8353563150823315,1.0,0.41984146480421736
pglib_uc,ca__2014-09-01_reserves_0,1.0,1.0,1.0,1.0,0.6411653809994668,0.9946935109861706,0.6411653809994668,0.9946935109861706,0.6411653809994668,0.9946935109861706,0.6411653809994668,0.9946935109861706,0.6411653809994668,0.9946935109861706,0.8582885584760918,0.9988441374989664,1.0,0.995091224539966
pglib_uc,rts_gmlc__2020-08-12,0.07737869255715807,0.06639252950257474,0.22907135069066228,0.3021798896239691,0.19742509508979167,0.26031201442946783,0.038140347951818025,0.03686387889111091,0.03488318878538074,0.03356078104950385,0.08207482700331084,0.080899921710415,0.1013512633518976,0.10020350032794764,0.06666567875938398,0.06639252950257474,0.10505680516381034,0.17074018974753624
pglib_uc,ca__2014-09-01_reserves_3,1.0,1.0,1.0,1.0,0.9949418966478746,0.9945064706347938,0.9949418966478746,0.9945064706347938,0.9949418966478746,0.9945064706347938,0.9949418966478746,0.9945064706347938,0.9949418966478746,0.9945064706347938,0.9969063792351356,0.9988708618223968,1.0,0.9949418966478746
pglib_uc,ca__2015-03-01_reserves_1,1.0,1.0,1.0,1.0,0.996501823896413,0.996851232552486,0.996501823896413,0.996851232552486,0.996501823896413,0.996851232552486,0.996501823896413,0.996851232552486,0.996501823896413,0.996851232552486,0.9977517577663061,0.9990016916361993,1.0,0.996501823896413
pglib_uc,rts_gmlc__2020-03-05,0.054416701188634536,0.09403073136364343,0.31084925513875444,0.3384684610124484,0.2421145123434611,0.17033691567065146,0.03772165578291061,0.03639074139024216,0.05507237486439386,0.05438630310016433,0.14757545752914317,0.14584219748735325,0.24104234588244858,0.16990184747623488,0.10167360211243891,0.09662320926096897,0.1655198561525565,0.2753336068488517
pglib_uc,ca__2014-12-01_reserves_1,1.0,1.0,1.0,1.0,0.9964018724539196,0.9968575874337022,0.9964018724539196,0.9968575874337022,0.9964018724539196,0.9968575874337022,0.9964018724539196,0.9968575874337022,0.9964018724539196,0.9968575874337022,0.9976981104873474,0.998994348520775,1.0,0.9964018724539196
pglib_uc,ca__2015-03-01_reserves_0,1.0,1.0,1.0,1.0,0.5648291697570518,0.992074679049221,0.5648291697570518,0.992074679049221,0.5648291697570518,0.992074679049221,0.5648291697570518,0.992074679049221,0.5648291697570518,0.992074679049221,0.8148291697570517,0.9978744207064525,1.0,0.9920032219898383
pglib_uc,rts_gmlc__2020-12-23,0.18749518119511582,0.1048235801026929,0.2198435102813231,0.33657965564496706,0.2943158031961059,0.14355489876898678,0.09958373974827499,0.10191522662419243,0.05933371082474086,0.06167064631233749,0.11370293651576847,0.11619878610546193,0.2839203850233612,0.14355489876898678,0.11731346799534807,0.1048235801026929,0.17990022088225827,0.30046673093977566
pglib_uc,ca__Scenario400_reserves_1,1.0,1.0,1.0,1.0,0.9954108402311868,0.9958954209721446,0.9954108402311868,0.9958954209721446,0.9954108402311868,0.9958954209721446,0.9954108402311868,0.9958954209721446,0.9954108402311868,0.9958954209721446,0.9970240200350491,0.9986371998389117,1.0,0.9954108402311868
pglib_uc,rts_gmlc__2020-01-27,0.11602257929823853,0.10472892484931942,0.16646494992511354,0.35993982685912246,0.25977067508828483,0.3150551096099387,0.08755273738795759,0.08399985883273924,0.0773119476154259,0.07375848821492624,0.1126011463195051,0.10904768691900542,0.2490272773786847,0.2811331502281074,0.11408130820512047,0.10472892484931942,0.21465991335834145,0.2956630177098739
pglib_uc,ca__2014-09-01_reserves_5,1.0,1.0,1.0,1.0,0.7289420317166856,0.9960727968957673,0.7289420317166856,0.9960727968957673,0.7289420317166856,0.9960727968957673,0.7289420317166856,0.9960727968957673,0.7289420317166856,0.9960727968957673,0.9789420317166856,0.9993824481779185,1.0,0.996424598094014
pglib_uc,ca__Scenario400_reserves_5,1.0,1.0,1.0,1.0,0.9958649211119466,0.9961857037619359,0.9958649211119466,0.9961857037619359,0.9958649211119466,0.9961857037619359,0.9958649211119466,0.9961857037619359,0.9958649211119466,0.9961857037619359,0.9973764574405397,0.998887993769133,1.0,0.9958649211119466
pglib_uc,ca__2014-12-01_reserves_5,1.0,1.0,1.0,1.0,0.9954197391381316,0.9958222765217818,0.9954197391381316,0.9958222765217818,0.9954197391381316,0.9958222765217818,0.9954197391381316,0.9958222765217818,0.9954197391381316,0.9958222765217818,0.9970733419225588,0.998726944706986,1.0,0.9954197391381316
pglib_uc,ferc__2015-10-01_hw,1.0,1.0,1.0,1.0,0.7405530482587839,1.0,0.7405530482587839,1.0,0.7405530482587839,1.0,0.7405530482587839,1.0,0.7405530482587839,1.0,0.9904676175823751,1.0,1.0,1.0
pglib_uc,rts_gmlc__2020-06-09,0.07159879772635654,0.09423318974592668,0.1907955922123978,0.32455928682883584,0.4109244360805627,0.40501237640714305,0.04231008145851037,0.03812012684247243,0.05161387866297476,0.04736114604039451,0.09113952419198551,0.08692093680064349,0.297156372551991,0.2864949028691173,0.09424311135872686,0.09423318974592668,0.15360832667539,0.2555908037402031
pglib_uc,ca__2014-09-01_reserves_1,1.0,1.0,1.0,1.0,0.7267993389530816,1.0,0.7267993389530816,1.0,0.7267993389530816,1.0,0.7267993389530816,1.0,0.7267993389530816,1.0,0.9673909103968273,1.0,1.0,1.0
pglib_uc,rts_gmlc__2020-04-03,0.1193682103438288,0.10810326931977322,0.16300626272021174,0.27161129513246424,0.309443753318055,0.16916429295310367,0.08291822683093654,0.0790817164807707,0.07443508328234219,0.07059857293217635,0.09004311427719151,0.08705453582918693,0.23350815712372194,0.16916429295310367,0.17410455116740778,0.10810326931977322,0.19435925372188292,0.31428342416142363
pglib_uc,rts_gmlc__2020-02-09,0.2804766915384473,0.36374370595957883,0.16917584616676415,0.2989872764673296,0.22205023769780538,0.20677032625404243,0.1518727336759481,0.15347598173872387,0.19409933159858894,0.19075454384537247,0.09683109299011677,0.09848466594038534,0.22195179835118653,0.19853811724029713,0.471782568028984,0.3644535156781948,0.3239684907156684,0.2227366700837442
