sol,instance,strategy,seed,feasible,worst_bound,worst_int,worst_row_rel,obj_recomputed,obj_reported,obj_rel_err,unknown_vars
CMS750_4__C:D+RST@25__s0.json.gz,CMS750_4.mps.gz,C:D+RST@25,0,True,1.4210854715202004e-13,2.1671553440683056e-13,1.8189894035458565e-12,252.0,252.0,0.0,0
CMS750_4__C:D+RST@25__s1.json.gz,CMS750_4.mps.gz,C:D+RST@25,1,True,1.0302869668521453e-13,4.334310688136611e-13,5.6274984672199935e-12,252.0,252.0,0.0,0
CMS750_4__C:D+RST@stall20__s0.json.gz,CMS750_4.mps.gz,C:D+RST@stall20,0,True,2.0605739337042905e-13,2.0605739337042905e-13,3.922195901395753e-12,252.0,252.0,0.0,0
CMS750_4__C:D+RST@stall20__s1.json.gz,CMS750_4.mps.gz,C:D+RST@stall20,1,True,1.0302869668521453e-13,4.334310688136611e-13,5.6274984672199935e-12,252.0,252.0,0.0,0
CMS750_4__C:D>PSC@25__s0.json.gz,CMS750_4.mps.gz,C:D>PSC@25,0,True,0.0,1.4210854715202004e-14,1.1368683772161603e-13,253.0,253.0,0.0,0
CMS750_4__C:D>PSC@25__s1.json.gz,CMS750_4.mps.gz,C:D>PSC@25,1,True,1.0302869668521453e-13,4.334310688136611e-13,5.6274984672199935e-12,252.0,252.0,0.0,0
CMS750_4__C:D__s0.json.gz,CMS750_4.mps.gz,C:D,0,True,1.1368683772161603e-13,1.3855583347321954e-13,7.958078640513122e-13,252.0,252.0,0.0,0
CMS750_4__C:D__s1.json.gz,CMS750_4.mps.gz,C:D,1,True,1.0302869668521453e-13,4.334310688136611e-13,5.6274984672199935e-12,252.0,252.0,0.0,0
CMS750_4__C:HEU>HOFF@25__s0.json.gz,CMS750_4.mps.gz,C:HEU>HOFF@25,0,True,1.4210854715202004e-14,1.4210854715202004e-14,1.1368683772161603e-13,530.0,530.0,0.0,0
CMS750_4__C:HEU>HOFF@25__s1.json.gz,CMS750_4.mps.gz,C:HEU>HOFF@25,1,True,0.0,0.0,7.579122514774402e-15,252.0,252.0,0.0,0
CMS750_4__C:HEU__s0.json.gz,CMS750_4.mps.gz,C:HEU,0,True,0.0,5.551115123125783e-17,4.210623619319112e-15,478.0,478.0,0.0,0
CMS750_4__C:HEU__s1.json.gz,CMS750_4.mps.gz,C:HEU,1,True,0.0,0.0,1.1368683772161603e-13,252.0,252.0,0.0,0
CMS750_4__C:HOFF>HEU@stall20__s0.json.gz,CMS750_4.mps.gz,C:HOFF>HEU@stall20,0,True,0.0,0.0,1.7053025658242404e-13,253.0,253.0,0.0,0
CMS750_4__C:HOFF>HEU@stall20__s1.json.gz,CMS750_4.mps.gz,C:HOFF>HEU@stall20,1,True,0.0,1.7763568394002505e-15,4.547473508864641e-13,252.0,252.0,0.0,0
CMS750_4__C:HOFF__s0.json.gz,CMS750_4.mps.gz,C:HOFF,0,True,5.471179065352771e-13,5.471179065352771e-13,1.3869794202037156e-11,252.0,252.0,0.0,0
CMS750_4__C:HOFF__s1.json.gz,CMS750_4.mps.gz,C:HOFF,1,True,1.0125233984581428e-12,1.0125233984581428e-12,1.5916157281026244e-12,257.0,257.0,0.0,0
CMS750_4__C:INF__s0.json.gz,CMS750_4.mps.gz,C:INF,0,True,7.596347793216949e-14,1.6797503228133248e-13,3.183231456205249e-12,252.0,252.0,0.0,0
CMS750_4__C:INF__s1.json.gz,CMS750_4.mps.gz,C:INF,1,True,4.218847493575595e-15,4.218847493575595e-15,3.727437302348067e-15,252.0,252.0,0.0,0
CMS750_4__C:NOC__s0.json.gz,CMS750_4.mps.gz,C:NOC,0,True,0.0,0.0,0.0,274.0,274.0,0.0,0
CMS750_4__C:NOC__s1.json.gz,CMS750_4.mps.gz,C:NOC,1,True,0.0,0.0,0.0,282.0,282.0,0.0,0
CMS750_4__C:PSC>D@25__s0.json.gz,CMS750_4.mps.gz,C:PSC>D@25,0,True,3.983138605270547e-14,1.5762523731589913e-13,2.3874235921539366e-12,252.0,252.0,0.0,0
CMS750_4__C:PSC>D@25__s1.json.gz,CMS750_4.mps.gz,C:PSC>D@25,1,True,2.2737367544323206e-13,2.2737367544323206e-13,3.410605131648481e-12,252.0,252.0,0.0,0
CMS750_4__C:PSC__s0.json.gz,CMS750_4.mps.gz,C:PSC,0,True,1.1171231119921864e-12,1.1171231119921864e-12,1.116367472053246e-12,252.0,252.0,0.0,0
CMS750_4__C:PSC__s1.json.gz,CMS750_4.mps.gz,C:PSC,1,True,2.2737367544323206e-13,2.2737367544323206e-13,3.410605131648481e-12,252.0,252.0,0.0,0
air05__C:D+RST@25__s0.json.gz,air05.mps.gz,C:D+RST@25,0,True,0.0,0.0,0.0,26374.0,26374.0,0.0,0
air05__C:D+RST@25__s1.json.gz,air05.mps.gz,C:D+RST@25,1,True,2.3282962859281855e-14,2.5424107263916085e-14,1.7541523789077473e-14,26374.0,26374.0,0.0,0
air05__C:D+RST@stall20__s0.json.gz,air05.mps.gz,C:D+RST@stall20,0,True,0.0,0.0,0.0,26374.0,26374.0,0.0,0
air05__C:D+RST@stall20__s1.json.gz,air05.mps.gz,C:D+RST@stall20,1,True,2.3282962859281855e-14,2.5424107263916085e-14,1.7541523789077473e-14,26374.0,26374.0,0.0,0
air05__C:D>PSC@25__s0.json.gz,air05.mps.gz,C:D>PSC@25,0,True,0.0,0.0,0.0,26374.0,26374.0,0.0,0
air05__C:D>PSC@25__s1.json.gz,air05.mps.gz,C:D>PSC@25,1,True,2.3282962859281855e-14,2.5424107263916085e-14,1.7541523789077473e-14,26374.0,26374.0,0.0,0
air05__C:D__s0.json.gz,air05.mps.gz,C:D,0,True,0.0,0.0,0.0,26374.0,26374.0,0.0,0
air05__C:D__s1.json.gz,air05.mps.gz,C:D,1,True,2.3282962859281855e-14,2.5424107263916085e-14,1.7541523789077473e-14,26374.0,26374.0,0.0,0
air05__C:HEU>HOFF@25__s0.json.gz,air05.mps.gz,C:HEU>HOFF@25,0,True,7.771561172376096e-16,1.2212453270876722e-15,7.771561172376096e-16,26374.0,26374.0,0.0,0
air05__C:HEU>HOFF@25__s1.json.gz,air05.mps.gz,C:HEU>HOFF@25,1,True,0.0,0.0,0.0,26374.0,26374.0,0.0,0
air05__C:HEU__s0.json.gz,air05.mps.gz,C:HEU,0,True,0.0,0.0,0.0,26374.0,26374.0,0.0,0
air05__C:HEU__s1.json.gz,air05.mps.gz,C:HEU,1,True,0.0,0.0,0.0,26374.0,26374.0,0.0,0
air05__C:HOFF>HEU@stall20__s0.json.gz,air05.mps.gz,C:HOFF>HEU@stall20,0,True,1.0290650404066377e-14,1.1877451987176328e-14,3.4416913763379853e-15,26374.0,26374.0,0.0,0
air05__C:HOFF>HEU@stall20__s1.json.gz,air05.mps.gz,C:HOFF>HEU@stall20,1,True,7.907255097608061e-16,1.4432899320127035e-15,8.881784197001252e-16,26374.0,26374.0,0.0,0
air05__C:HOFF__s0.json.gz,air05.mps.gz,C:HOFF,0,True,1.0290650404066377e-14,1.1877451987176328e-14,3.4416913763379853e-15,26374.0,26374.0,0.0,0
air05__C:HOFF__s1.json.gz,air05.mps.gz,C:HOFF,1,True,7.907255097608061e-16,1.4432899320127035e-15,8.881784197001252e-16,26374.0,26374.0,0.0,0
air05__C:INF__s0.json.gz,air05.mps.gz,C:INF,0,True,3.552713678800501e-14,4.196643033083092e-14,5.551115123125783e-15,26374.0,26374.0,0.0,0
air05__C:INF__s1.json.gz,air05.mps.gz,C:INF,1,True,0.0,0.0,0.0,26374.0,26374.0,0.0,0
air05__C:NOC__s0.json.gz,air05.mps.gz,C:NOC,0,True,0.0,0.0,0.0,26374.0,26374.0,0.0,0
air05__C:NOC__s1.json.gz,air05.mps.gz,C:NOC,1,True,3.774758283725532e-15,4.6629367034256575e-15,1.7763568394002505e-15,26374.0,26374.0,0.0,0
air05__C:PSC>D@25__s0.json.gz,air05.mps.gz,C:PSC>D@25,0,True,0.0,0.0,0.0,26374.0,26374.0,0.0,0
air05__C:PSC>D@25__s1.json.gz,air05.mps.gz,C:PSC>D@25,1,True,6.217248937900877e-15,6.217248937900877e-15,3.1086244689504383e-15,26374.0,26374.0,0.0,0
air05__C:PSC__s0.json.gz,air05.mps.gz,C:PSC,0,True,0.0,0.0,0.0,26374.0,26374.0,0.0,0
air05__C:PSC__s1.json.gz,air05.mps.gz,C:PSC,1,True,6.217248937900877e-15,6.217248937900877e-15,3.1086244689504383e-15,26374.0,26374.0,0.0,0
binkar10_1__C:D+RST@25__s0.json.gz,binkar10_1.mps.gz,C:D+RST@25,0,True,1.7173762412169765e-14,1.7173762412169765e-14,1.1102230246251565e-16,6742.200024,6742.200023998389,2.3890052373210945e-13,0
binkar10_1__C:D+RST@25__s1.json.gz,binkar10_1.mps.gz,C:D+RST@25,1,True,6.661338147750939e-16,6.661338147750939e-16,0.0,6742.200024,6742.200023998388,2.390354195670796e-13,0
binkar10_1__C:D+RST@stall20__s0.json.gz,binkar10_1.mps.gz,C:D+RST@stall20,0,True,1.7173762412169765e-14,1.7173762412169765e-14,1.1102230246251565e-16,6742.200024,6742.200023998389,2.3890052373210945e-13,0
binkar10_1__C:D+RST@stall20__s1.json.gz,binkar10_1.mps.gz,C:D+RST@stall20,1,True,6.661338147750939e-16,6.661338147750939e-16,0.0,6742.200024,6742.200023998388,2.390354195670796e-13,0
binkar10_1__C:D>PSC@25__s0.json.gz,binkar10_1.mps.gz,C:D>PSC@25,0,True,1.7173762412169765e-14,1.7173762412169765e-14,1.1102230246251565e-16,6742.200024,6742.200023998389,2.3890052373210945e-13,0
binkar10_1__C:D>PSC@25__s1.json.gz,binkar10_1.mps.gz,C:D>PSC@25,1,True,6.661338147750939e-16,6.661338147750939e-16,0.0,6742.200024,6742.200023998388,2.390354195670796e-13,0
binkar10_1__C:D__s0.json.gz,binkar10_1.mps.gz,C:D,0,True,1.7173762412169765e-14,1.7173762412169765e-14,1.1102230246251565e-16,6742.200024,6742.200023998389,2.3890052373210945e-13,0
binkar10_1__C:D__s1.json.gz,binkar10_1.mps.gz,C:D,1,True,6.661338147750939e-16,6.661338147750939e-16,0.0,6742.200024,6742.200023998388,2.390354195670796e-13,0
binkar10_1__C:HEU>HOFF@25__s0.json.gz,binkar10_1.mps.gz,C:HEU>HOFF@25,0,True,4.440892098500626e-16,4.440892098500626e-16,0.0,6742.200024,6742.200023998389,2.3890052373210945e-13,0
binkar10_1__C:HEU>HOFF@25__s1.json.gz,binkar10_1.mps.gz,C:HEU>HOFF@25,1,True,3.3306690738754696e-16,8.881784197001252e-16,0.0,6742.200024,6742.200023998388,2.390354195670796e-13,0
binkar10_1__C:HEU__s0.json.gz,binkar10_1.mps.gz,C:HEU,0,True,4.440892098500626e-16,4.440892098500626e-16,0.0,6742.200024,6742.200023998389,2.3890052373210945e-13,0
binkar10_1__C:HEU__s1.json.gz,binkar10_1.mps.gz,C:HEU,1,True,3.3306690738754696e-16,8.881784197001252e-16,0.0,6742.200024,6742.200023998388,2.390354195670796e-13,0
binkar10_1__C:HOFF>HEU@stall20__s0.json.gz,binkar10_1.mps.gz,C:HOFF>HEU@stall20,0,True,1.5562667750618782e-14,1.5562667750618782e-14,1.1102230246251565e-16,6742.200024,6742.200023999438,8.336562601153058e-14,0
binkar10_1__C:HOFF>HEU@stall20__s1.json.gz,binkar10_1.mps.gz,C:HOFF>HEU@stall20,1,True,2.842170943040401e-14,2.864375403532926e-14,1.1102230246251565e-16,6742.200024,6742.200023999474,7.796979261272559e-14,0
binkar10_1__C:HOFF__s0.json.gz,binkar10_1.mps.gz,C:HOFF,0,True,1.5562667750618782e-14,1.5562667750618782e-14,1.1102230246251565e-16,6742.200024,6742.200023999438,8.336562601153058e-14,0
binkar10_1__C:HOFF__s1.json.gz,binkar10_1.mps.gz,C:HOFF,1,True,2.842170943040401e-14,2.864375403532926e-14,1.1102230246251565e-16,6742.200024,6742.200023999474,7.796979261272559e-14,0
binkar10_1__C:INF__s0.json.gz,binkar10_1.mps.gz,C:INF,0,True,0.0,0.0,0.0,6742.200024,6742.200023998389,2.3890052373210945e-13,0
binkar10_1__C:INF__s1.json.gz,binkar10_1.mps.gz,C:INF,1,True,6.661338147750939e-16,6.661338147750939e-16,0.0,6742.200024,6742.200023998388,2.390354195670796e-13,0
binkar10_1__C:NOC__s0.json.gz,binkar10_1.mps.gz,C:NOC,0,True,0.0,3.3306690738754696e-16,0.0,6742.200024,6742.200023998389,2.3890052373210945e-13,0
binkar10_1__C:NOC__s1.json.gz,binkar10_1.mps.gz,C:NOC,1,True,2.220446049250313e-16,2.220446049250313e-16,0.0,6746.760023,6746.7600229995915,6.052729305680679e-14,0
binkar10_1__C:PSC>D@25__s0.json.gz,binkar10_1.mps.gz,C:PSC>D@25,0,True,0.0,4.440892098500626e-16,0.0,6742.200024,6742.200023998389,2.3890052373210945e-13,0
binkar10_1__C:PSC>D@25__s1.json.gz,binkar10_1.mps.gz,C:PSC>D@25,1,True,6.661338147750939e-16,6.661338147750939e-16,0.0,6742.200024,6742.200023998388,2.390354195670796e-13,0
binkar10_1__C:PSC__s0.json.gz,binkar10_1.mps.gz,C:PSC,0,True,0.0,4.440892098500626e-16,0.0,6742.200024,6742.200023998389,2.3890052373210945e-13,0
binkar10_1__C:PSC__s1.json.gz,binkar10_1.mps.gz,C:PSC,1,True,6.661338147750939e-16,6.661338147750939e-16,0.0,6742.200024,6742.200023998388,2.390354195670796e-13,0
cbs-cta__C:D+RST@25__s0.json.gz,cbs-cta.mps.gz,C:D+RST@25,0,True,0.0,1.1102230246251565e-16,2.8181901257084974e-11,0.0,0.0,0.0,0
cbs-cta__C:D+RST@25__s1.json.gz,cbs-cta.mps.gz,C:D+RST@25,1,True,7.105427357601002e-15,2.220446049250313e-16,9.49601508537512e-12,0.0,0.0,0.0,0
cbs-cta__C:D+RST@stall20__s0.json.gz,cbs-cta.mps.gz,C:D+RST@stall20,0,True,0.0,1.1102230246251565e-16,2.8181901257084974e-11,0.0,0.0,0.0,0
cbs-cta__C:D+RST@stall20__s1.json.gz,cbs-cta.mps.gz,C:D+RST@stall20,1,True,7.105427357601002e-15,2.220446049250313e-16,9.49601508537512e-12,0.0,0.0,0.0,0
cbs-cta__C:D>PSC@25__s0.json.gz,cbs-cta.mps.gz,C:D>PSC@25,0,True,0.0,1.1102230246251565e-16,2.8181901257084974e-11,0.0,0.0,0.0,0
cbs-cta__C:D>PSC@25__s1.json.gz,cbs-cta.mps.gz,C:D>PSC@25,1,True,7.105427357601002e-15,2.220446049250313e-16,9.49601508537512e-12,0.0,0.0,0.0,0
cbs-cta__C:D__s0.json.gz,cbs-cta.mps.gz,C:D,0,True,0.0,1.1102230246251565e-16,2.8181901257084974e-11,0.0,0.0,0.0,0
cbs-cta__C:D__s1.json.gz,cbs-cta.mps.gz,C:D,1,True,7.105427357601002e-15,2.220446049250313e-16,9.49601508537512e-12,0.0,0.0,0.0,0
cbs-cta__C:D__s2.json.gz,cbs-cta.mps.gz,C:D,2,True,0.0,0.0,2.4440893753308046e-11,0.0,0.0,0.0,0
cbs-cta__C:D__s3.json.gz,cbs-cta.mps.gz,C:D,3,True,1.9326762412674725e-12,0.0,4.424451157539789e-12,0.0,0.0,0.0,0
cbs-cta__C:D__s4.json.gz,cbs-cta.mps.gz,C:D,4,True,0.0,0.0,5.076320618132987e-13,0.0,0.0,0.0,0
cbs-cta__C:HEU>HOFF@25__s0.json.gz,cbs-cta.mps.gz,C:HEU>HOFF@25,0,True,0.0,0.0,9.045209026226075e-12,0.0,0.0,0.0,0
cbs-cta__C:HEU>HOFF@25__s1.json.gz,cbs-cta.mps.gz,C:HEU>HOFF@25,1,True,1.709743457922741e-14,0.0,2.7303714844606475e-12,0.0,0.0,0.0,0
cbs-cta__C:HEU__s0.json.gz,cbs-cta.mps.gz,C:HEU,0,True,0.0,0.0,9.045209026226075e-12,0.0,0.0,0.0,0
cbs-cta__C:HEU__s1.json.gz,cbs-cta.mps.gz,C:HEU,1,True,1.709743457922741e-14,0.0,2.7303714844606475e-12,0.0,0.0,0.0,0
cbs-cta__C:HEU__s2.json.gz,cbs-cta.mps.gz,C:HEU,2,True,4.519051799434237e-12,1.1102230246251565e-16,9.95344248078901e-11,0.0,0.0,0.0,0
cbs-cta__C:HEU__s3.json.gz,cbs-cta.mps.gz,C:HEU,3,True,2.118664551067284e-15,1.1102230246251565e-16,8.966161146872764e-13,0.0,0.0,0.0,0
cbs-cta__C:HEU__s4.json.gz,cbs-cta.mps.gz,C:HEU,4,True,0.0,0.0,2.7569058147491887e-12,0.0,0.0,0.0,0
cbs-cta__C:HOFF>HEU@stall20__s0.json.gz,cbs-cta.mps.gz,C:HOFF>HEU@stall20,0,True,2.7755575615628914e-17,1.1102230246251565e-16,1.8664181311578432e-11,0.0,0.0,0.0,0
cbs-cta__C:HOFF>HEU@stall20__s1.json.gz,cbs-cta.mps.gz,C:HOFF>HEU@stall20,1,True,1.332978172285948e-11,0.0,1.332978172285948e-11,0.0,0.0,0.0,0
cbs-cta__C:INF__s0.json.gz,cbs-cta.mps.gz,C:INF,0,True,0.0,1.1102230246251565e-16,2.8181901257084974e-11,0.0,0.0,0.0,0
cbs-cta__C:INF__s1.json.gz,cbs-cta.mps.gz,C:INF,1,True,7.105427357601002e-15,2.220446049250313e-16,9.49601508537512e-12,0.0,0.0,0.0,0
cbs-cta__C:INF__s2.json.gz,cbs-cta.mps.gz,C:INF,2,True,0.0,0.0,2.4440893753308046e-11,0.0,0.0,0.0,0
cbs-cta__C:INF__s3.json.gz,cbs-cta.mps.gz,C:INF,3,True,1.9326762412674725e-12,0.0,4.424451157539789e-12,0.0,0.0,0.0,0
cbs-cta__C:INF__s4.json.gz,cbs-cta.mps.gz,C:INF,4,True,0.0,0.0,5.076320618132987e-13,0.0,0.0,0.0,0
cbs-cta__C:NOC__s0.json.gz,cbs-cta.mps.gz,C:NOC,0,True,0.0,0.0,2.611244553918368e-13,0.0,0.0,0.0,0
cbs-cta__C:NOC__s1.json.gz,cbs-cta.mps.gz,C:NOC,1,True,0.0,0.0,1.6074253039732866e-11,0.0,0.0,0.0,0
cbs-cta__C:NOC__s2.json.gz,cbs-cta.mps.gz,C:NOC,2,True,0.0,1.1102230246251565e-16,8.730793865652231e-13,0.0,0.0,0.0,0
cbs-cta__C:NOC__s3.json.gz,cbs-cta.mps.gz,C:NOC,3,True,3.375077994860476e-13,0.0,3.0109248427834245e-13,0.0,0.0,0.0,0
cbs-cta__C:NOC__s4.json.gz,cbs-cta.mps.gz,C:NOC,4,True,0.0,0.0,2.7569058147491887e-12,0.0,0.0,0.0,0
cbs-cta__C:PSC>D@25__s0.json.gz,cbs-cta.mps.gz,C:PSC>D@25,0,True,0.0,1.1102230246251565e-16,2.8181901257084974e-11,0.0,0.0,0.0,0
cbs-cta__C:PSC>D@25__s1.json.gz,cbs-cta.mps.gz,C:PSC>D@25,1,True,7.105427357601002e-15,2.220446049250313e-16,9.49601508537512e-12,0.0,0.0,0.0,0
cbs-cta__C:PSC__s0.json.gz,cbs-cta.mps.gz,C:PSC,0,True,0.0,1.1102230246251565e-16,2.8181901257084974e-11,0.0,0.0,0.0,0
cbs-cta__C:PSC__s1.json.gz,cbs-cta.mps.gz,C:PSC,1,True,7.105427357601002e-15,2.220446049250313e-16,9.49601508537512e-12,0.0,0.0,0.0,0
cbs-cta__C:PSC__s2.json.gz,cbs-cta.mps.gz,C:PSC,2,True,0.0,0.0,2.4440893753308046e-11,0.0,0.0,0.0,0
cbs-cta__C:PSC__s3.json.gz,cbs-cta.mps.gz,C:PSC,3,True,1.9326762412674725e-12,0.0,4.424451157539789e-12,0.0,0.0,0.0,0
cbs-cta__C:PSC__s4.json.gz,cbs-cta.mps.gz,C:PSC,4,True,0.0,0.0,5.076320618132987e-13,0.0,0.0,0.0,0
cod105__C:D+RST@25__s0.json.gz,cod105.mps.gz,C:D+RST@25,0,True,4.169789652750767e-14,4.169789652750767e-14,1.1324274851176597e-13,-11.999999999999995,-12.000000000000005,8.881784197001248e-16,0
cod105__C:D+RST@25__s1.json.gz,cod105.mps.gz,C:D+RST@25,1,True,1.6209256159527285e-14,2.0933605662667542e-14,3.863576125695545e-14,-12.0,-12.0,0.0,0
cod105__C:D+RST@stall20__s0.json.gz,cod105.mps.gz,C:D+RST@stall20,0,True,9.106186907412625e-15,9.106186907412625e-15,1.9317880628477724e-14,-11.999999999999996,-11.999999999999996,0.0,0
cod105__C:D+RST@stall20__s1.json.gz,cod105.mps.gz,C:D+RST@stall20,1,True,1.6209256159527285e-14,2.0933605662667542e-14,3.863576125695545e-14,-12.0,-12.0,0.0,0
cod105__C:D>PSC@25__s0.json.gz,cod105.mps.gz,C:D>PSC@25,0,True,4.169789652750767e-14,4.169789652750767e-14,1.1324274851176597e-13,-12.0,-12.0,0.0,0
cod105__C:D>PSC@25__s1.json.gz,cod105.mps.gz,C:D>PSC@25,1,True,1.6209256159527285e-14,2.0933605662667542e-14,3.863576125695545e-14,-12.0,-12.0,0.0,0
cod105__C:D__s0.json.gz,cod105.mps.gz,C:D,0,True,4.169789652750767e-14,4.169789652750767e-14,1.1324274851176597e-13,-12.0,-12.0,0.0,0
cod105__C:D__s1.json.gz,cod105.mps.gz,C:D,1,True,1.6209256159527285e-14,2.0933605662667542e-14,3.863576125695545e-14,-12.0,-12.0,0.0,0
cod105__C:D__s2.json.gz,cod105.mps.gz,C:D,2,True,1.7244743685442079e-15,1.7244743685442079e-15,3.552713678800501e-15,-12.0,-12.0,0.0,0
cod105__C:D__s3.json.gz,cod105.mps.gz,C:D,3,True,4.517517606432357e-15,5.403746233547563e-15,8.43769498715119e-15,-12.0,-12.0,0.0,0
cod105__C:D__s4.json.gz,cod105.mps.gz,C:D,4,True,3.97035136663799e-15,3.97035136663799e-15,7.549516567451064e-15,-12.0,-12.0,0.0,0
cod105__C:HEU>HOFF@25__s0.json.gz,cod105.mps.gz,C:HEU>HOFF@25,0,True,4.884981308350689e-15,4.884981308350689e-15,8.43769498715119e-15,-12.0,-12.000000000000014,1.1842378929334989e-15,0
cod105__C:HEU>HOFF@25__s1.json.gz,cod105.mps.gz,C:HEU>HOFF@25,1,True,1.5667439123617083e-14,1.5667439123617083e-14,2.19824158875781e-14,-11.999999999999998,-12.0,1.4802973661668753e-16,0
cod105__C:HEU__s0.json.gz,cod105.mps.gz,C:HEU,0,True,4.884981308350689e-15,4.884981308350689e-15,8.43769498715119e-15,-12.0,-12.000000000000014,1.1842378929334989e-15,0
cod105__C:HEU__s1.json.gz,cod105.mps.gz,C:HEU,1,True,1.5667439123617083e-14,1.5667439123617083e-14,2.19824158875781e-14,-11.999999999999998,-12.0,1.4802973661668753e-16,0
cod105__C:HEU__s2.json.gz,cod105.mps.gz,C:HEU,2,True,4.129831574902633e-15,4.129831574902633e-15,5.551115123125783e-15,-12.0,-12.000000000000002,1.480297366166875e-16,0
cod105__C:HEU__s3.json.gz,cod105.mps.gz,C:HEU,3,True,6.058673396817455e-15,1.2323475573339238e-14,1.7319479184152442e-14,-12.000000000000005,-11.999999999999995,8.881784197001256e-16,0
cod105__C:HEU__s4.json.gz,cod105.mps.gz,C:HEU,4,True,1.509903313490213e-14,1.509903313490213e-14,1.84297022087776e-14,-11.999999999999996,-12.000000000000012,1.3322676295501865e-15,0
cod105__C:HOFF>HEU@stall20__s0.json.gz,cod105.mps.gz,C:HOFF>HEU@stall20,0,True,9.381409602590235e-15,9.381409602590235e-15,2.375877272697835e-14,-11.999999999999998,-11.999999999999998,0.0,0
cod105__C:HOFF>HEU@stall20__s1.json.gz,cod105.mps.gz,C:HOFF>HEU@stall20,1,True,3.3788872017655694e-15,4.8681482684500165e-15,9.769962616701378e-15,-12.0,-12.0,0.0,0
cod105__C:HOFF__s0.json.gz,cod105.mps.gz,C:HOFF,0,True,9.381409602590235e-15,9.381409602590235e-15,2.375877272697835e-14,-11.999999999999998,-11.999999999999998,0.0,0
cod105__C:HOFF__s1.json.gz,cod105.mps.gz,C:HOFF,1,True,3.3788872017655694e-15,4.8681482684500165e-15,9.769962616701378e-15,-12.0,-12.0,0.0,0
cod105__C:HOFF__s2.json.gz,cod105.mps.gz,C:HOFF,2,True,9.622930819644178e-15,9.622930819644178e-15,2.3314683517128287e-14,-12.0,-12.0,0.0,0
cod105__C:HOFF__s3.json.gz,cod105.mps.gz,C:HOFF,3,True,7.437951930008053e-15,7.681008189512848e-15,1.687538997430238e-14,-12.000000000000004,-12.000000000000004,0.0,0
cod105__C:HOFF__s4.json.gz,cod105.mps.gz,C:HOFF,4,True,7.815585437999494e-15,7.815585437999494e-15,1.7985612998927536e-14,-12.0,-12.0,0.0,0
cod105__C:INF__s0.json.gz,cod105.mps.gz,C:INF,0,True,0.0,0.0,0.0,-12.0,-12.0,0.0,0
cod105__C:INF__s1.json.gz,cod105.mps.gz,C:INF,1,True,2.2933989932276895e-14,2.5170732375033293e-14,5.81756864903582e-14,-12.000000000000005,-12.000000000000005,0.0,0
cod105__C:INF__s2.json.gz,cod105.mps.gz,C:INF,2,True,3.9968028886505635e-15,1.021405182655144e-14,1.2434497875801753e-14,-11.999999999999998,-11.999999999999998,0.0,0
cod105__C:INF__s3.json.gz,cod105.mps.gz,C:INF,3,True,7.549516567451064e-15,7.549516567451064e-15,1.9539925233402755e-14,-12.0,-12.0,0.0,0
cod105__C:INF__s4.json.gz,cod105.mps.gz,C:INF,4,True,3.97035136663799e-15,3.97035136663799e-15,7.549516567451064e-15,-12.0,-12.0,0.0,0
cod105__C:NOC__s0.json.gz,cod105.mps.gz,C:NOC,0,True,2.0734430112457146e-15,7.771561172376096e-15,5.10702591327572e-15,-11.999999999999998,-11.999999999999998,0.0,0
cod105__C:NOC__s1.json.gz,cod105.mps.gz,C:NOC,1,True,2.7755575615628914e-15,4.440892098500626e-15,1.2434497875801753e-14,-12.0,-12.0,0.0,0
cod105__C:NOC__s2.json.gz,cod105.mps.gz,C:NOC,2,True,4.856508163561958e-16,8.881784197001252e-16,1.5543122344752192e-15,-12.0,-12.0,0.0,0
cod105__C:NOC__s3.json.gz,cod105.mps.gz,C:NOC,3,True,2.2834078794938662e-15,3.885780586188048e-15,4.6629367034256575e-15,-12.0,-12.0,0.0,0
cod105__C:NOC__s4.json.gz,cod105.mps.gz,C:NOC,4,True,1.4432899320127035e-15,1.6653345369377348e-15,4.884981308350689e-15,-12.0,-12.000000000000004,2.96059473233375e-16,0
cod105__C:PSC>D@25__s0.json.gz,cod105.mps.gz,C:PSC>D@25,0,True,3.516898462598322e-15,4.334730980883684e-15,8.215650382226158e-15,-12.0,-12.0,0.0,0
cod105__C:PSC>D@25__s1.json.gz,cod105.mps.gz,C:PSC>D@25,1,True,3.042011087472929e-14,3.9882728951709606e-14,5.639932965095795e-14,-11.999999999999996,-11.999999999999996,0.0,0
cod105__C:PSC__s0.json.gz,cod105.mps.gz,C:PSC,0,True,3.516898462598322e-15,4.334730980883684e-15,8.215650382226158e-15,-12.0,-12.0,0.0,0
cod105__C:PSC__s1.json.gz,cod105.mps.gz,C:PSC,1,True,3.042011087472929e-14,3.9882728951709606e-14,5.639932965095795e-14,-11.999999999999996,-11.999999999999996,0.0,0
cod105__C:PSC__s2.json.gz,cod105.mps.gz,C:PSC,2,True,5.6744141706329456e-15,6.05765437811101e-15,1.2212453270876722e-14,-11.999999999999998,-11.999999999999998,0.0,0
cod105__C:PSC__s3.json.gz,cod105.mps.gz,C:PSC,3,True,2.7977620220553945e-14,2.7977620220553945e-14,4.729550084903167e-14,-12.000000000000002,-12.000000000000002,0.0,0
cod105__C:PSC__s4.json.gz,cod105.mps.gz,C:PSC,4,True,5.773159728050814e-15,5.773159728050814e-15,1.0436096431476471e-14,-12.000000000000004,-12.000000000000004,0.0,0
comp21-2idx__C:D+RST@25__s0.json.gz,comp21-2idx.mps.gz,C:D+RST@25,0,True,0.0,0.0,0.0,553.0,553.0,0.0,0
comp21-2idx__C:D+RST@25__s1.json.gz,comp21-2idx.mps.gz,C:D+RST@25,1,True,0.0,0.0,0.0,739.0,739.0,0.0,0
comp21-2idx__C:D+RST@stall20__s0.json.gz,comp21-2idx.mps.gz,C:D+RST@stall20,0,True,0.0,0.0,0.0,553.0,553.0,0.0,0
comp21-2idx__C:D+RST@stall20__s1.json.gz,comp21-2idx.mps.gz,C:D+RST@stall20,1,True,0.0,0.0,0.0,739.0,739.0,0.0,0
comp21-2idx__C:D>PSC@25__s0.json.gz,comp21-2idx.mps.gz,C:D>PSC@25,0,True,0.0,0.0,0.0,333.0,333.0,0.0,0
comp21-2idx__C:D>PSC@25__s1.json.gz,comp21-2idx.mps.gz,C:D>PSC@25,1,True,0.0,0.0,0.0,243.0,243.0,0.0,0
comp21-2idx__C:D__s0.json.gz,comp21-2idx.mps.gz,C:D,0,True,0.0,0.0,0.0,553.0,553.0,0.0,0
comp21-2idx__C:D__s1.json.gz,comp21-2idx.mps.gz,C:D,1,True,0.0,0.0,0.0,739.0,739.0,0.0,0
comp21-2idx__C:HEU>HOFF@25__s0.json.gz,comp21-2idx.mps.gz,C:HEU>HOFF@25,0,True,0.0,0.0,0.0,546.0,546.0,0.0,0
comp21-2idx__C:HEU>HOFF@25__s1.json.gz,comp21-2idx.mps.gz,C:HEU>HOFF@25,1,True,0.0,0.0,0.0,636.0,636.0,0.0,0
comp21-2idx__C:HEU__s0.json.gz,comp21-2idx.mps.gz,C:HEU,0,True,0.0,0.0,0.0,430.0,430.0,0.0,0
comp21-2idx__C:HEU__s1.json.gz,comp21-2idx.mps.gz,C:HEU,1,True,0.0,0.0,0.0,642.0,642.0,0.0,0
comp21-2idx__C:HOFF>HEU@stall20__s0.json.gz,comp21-2idx.mps.gz,C:HOFF>HEU@stall20,0,True,1.1102230246251565e-15,1.3322676295501878e-15,1.7763568394002505e-15,320.0,320.0,0.0,0
comp21-2idx__C:HOFF>HEU@stall20__s1.json.gz,comp21-2idx.mps.gz,C:HOFF>HEU@stall20,1,True,0.0,0.0,0.0,261.0,261.0,0.0,0
comp21-2idx__C:INF__s0.json.gz,comp21-2idx.mps.gz,C:INF,0,True,0.0,0.0,0.0,296.0,296.0,0.0,0
comp21-2idx__C:INF__s1.json.gz,comp21-2idx.mps.gz,C:INF,1,True,0.0,0.0,0.0,355.0,355.0,0.0,0
comp21-2idx__C:NOC__s0.json.gz,comp21-2idx.mps.gz,C:NOC,0,True,0.0,0.0,0.0,242.0,242.0,0.0,0
comp21-2idx__C:NOC__s1.json.gz,comp21-2idx.mps.gz,C:NOC,1,True,0.0,0.0,0.0,234.0,234.0,0.0,0
comp21-2idx__C:PSC>D@25__s0.json.gz,comp21-2idx.mps.gz,C:PSC>D@25,0,True,0.0,0.0,0.0,553.0,553.0,0.0,0
comp21-2idx__C:PSC>D@25__s1.json.gz,comp21-2idx.mps.gz,C:PSC>D@25,1,True,0.0,0.0,0.0,379.0,379.0,0.0,0
comp21-2idx__C:PSC__s0.json.gz,comp21-2idx.mps.gz,C:PSC,0,True,3.9968028886505635e-15,4.107825191113079e-15,4.9960036108132044e-15,337.0,337.0,0.0,0
comp21-2idx__C:PSC__s1.json.gz,comp21-2idx.mps.gz,C:PSC,1,True,1.7763568394002505e-15,8.881784197001252e-15,7.105427357601002e-15,358.0,358.0,0.0,0
dano3_3__C:D+RST@25__s0.json.gz,dano3_3.mps.gz,C:D+RST@25,0,True,8.526512829121202e-14,1.3322676295501878e-15,4.547473508864641e-13,576.3446330306436,576.3446330306436,0.0,0
dano3_3__C:D+RST@25__s1.json.gz,dano3_3.mps.gz,C:D+RST@25,1,True,2.220446049250313e-16,0.0,3.3999469906120794e-12,576.3446330306436,576.3446330306436,0.0,0
dano3_3__C:D+RST@stall20__s0.json.gz,dano3_3.mps.gz,C:D+RST@stall20,0,True,5.684341886080802e-14,0.0,7.744915819785092e-13,576.3446330306436,576.3446330306436,0.0,0
dano3_3__C:D+RST@stall20__s1.json.gz,dano3_3.mps.gz,C:D+RST@stall20,1,True,6.481900623264227e-14,1.1102230246251565e-16,5.258016244624741e-13,576.3446330306436,576.3446330306436,0.0,0
dano3_3__C:D>PSC@25__s0.json.gz,dano3_3.mps.gz,C:D>PSC@25,0,True,1.7763568394002505e-15,0.0,6.821210263296962e-13,576.3446330306436,576.3446330306436,0.0,0
dano3_3__C:D>PSC@25__s1.json.gz,dano3_3.mps.gz,C:D>PSC@25,1,True,1.4210854715202004e-14,0.0,6.323830348264892e-13,576.3446330306436,576.3446330306436,0.0,0
dano3_3__C:D__s0.json.gz,dano3_3.mps.gz,C:D,0,True,1.7763568394002505e-14,0.0,4.170175316176028e-11,576.3446330306431,576.3446330306431,0.0,0
dano3_3__C:D__s1.json.gz,dano3_3.mps.gz,C:D,1,True,6.481900623264227e-14,1.1102230246251565e-16,5.258016244624741e-13,576.3446330306436,576.3446330306436,0.0,0
dano3_3__C:D__s2.json.gz,dano3_3.mps.gz,C:D,2,True,1.4210854715202004e-14,0.0,2.3163693185779266e-12,576.3446330306436,576.3446330306436,0.0,0
dano3_3__C:D__s3.json.gz,dano3_3.mps.gz,C:D,3,True,5.3290705182007514e-14,4.440892098500626e-16,6.0680349633912556e-12,576.344633030644,576.344633030644,0.0,0
dano3_3__C:D__s4.json.gz,dano3_3.mps.gz,C:D,4,True,4.973799150320701e-14,0.0,6.821210263296962e-13,576.3446330306436,576.3446330306436,0.0,0
dano3_3__C:HEU>HOFF@25__s0.json.gz,dano3_3.mps.gz,C:HEU>HOFF@25,0,True,4.440892098500626e-16,0.0,5.977440764581843e-13,576.3446330306436,576.3446330306436,0.0,0
dano3_3__C:HEU>HOFF@25__s1.json.gz,dano3_3.mps.gz,C:HEU>HOFF@25,1,True,7.105427357601002e-14,0.0,7.815970093361102e-13,576.3446330306435,576.3446330306435,0.0,0
dano3_3__C:HEU__s0.json.gz,dano3_3.mps.gz,C:HEU,0,True,2.1316282072803006e-14,0.0,2.120970066243899e-12,576.3446330306436,576.3446330306436,0.0,0
dano3_3__C:HEU__s1.json.gz,dano3_3.mps.gz,C:HEU,1,True,7.105427357601002e-14,0.0,7.815970093361102e-13,576.3446330306435,576.3446330306435,0.0,0
dano3_3__C:HEU__s2.json.gz,dano3_3.mps.gz,C:HEU,2,True,2.220446049250313e-16,0.0,1.5347723092418164e-12,576.3446330306436,576.3446330306436,0.0,0
dano3_3__C:HEU__s3.json.gz,dano3_3.mps.gz,C:HEU,3,True,1.4210854715202004e-14,0.0,3.517186542012496e-13,576.3446330306435,576.3446330306435,0.0,0
dano3_3__C:HEU__s4.json.gz,dano3_3.mps.gz,C:HEU,4,True,4.973799150320701e-14,0.0,6.821210263296962e-13,576.3446330306436,576.3446330306436,0.0,0
dano3_3__C:HOFF>HEU@stall20__s0.json.gz,dano3_3.mps.gz,C:HOFF>HEU@stall20,0,True,2.2135287718383183e-14,0.0,1.686828454694478e-11,576.3446330306435,576.3446330306435,0.0,0
dano3_3__C:HOFF>HEU@stall20__s1.json.gz,dano3_3.mps.gz,C:HOFF>HEU@stall20,1,True,6.397456123458861e-14,3.0831594918645873e-16,1.7124079931818414e-12,576.3446330306436,576.3446330306436,0.0,0
dano3_3__C:HOFF__s0.json.gz,dano3_3.mps.gz,C:HOFF,0,True,0.0,0.0,3.133209247607738e-10,576.3446330306418,576.3446330306418,0.0,0
dano3_3__C:HOFF__s1.json.gz,dano3_3.mps.gz,C:HOFF,1,True,2.4868995751603507e-14,0.0,1.1819878409369267e-11,576.344633030644,576.344633030644,0.0,0
dano3_3__C:HOFF__s2.json.gz,dano3_3.mps.gz,C:HOFF,2,True,2.842170943040401e-14,0.0,1.0976997089073848e-11,576.344633030644,576.344633030644,0.0,0
dano3_3__C:HOFF__s3.json.gz,dano3_3.mps.gz,C:HOFF,3,True,1.4210854715202004e-14,0.0,3.69020369817008e-11,576.344633030642,576.344633030642,0.0,0
dano3_3__C:HOFF__s4.json.gz,dano3_3.mps.gz,C:HOFF,4,True,1.2079226507921703e-13,0.0,3.7333691693675064e-11,576.344633030641,576.344633030641,0.0,0
dano3_3__C:INF__s0.json.gz,dano3_3.mps.gz,C:INF,0,True,2.1316282072803006e-14,0.0,1.1368683772161603e-12,576.3446330306436,576.3446330306436,0.0,0
dano3_3__C:INF__s1.json.gz,dano3_3.mps.gz,C:INF,1,True,7.105427357601002e-15,0.0,9.805489753489383e-13,576.3446330306436,576.3446330306436,0.0,0
dano3_3__C:INF__s2.json.gz,dano3_3.mps.gz,C:INF,2,True,7.105427357601002e-15,0.0,5.151434834260726e-13,576.3446330306435,576.3446330306435,0.0,0
dano3_3__C:INF__s3.json.gz,dano3_3.mps.gz,C:INF,3,True,0.0,0.0,4.618527782440651e-13,576.3446330306436,576.3446330306436,0.0,0
dano3_3__C:INF__s4.json.gz,dano3_3.mps.gz,C:INF,4,True,2.842170943040401e-14,0.0,1.7781331962396507e-12,576.3446330306436,576.3446330306436,0.0,0
dano3_3__C:NOC__s0.json.gz,dano3_3.mps.gz,C:NOC,0,True,2.1316282072803006e-14,0.0,8.810729923425242e-12,576.3446330306439,576.3446330306439,0.0,0
dano3_3__C:NOC__s1.json.gz,dano3_3.mps.gz,C:NOC,1,True,0.0,0.0,1.4281908988778014e-12,576.3446330306436,576.3446330306436,0.0,0
dano3_3__C:NOC__s2.json.gz,dano3_3.mps.gz,C:NOC,2,True,1.4210854715202004e-14,0.0,7.034373084024992e-13,576.3446330306435,576.3446330306435,0.0,0
dano3_3__C:NOC__s3.json.gz,dano3_3.mps.gz,C:NOC,3,True,6.328271240363392e-15,0.0,8.597567102697212e-13,576.3446330306436,576.3446330306436,0.0,0
dano3_3__C:NOC__s4.json.gz,dano3_3.mps.gz,C:NOC,4,True,0.0,0.0,7.460698725481052e-13,576.3446330306436,576.3446330306436,0.0,0
dano3_3__C:PSC>D@25__s0.json.gz,dano3_3.mps.gz,C:PSC>D@25,0,True,8.881784197001252e-15,0.0,1.1617373729677638e-12,576.3446330306436,576.3446330306436,0.0,0
dano3_3__C:PSC>D@25__s1.json.gz,dano3_3.mps.gz,C:PSC>D@25,1,True,7.105427357601002e-15,0.0,1.2398970739013748e-12,576.3446330306435,576.3446330306435,0.0,0
dano3_3__C:PSC__s0.json.gz,dano3_3.mps.gz,C:PSC,0,True,2.220446049250313e-16,1.1102230246251565e-16,1.0125233984581428e-12,576.3446330306435,576.3446330306435,0.0,0
dano3_3__C:PSC__s1.json.gz,dano3_3.mps.gz,C:PSC,1,True,1.7763568394002505e-14,0.0,1.3855583347321954e-12,576.3446330306435,576.3446330306435,0.0,0
dano3_3__C:PSC__s2.json.gz,dano3_3.mps.gz,C:PSC,2,True,9.947598300641403e-14,1.1102230246251565e-16,7.318590178329032e-13,576.3446330306436,576.3446330306436,0.0,0
dano3_3__C:PSC__s3.json.gz,dano3_3.mps.gz,C:PSC,3,True,0.0,0.0,1.1368683772161603e-12,576.3446330306436,576.3446330306436,0.0,0
dano3_3__C:PSC__s4.json.gz,dano3_3.mps.gz,C:PSC,4,True,0.0,0.0,8.633094239485217e-13,576.3446330306436,576.3446330306436,0.0,0
dws008-01__C:D__s0.json.gz,dws008-01.mps.gz,C:D,0,True,1.4210854715202004e-14,0.0,6.414622474707543e-14,64160.4190289732,64160.41902897319,1.134025887657902e-16,0
dws008-01__C:HEU__s1.json.gz,dws008-01.mps.gz,C:HEU,1,True,3.552713678800501e-15,3.2297397080004553e-15,6.026849013198694e-14,40457.30733468438,40457.30733468439,1.7984285394954316e-16,0
dws008-01__C:HOFF>HEU@stall20__s0.json.gz,dws008-01.mps.gz,C:HOFF>HEU@stall20,0,True,0.0,0.0,4.4695162249819704e-14,52596.27829935221,52596.27829935221,0.0,0
dws008-01__C:HOFF>HEU@stall20__s1.json.gz,dws008-01.mps.gz,C:HOFF>HEU@stall20,1,True,0.0,0.0,3.3007124728194513e-14,52673.49838621494,52673.49838621493,1.381331758303641e-16,0
dws008-01__C:NOC__s1.json.gz,dws008-01.mps.gz,C:NOC,1,True,0.0,0.0,1.702436612494137e-14,48371.668804838344,48371.66880483835,1.5041775059568861e-16,0
eil33-2__C:D+RST@25__s0.json.gz,eil33-2.mps.gz,C:D+RST@25,0,True,0.0,0.0,0.0,934.007916,934.0079159999987,1.460632216589687e-15,0
eil33-2__C:D+RST@25__s1.json.gz,eil33-2.mps.gz,C:D+RST@25,1,True,0.0,0.0,0.0,934.007916,934.0079159999996,4.868774055298952e-16,0
eil33-2__C:D+RST@stall20__s0.json.gz,eil33-2.mps.gz,C:D+RST@stall20,0,True,0.0,0.0,0.0,934.007916,934.0079159999996,4.868774055298952e-16,0
eil33-2__C:D+RST@stall20__s1.json.gz,eil33-2.mps.gz,C:D+RST@stall20,1,True,5.273559366969494e-16,7.771561172376096e-16,2.220446049250313e-16,934.0079160000001,934.0079159999996,6.085967569123691e-16,0
eil33-2__C:D>PSC@25__s0.json.gz,eil33-2.mps.gz,C:D>PSC@25,0,True,0.0,0.0,0.0,934.007916,934.0079159999987,1.460632216589687e-15,0
eil33-2__C:D>PSC@25__s1.json.gz,eil33-2.mps.gz,C:D>PSC@25,1,True,0.0,0.0,0.0,934.007916,934.0079159999996,4.868774055298952e-16,0
eil33-2__C:D__s0.json.gz,eil33-2.mps.gz,C:D,0,True,0.0,0.0,0.0,934.007916,934.0079159999996,4.868774055298952e-16,0
eil33-2__C:D__s1.json.gz,eil33-2.mps.gz,C:D,1,True,0.0,0.0,0.0,934.007916,934.0079159999996,4.868774055298952e-16,0
eil33-2__C:HEU>HOFF@25__s0.json.gz,eil33-2.mps.gz,C:HEU>HOFF@25,0,True,0.0,0.0,0.0,934.007916,934.0079159999987,1.460632216589687e-15,0
eil33-2__C:HEU>HOFF@25__s1.json.gz,eil33-2.mps.gz,C:HEU>HOFF@25,1,True,0.0,0.0,0.0,934.007916,934.0079159999987,1.460632216589687e-15,0
eil33-2__C:HEU__s0.json.gz,eil33-2.mps.gz,C:HEU,0,True,0.0,0.0,0.0,934.007916,934.0079159999987,1.460632216589687e-15,0
eil33-2__C:HEU__s1.json.gz,eil33-2.mps.gz,C:HEU,1,True,0.0,0.0,0.0,934.007916,934.0079159999987,1.460632216589687e-15,0
eil33-2__C:HOFF>HEU@stall20__s0.json.gz,eil33-2.mps.gz,C:HOFF>HEU@stall20,0,True,0.0,0.0,0.0,934.007916,934.0079159999987,1.460632216589687e-15,0
eil33-2__C:HOFF>HEU@stall20__s1.json.gz,eil33-2.mps.gz,C:HOFF>HEU@stall20,1,True,0.0,0.0,0.0,934.007916,934.0079159999987,1.460632216589687e-15,0
eil33-2__C:HOFF__s0.json.gz,eil33-2.mps.gz,C:HOFF,0,True,0.0,0.0,0.0,934.007916,934.0079159999987,1.460632216589687e-15,0
eil33-2__C:HOFF__s1.json.gz,eil33-2.mps.gz,C:HOFF,1,True,0.0,0.0,0.0,934.007916,934.0079159999987,1.460632216589687e-15,0
eil33-2__C:INF__s0.json.gz,eil33-2.mps.gz,C:INF,0,True,0.0,0.0,0.0,934.007916,934.0079159999996,4.868774055298952e-16,0
eil33-2__C:INF__s1.json.gz,eil33-2.mps.gz,C:INF,1,True,0.0,0.0,0.0,934.007916,934.0079159999987,1.460632216589687e-15,0
eil33-2__C:NOC__s0.json.gz,eil33-2.mps.gz,C:NOC,0,True,0.0,0.0,0.0,934.007916,934.0079159999996,4.868774055298952e-16,0
eil33-2__C:NOC__s1.json.gz,eil33-2.mps.gz,C:NOC,1,True,0.0,0.0,0.0,934.007916,934.0079159999996,4.868774055298952e-16,0
eil33-2__C:PSC>D@25__s0.json.gz,eil33-2.mps.gz,C:PSC>D@25,0,True,0.0,0.0,0.0,934.007916,934.0079159999996,4.868774055298952e-16,0
eil33-2__C:PSC>D@25__s1.json.gz,eil33-2.mps.gz,C:PSC>D@25,1,True,0.0,0.0,0.0,934.007916,934.0079159999996,4.868774055298952e-16,0
eil33-2__C:PSC__s0.json.gz,eil33-2.mps.gz,C:PSC,0,True,0.0,0.0,0.0,934.007916,934.0079159999996,4.868774055298952e-16,0
eil33-2__C:PSC__s1.json.gz,eil33-2.mps.gz,C:PSC,1,True,0.0,0.0,0.0,934.007916,934.0079159999996,4.868774055298952e-16,0
gen-ip054__C:D+RST@25__s0.json.gz,gen-ip054.mps.gz,C:D+RST@25,0,True,0.0,0.0,0.0,6840.9656417920005,6840.9656417920005,0.0,0
gen-ip054__C:D+RST@25__s1.json.gz,gen-ip054.mps.gz,C:D+RST@25,1,True,0.0,0.0,0.0,6840.9656417920005,6840.965641792,1.3294829259436025e-16,0
gen-ip054__C:D+RST@stall20__s0.json.gz,gen-ip054.mps.gz,C:D+RST@stall20,0,True,0.0,0.0,0.0,6849.35351411,6849.35351411,0.0,0
gen-ip054__C:D+RST@stall20__s1.json.gz,gen-ip054.mps.gz,C:D+RST@stall20,1,True,0.0,0.0,0.0,6840.9656417920005,6840.965641792,1.3294829259436025e-16,0
gen-ip054__C:D>PSC@25__s0.json.gz,gen-ip054.mps.gz,C:D>PSC@25,0,True,0.0,0.0,0.0,6849.146852632,6849.146852632,0.0,0
gen-ip054__C:D>PSC@25__s1.json.gz,gen-ip054.mps.gz,C:D>PSC@25,1,True,0.0,0.0,0.0,6840.9656417920005,6840.9656417920005,0.0,0
gen-ip054__C:D__s0.json.gz,gen-ip054.mps.gz,C:D,0,True,0.0,0.0,0.0,6849.146852632,6849.146852632,0.0,0
gen-ip054__C:D__s1.json.gz,gen-ip054.mps.gz,C:D,1,True,0.0,0.0,0.0,6840.9656417920005,6840.9656417920005,0.0,0
gen-ip054__C:HEU>HOFF@25__s0.json.gz,gen-ip054.mps.gz,C:HEU>HOFF@25,0,True,0.0,0.0,0.0,6855.182755508,6855.182755508,0.0,0
gen-ip054__C:HEU>HOFF@25__s1.json.gz,gen-ip054.mps.gz,C:HEU>HOFF@25,1,True,0.0,0.0,0.0,6849.471439968,6849.471439968,0.0,0
gen-ip054__C:HEU__s0.json.gz,gen-ip054.mps.gz,C:HEU,0,True,0.0,0.0,0.0,6849.146852632,6849.146852632001,1.3278948770435928e-16,0
gen-ip054__C:HEU__s1.json.gz,gen-ip054.mps.gz,C:HEU,1,True,0.0,0.0,0.0,6851.942491707,6851.942491707,0.0,0
gen-ip054__C:HOFF>HEU@stall20__s0.json.gz,gen-ip054.mps.gz,C:HOFF>HEU@stall20,0,True,0.0,5.121618240622183e-09,0.0,6851.1254991979995,6851.125499198,1.3275113729552824e-16,0
gen-ip054__C:HOFF>HEU@stall20__s1.json.gz,gen-ip054.mps.gz,C:HOFF>HEU@stall20,1,True,0.0,0.0,0.0,6851.125500198,6851.125500198,0.0,0
gen-ip054__C:HOFF__s0.json.gz,gen-ip054.mps.gz,C:HOFF,0,True,0.0,0.0,0.0,6851.125500198,6851.125500198,0.0,0
gen-ip054__C:HOFF__s1.json.gz,gen-ip054.mps.gz,C:HOFF,1,True,0.0,0.0,0.0,6851.125500198,6851.125500198,0.0,0
gen-ip054__C:INF__s0.json.gz,gen-ip054.mps.gz,C:INF,0,True,0.0,0.0,0.0,6840.9656417920005,6840.9656417920005,0.0,0
gen-ip054__C:INF__s1.json.gz,gen-ip054.mps.gz,C:INF,1,True,0.0,0.0,0.0,6840.9656417920005,6840.9656417920005,0.0,0
gen-ip054__C:NOC__s0.json.gz,gen-ip054.mps.gz,C:NOC,0,True,0.0,0.0,0.0,6840.9656417920005,6840.9656417920005,0.0,0
gen-ip054__C:NOC__s1.json.gz,gen-ip054.mps.gz,C:NOC,1,True,0.0,0.0,0.0,6850.205846427,6850.205846427,0.0,0
gen-ip054__C:PSC>D@25__s0.json.gz,gen-ip054.mps.gz,C:PSC>D@25,0,True,0.0,0.0,0.0,6840.9656417920005,6840.965641792001,1.3294829259436022e-16,0
gen-ip054__C:PSC>D@25__s1.json.gz,gen-ip054.mps.gz,C:PSC>D@25,1,True,0.0,0.0,0.0,6840.9656417920005,6840.9656417920005,0.0,0
gen-ip054__C:PSC__s0.json.gz,gen-ip054.mps.gz,C:PSC,0,True,0.0,0.0,0.0,6840.9656417920005,6840.965641792001,1.3294829259436022e-16,0
gen-ip054__C:PSC__s1.json.gz,gen-ip054.mps.gz,C:PSC,1,True,0.0,0.0,0.0,6840.9656417920005,6840.9656417920005,0.0,0
glass-sc__C:D+RST@25__s0.json.gz,glass-sc.mps.gz,C:D+RST@25,0,True,0.0,0.0,0.0,23.0,23.0,0.0,0
glass-sc__C:D+RST@25__s1.json.gz,glass-sc.mps.gz,C:D+RST@25,1,True,0.0,0.0,0.0,23.0,23.0,0.0,0
glass-sc__C:D+RST@stall20__s0.json.gz,glass-sc.mps.gz,C:D+RST@stall20,0,True,0.0,0.0,0.0,23.0,23.0,0.0,0
glass-sc__C:D+RST@stall20__s1.json.gz,glass-sc.mps.gz,C:D+RST@stall20,1,True,0.0,0.0,0.0,23.0,23.0,0.0,0
glass-sc__C:D>PSC@25__s0.json.gz,glass-sc.mps.gz,C:D>PSC@25,0,True,0.0,0.0,0.0,23.0,23.0,0.0,0
glass-sc__C:D>PSC@25__s1.json.gz,glass-sc.mps.gz,C:D>PSC@25,1,True,0.0,0.0,0.0,23.0,23.0,0.0,0
glass-sc__C:D__s0.json.gz,glass-sc.mps.gz,C:D,0,True,0.0,0.0,0.0,23.0,23.0,0.0,0
glass-sc__C:D__s1.json.gz,glass-sc.mps.gz,C:D,1,True,0.0,0.0,0.0,23.0,23.0,0.0,0
glass-sc__C:HEU>HOFF@25__s0.json.gz,glass-sc.mps.gz,C:HEU>HOFF@25,0,True,0.0,0.0,0.0,23.0,23.0,0.0,0
glass-sc__C:HEU>HOFF@25__s1.json.gz,glass-sc.mps.gz,C:HEU>HOFF@25,1,True,0.0,0.0,0.0,23.0,23.0,0.0,0
glass-sc__C:HEU__s0.json.gz,glass-sc.mps.gz,C:HEU,0,True,0.0,0.0,0.0,23.0,23.0,0.0,0
glass-sc__C:HEU__s1.json.gz,glass-sc.mps.gz,C:HEU,1,True,0.0,0.0,0.0,23.0,23.0,0.0,0
glass-sc__C:HOFF>HEU@stall20__s0.json.gz,glass-sc.mps.gz,C:HOFF>HEU@stall20,0,True,0.0,0.0,0.0,24.0,24.0,0.0,0
glass-sc__C:HOFF>HEU@stall20__s1.json.gz,glass-sc.mps.gz,C:HOFF>HEU@stall20,1,True,0.0,0.0,0.0,24.0,24.0,0.0,0
glass-sc__C:HOFF__s0.json.gz,glass-sc.mps.gz,C:HOFF,0,True,0.0,1.1102230246251565e-16,0.0,44.0,43.99999999999999,1.614869854000228e-16,0
glass-sc__C:HOFF__s1.json.gz,glass-sc.mps.gz,C:HOFF,1,True,0.0,0.0,0.0,44.0,43.99999999999999,1.614869854000228e-16,0
glass-sc__C:INF__s0.json.gz,glass-sc.mps.gz,C:INF,0,True,0.0,0.0,0.0,23.0,23.0,0.0,0
glass-sc__C:INF__s1.json.gz,glass-sc.mps.gz,C:INF,1,True,0.0,0.0,0.0,23.0,23.0,0.0,0
glass-sc__C:NOC__s0.json.gz,glass-sc.mps.gz,C:NOC,0,True,0.0,0.0,0.0,23.0,23.0,0.0,0
glass-sc__C:NOC__s1.json.gz,glass-sc.mps.gz,C:NOC,1,True,0.0,0.0,0.0,23.0,23.0,0.0,0
glass-sc__C:PSC>D@25__s0.json.gz,glass-sc.mps.gz,C:PSC>D@25,0,True,0.0,0.0,0.0,23.0,23.0,0.0,0
glass-sc__C:PSC>D@25__s1.json.gz,glass-sc.mps.gz,C:PSC>D@25,1,True,0.0,0.0,0.0,23.0,23.0,0.0,0
glass-sc__C:PSC__s0.json.gz,glass-sc.mps.gz,C:PSC,0,True,0.0,0.0,0.0,23.0,23.0,0.0,0
glass-sc__C:PSC__s1.json.gz,glass-sc.mps.gz,C:PSC,1,True,0.0,0.0,0.0,23.0,23.0,0.0,0
graphdraw-domain__C:D+RST@25__s0.json.gz,graphdraw-domain.mps.gz,C:D+RST@25,0,True,1.4210854715202004e-14,1.4210854715202004e-14,7.105427357601002e-15,19686.000000000015,19686.000000000015,0.0,0
graphdraw-domain__C:D+RST@25__s1.json.gz,graphdraw-domain.mps.gz,C:D+RST@25,1,True,7.105427357601002e-15,6.750155989720952e-14,1.4210854715202004e-14,19686.0,19686.0,0.0,0
graphdraw-domain__C:D+RST@stall20__s0.json.gz,graphdraw-domain.mps.gz,C:D+RST@stall20,0,True,0.0,0.0,0.0,19686.0,19686.0,0.0,0
graphdraw-domain__C:D+RST@stall20__s1.json.gz,graphdraw-domain.mps.gz,C:D+RST@stall20,1,True,4.440892098500626e-16,4.973799150320701e-14,3.552713678800501e-14,19686.0,19686.0,0.0,0
graphdraw-domain__C:D>PSC@25__s0.json.gz,graphdraw-domain.mps.gz,C:D>PSC@25,0,True,0.0,0.0,0.0,19686.0,19686.0,0.0,0
graphdraw-domain__C:D>PSC@25__s1.json.gz,graphdraw-domain.mps.gz,C:D>PSC@25,1,True,6.315460974694661e-15,2.842170943040401e-14,3.197442310920451e-14,19685.999999999996,19685.999999999996,0.0,0
graphdraw-domain__C:D__s0.json.gz,graphdraw-domain.mps.gz,C:D,0,True,0.0,0.0,0.0,19686.0,19686.0,0.0,0
graphdraw-domain__C:D__s1.json.gz,graphdraw-domain.mps.gz,C:D,1,True,2.220446049250313e-16,1.4210854715202004e-14,4.973799150320701e-14,19685.999999999993,19685.999999999993,0.0,0
graphdraw-domain__C:HEU>HOFF@25__s0.json.gz,graphdraw-domain.mps.gz,C:HEU>HOFF@25,0,True,1.1102230246251565e-16,7.105427357601002e-15,2.1316282072803006e-14,19686.000000000007,19686.000000000007,0.0,0
graphdraw-domain__C:HEU>HOFF@25__s1.json.gz,graphdraw-domain.mps.gz,C:HEU>HOFF@25,1,True,0.0,3.552713678800501e-15,3.8759674877060966e-08,19685.999995000002,19685.999995000002,0.0,0
graphdraw-domain__C:HEU__s0.json.gz,graphdraw-domain.mps.gz,C:HEU,0,True,0.0,4.057975466764674e-08,4.508861629738527e-09,19847.999985999984,19847.999985999988,1.8329195937413354e-16,0
graphdraw-domain__C:HEU__s1.json.gz,graphdraw-domain.mps.gz,C:HEU,1,True,0.0,3.552713678800501e-15,3.8759674877060966e-08,19685.999995000002,19685.999995000002,0.0,0
graphdraw-domain__C:HOFF>HEU@stall20__s0.json.gz,graphdraw-domain.mps.gz,C:HOFF>HEU@stall20,0,True,1.4035094864084385e-07,1.4035094864084385e-07,1.4035094864084385e-07,19685.99997599999,19685.99997599999,0.0,0
graphdraw-domain__C:HOFF>HEU@stall20__s1.json.gz,graphdraw-domain.mps.gz,C:HOFF>HEU@stall20,1,True,2.023120604377482e-07,2.023120604377482e-07,4.046241208754964e-07,19685.999965000014,19685.999965000014,0.0,0
graphdraw-domain__C:HOFF__s0.json.gz,graphdraw-domain.mps.gz,C:HOFF,0,True,0.0,1.1102230246251565e-16,2.4868995751603507e-14,19686.0,19686.0,0.0,0
graphdraw-domain__C:HOFF__s1.json.gz,graphdraw-domain.mps.gz,C:HOFF,1,True,2.842170943040401e-14,4.973799150320701e-14,2.4868995751603507e-14,19686.000000000004,19686.000000000004,0.0,0
graphdraw-domain__C:INF__s0.json.gz,graphdraw-domain.mps.gz,C:INF,0,True,6.750155989720952e-14,7.105427357601002e-14,1.3500311979441904e-13,21054.999999999975,21054.999999999975,0.0,0
graphdraw-domain__C:INF__s1.json.gz,graphdraw-domain.mps.gz,C:INF,1,True,0.0,0.0,4.440892098500626e-16,19686.0,19686.0,0.0,0
graphdraw-domain__C:NOC__s0.json.gz,graphdraw-domain.mps.gz,C:NOC,0,True,0.0,0.0,0.0,20616.0,20616.0,0.0,0
graphdraw-domain__C:NOC__s1.json.gz,graphdraw-domain.mps.gz,C:NOC,1,True,0.0,0.0,0.0,20283.0,20283.0,0.0,0
graphdraw-domain__C:PSC>D@25__s0.json.gz,graphdraw-domain.mps.gz,C:PSC>D@25,0,True,7.105427357601002e-15,7.105427357601002e-15,6.394884621840902e-14,19685.999999999996,19685.999999999996,0.0,0
graphdraw-domain__C:PSC>D@25__s1.json.gz,graphdraw-domain.mps.gz,C:PSC>D@25,1,True,2.2608177956003187e-15,2.4868995751603507e-14,2.4868995751603507e-14,19686.00000000002,19686.00000000002,0.0,0
graphdraw-domain__C:PSC__s0.json.gz,graphdraw-domain.mps.gz,C:PSC,0,True,2.1316282072803006e-14,2.1316282072803006e-14,7.105427357601002e-14,19685.999999999993,19685.999999999993,0.0,0
graphdraw-domain__C:PSC__s1.json.gz,graphdraw-domain.mps.gz,C:PSC,1,True,1.6653345369377348e-16,4.618527782440651e-14,1.4210854715202004e-14,19686.00000000001,19686.00000000001,0.0,0
h80x6320d__C:D+RST@25__s0.json.gz,h80x6320d.mps.gz,C:D+RST@25,0,True,2.0694557179012918e-13,9.103828801926284e-15,2.595257342363766e-12,6382.09905,6382.0990499999925,1.1400571437673683e-15,0
h80x6320d__C:D+RST@25__s1.json.gz,h80x6320d.mps.gz,C:D+RST@25,1,True,2.7019185831519054e-13,2.309600681381294e-14,8.661254910899264e-12,6382.099050000001,6382.099049999999,2.850142859418418e-16,0
h80x6320d__C:D+RST@stall20__s0.json.gz,h80x6320d.mps.gz,C:D+RST@stall20,0,True,2.0694557179012918e-13,9.103828801926284e-15,2.595257342363766e-12,6382.099050000001,6382.0990499999925,1.2825642867382892e-15,0
h80x6320d__C:D+RST@stall20__s1.json.gz,h80x6320d.mps.gz,C:D+RST@stall20,1,True,2.7019185831519054e-13,2.309600681381294e-14,8.661254910899264e-12,6382.099050000001,6382.099049999999,2.850142859418418e-16,0
h80x6320d__C:D>PSC@25__s0.json.gz,h80x6320d.mps.gz,C:D>PSC@25,0,True,2.0694557179012918e-13,9.103828801926284e-15,2.595257342363766e-12,6382.099050000001,6382.0990499999925,1.2825642867382892e-15,0
h80x6320d__C:D>PSC@25__s1.json.gz,h80x6320d.mps.gz,C:D>PSC@25,1,True,2.7019185831519054e-13,2.309600681381294e-14,8.661254910899264e-12,6382.099050000001,6382.099049999999,2.850142859418418e-16,0
h80x6320d__C:D__s0.json.gz,h80x6320d.mps.gz,C:D,0,True,2.0694557179012918e-13,9.103828801926284e-15,2.595257342363766e-12,6382.099050000001,6382.0990499999925,1.2825642867382892e-15,0
h80x6320d__C:D__s1.json.gz,h80x6320d.mps.gz,C:D,1,True,2.7019185831519054e-13,2.309600681381294e-14,8.661254910899264e-12,6382.099050000001,6382.099049999999,2.850142859418418e-16,0
h80x6320d__C:D__s2.json.gz,h80x6320d.mps.gz,C:D,2,True,6.039686865769181e-13,1.7963408538435033e-13,6.861800017077258e-11,6382.099050000001,6382.099049999994,9.97550000796447e-16,0
h80x6320d__C:D__s3.json.gz,h80x6320d.mps.gz,C:D,3,True,8.304468224196171e-14,2.737790389312499e-15,5.373528976842435e-13,6382.09905,6382.099049999997,4.275214289127628e-16,0
h80x6320d__C:D__s4.json.gz,h80x6320d.mps.gz,C:D,4,True,1.0613732115416497e-13,4.685718479890389e-14,1.7993158962779094e-11,6382.09905,6382.099049999997,4.275214289127628e-16,0
h80x6320d__C:HEU>HOFF@25__s0.json.gz,h80x6320d.mps.gz,C:HEU>HOFF@25,0,True,1.8562928971732617e-13,2.4014124022642136e-13,7.174906926291333e-12,6382.09905,6382.09905,0.0,0
h80x6320d__C:HEU>HOFF@25__s1.json.gz,h80x6320d.mps.gz,C:HEU>HOFF@25,1,True,7.309708394132031e-13,3.8968828164342995e-14,1.3652720723470429e-11,6382.09905,6382.099050000001,1.4250714297092084e-16,0
h80x6320d__C:HEU__s0.json.gz,h80x6320d.mps.gz,C:HEU,0,True,1.0658141036401503e-13,9.43689570931383e-15,3.0482283364108298e-12,6382.09905,6382.099049999996,5.700285718836839e-16,0
h80x6320d__C:HEU__s1.json.gz,h80x6320d.mps.gz,C:HEU,1,True,2.5574679695980324e-13,1.759703494030873e-14,6.616485137556083e-12,6382.099050000001,6382.099049999997,5.700285718836838e-16,0
h80x6320d__C:HEU__s2.json.gz,h80x6320d.mps.gz,C:HEU,2,True,1.4299672557172016e-13,2.5354321816653926e-12,6.679101716144942e-12,6382.099050000001,6382.099049999999,2.850142859418418e-16,0
h80x6320d__C:HEU__s3.json.gz,h80x6320d.mps.gz,C:HEU,3,True,8.593126210598651e-14,1.1324274851176597e-14,4.348521542851813e-12,6382.09905,6382.09905,0.0,0
h80x6320d__C:HEU__s4.json.gz,h80x6320d.mps.gz,C:HEU,4,True,4.837746774209866e-14,7.549516567451064e-15,2.85063689415911e-12,6382.099050000001,6382.099049999997,5.700285718836838e-16,0
h80x6320d__C:HOFF>HEU@stall20__s0.json.gz,h80x6320d.mps.gz,C:HOFF>HEU@stall20,0,True,1.2434497875801753e-14,0.0,6.754596881819454e-13,6382.09905,6382.099049999997,4.275214289127628e-16,0
h80x6320d__C:HOFF>HEU@stall20__s1.json.gz,h80x6320d.mps.gz,C:HOFF>HEU@stall20,1,True,8.216253071447422e-13,9.947598300641403e-14,2.8928297832175277e-11,6382.099050000001,6382.099050000001,0.0,0
h80x6320d__C:HOFF__s0.json.gz,h80x6320d.mps.gz,C:HOFF,0,True,5.993537208608062e-13,5.973818941919377e-14,2.2401821032197662e-11,6382.099050000001,6382.09905,1.4250714297092087e-16,0
h80x6320d__C:HOFF__s1.json.gz,h80x6320d.mps.gz,C:HOFF,1,True,1.1540638978459002e-12,1.1324274851176597e-13,2.91118111928322e-11,6382.099050000001,6382.099050000001,0.0,0
h80x6320d__C:HOFF__s2.json.gz,h80x6320d.mps.gz,C:HOFF,2,True,2.5168006955495413e-12,5.128120150743598e-13,1.3808936665038057e-10,6382.099050000001,6382.099050000002,1.4250714297092084e-16,0
h80x6320d__C:HOFF__s3.json.gz,h80x6320d.mps.gz,C:HOFF,3,True,1.5151591531671965e-12,3.8824499171141724e-13,9.163758296527236e-11,6382.099050000004,6382.099050000005,1.4250714297092074e-16,0
h80x6320d__C:HOFF__s4.json.gz,h80x6320d.mps.gz,C:HOFF,4,True,3.181666246346474e-12,8.125775482989284e-13,1.0728157755261976e-10,6382.099050000001,6382.099050000001,0.0,0
h80x6320d__C:INF__s0.json.gz,h80x6320d.mps.gz,C:INF,0,True,2.0694557179012918e-13,9.103828801926284e-15,2.595257342363766e-12,6382.099050000001,6382.0990499999925,1.2825642867382892e-15,0
h80x6320d__C:INF__s1.json.gz,h80x6320d.mps.gz,C:INF,1,True,2.7019185831519054e-13,2.309600681381294e-14,8.661254910899264e-12,6382.099050000001,6382.099049999999,2.850142859418418e-16,0
h80x6320d__C:INF__s2.json.gz,h80x6320d.mps.gz,C:INF,2,True,6.039686865769181e-13,1.7963408538435033e-13,6.861800017077258e-11,6382.099050000001,6382.099049999994,9.97550000796447e-16,0
h80x6320d__C:INF__s3.json.gz,h80x6320d.mps.gz,C:INF,3,True,1.3816108750890835e-15,1.554312234475219e-14,5.305385760342081e-13,6382.09905,6382.099049999996,5.700285718836839e-16,0
h80x6320d__C:INF__s4.json.gz,h80x6320d.mps.gz,C:INF,4,True,2.7144952952085077e-13,4.685718479890389e-14,1.7993158962779094e-11,6382.09905,6382.099049999996,5.700285718836839e-16,0
h80x6320d__C:NOC__s0.json.gz,h80x6320d.mps.gz,C:NOC,0,True,0.0,0.0,0.0,6465.213037,6465.213036999998,4.220253980346581e-16,0
h80x6320d__C:NOC__s1.json.gz,h80x6320d.mps.gz,C:NOC,1,True,0.0,0.0,9.473903143468002e-15,6461.140301,6461.140300999998,4.2229141888413943e-16,0
h80x6320d__C:NOC__s2.json.gz,h80x6320d.mps.gz,C:NOC,2,True,0.0,1.1102230246251565e-16,0.0,6470.411989,6470.411988999998,2.811242014632489e-16,0
h80x6320d__C:NOC__s3.json.gz,h80x6320d.mps.gz,C:NOC,3,True,0.0,0.0,0.0,6460.437072,6460.437071999999,1.4077912866216808e-16,0
h80x6320d__C:NOC__s4.json.gz,h80x6320d.mps.gz,C:NOC,4,True,0.0,0.0,0.0,6488.3665470000005,6488.366546999997,5.606925534707641e-16,0
h80x6320d__C:PSC>D@25__s0.json.gz,h80x6320d.mps.gz,C:PSC>D@25,0,True,2.0694557179012918e-13,9.103828801926284e-15,2.595257342363766e-12,6382.099050000001,6382.0990499999925,1.2825642867382892e-15,0
h80x6320d__C:PSC>D@25__s1.json.gz,h80x6320d.mps.gz,C:PSC>D@25,1,True,2.7019185831519054e-13,2.309600681381294e-14,8.661254910899264e-12,6382.099050000001,6382.099049999999,2.850142859418418e-16,0
h80x6320d__C:PSC__s0.json.gz,h80x6320d.mps.gz,C:PSC,0,True,2.0694557179012918e-13,9.103828801926284e-15,2.595257342363766e-12,6382.099050000001,6382.0990499999925,1.2825642867382892e-15,0
h80x6320d__C:PSC__s1.json.gz,h80x6320d.mps.gz,C:PSC,1,True,2.7019185831519054e-13,2.309600681381294e-14,8.661254910899264e-12,6382.099050000001,6382.099049999999,2.850142859418418e-16,0
h80x6320d__C:PSC__s2.json.gz,h80x6320d.mps.gz,C:PSC,2,True,6.039686865769181e-13,1.7963408538435033e-13,6.861800017077258e-11,6382.099050000001,6382.099049999994,9.97550000796447e-16,0
h80x6320d__C:PSC__s3.json.gz,h80x6320d.mps.gz,C:PSC,3,True,1.103308130329922e-12,1.8551826741486366e-13,7.188916129052814e-12,6382.099050000005,6382.099049999997,1.2825642867382884e-15,0
h80x6320d__C:PSC__s4.json.gz,h80x6320d.mps.gz,C:PSC,4,True,2.7144952952085077e-13,4.685718479890389e-14,1.7993158962779094e-11,6382.09905,6382.099049999996,5.700285718836839e-16,0
hypothyroid-k1__C:D+RST@25__s0.json.gz,hypothyroid-k1.mps.gz,C:D+RST@25,0,True,0.0,0.0,0.0,-2851.0,-2850.999999999999,3.1900901500278094e-16,0
hypothyroid-k1__C:D+RST@25__s1.json.gz,hypothyroid-k1.mps.gz,C:D+RST@25,1,True,0.0,0.0,0.0,-2851.0,-2850.999999999999,3.1900901500278094e-16,0
hypothyroid-k1__C:D+RST@stall20__s0.json.gz,hypothyroid-k1.mps.gz,C:D+RST@stall20,0,True,0.0,0.0,0.0,-2851.0,-2850.999999999999,3.1900901500278094e-16,0
hypothyroid-k1__C:D+RST@stall20__s1.json.gz,hypothyroid-k1.mps.gz,C:D+RST@stall20,1,True,0.0,0.0,0.0,-2851.0,-2850.999999999999,3.1900901500278094e-16,0
hypothyroid-k1__C:D>PSC@25__s0.json.gz,hypothyroid-k1.mps.gz,C:D>PSC@25,0,True,0.0,0.0,0.0,-2851.0,-2850.999999999999,3.1900901500278094e-16,0
hypothyroid-k1__C:D>PSC@25__s1.json.gz,hypothyroid-k1.mps.gz,C:D>PSC@25,1,True,0.0,0.0,0.0,-2851.0,-2850.999999999999,3.1900901500278094e-16,0
hypothyroid-k1__C:D__s0.json.gz,hypothyroid-k1.mps.gz,C:D,0,True,0.0,0.0,0.0,-2851.0,-2850.999999999999,3.1900901500278094e-16,0
hypothyroid-k1__C:D__s1.json.gz,hypothyroid-k1.mps.gz,C:D,1,True,0.0,0.0,0.0,-2851.0,-2850.999999999999,3.1900901500278094e-16,0
hypothyroid-k1__C:HEU>HOFF@25__s0.json.gz,hypothyroid-k1.mps.gz,C:HEU>HOFF@25,0,True,0.0,0.0,0.0,-2851.0,-2850.999999999999,3.1900901500278094e-16,0
hypothyroid-k1__C:HEU>HOFF@25__s1.json.gz,hypothyroid-k1.mps.gz,C:HEU>HOFF@25,1,True,0.0,0.0,0.0,-2851.0,-2850.999999999999,3.1900901500278094e-16,0
hypothyroid-k1__C:HEU__s0.json.gz,hypothyroid-k1.mps.gz,C:HEU,0,True,0.0,0.0,0.0,-2851.0,-2850.999999999999,3.1900901500278094e-16,0
hypothyroid-k1__C:HEU__s1.json.gz,hypothyroid-k1.mps.gz,C:HEU,1,True,0.0,0.0,0.0,-2851.0,-2850.999999999999,3.1900901500278094e-16,0
hypothyroid-k1__C:HOFF>HEU@stall20__s0.json.gz,hypothyroid-k1.mps.gz,C:HOFF>HEU@stall20,0,True,0.0,0.0,0.0,-2851.0,-2851.0,0.0,0
hypothyroid-k1__C:HOFF>HEU@stall20__s1.json.gz,hypothyroid-k1.mps.gz,C:HOFF>HEU@stall20,1,True,0.0,0.0,0.0,-2851.0,-2851.0,0.0,0
hypothyroid-k1__C:HOFF__s0.json.gz,hypothyroid-k1.mps.gz,C:HOFF,0,True,0.0,0.0,0.0,-2851.0,-2851.0,0.0,0
hypothyroid-k1__C:HOFF__s1.json.gz,hypothyroid-k1.mps.gz,C:HOFF,1,True,0.0,0.0,0.0,-2851.0,-2851.0,0.0,0
hypothyroid-k1__C:INF__s0.json.gz,hypothyroid-k1.mps.gz,C:INF,0,True,0.0,0.0,0.0,-2851.0,-2850.999999999999,3.1900901500278094e-16,0
hypothyroid-k1__C:INF__s1.json.gz,hypothyroid-k1.mps.gz,C:INF,1,True,0.0,0.0,0.0,-2851.0,-2850.999999999999,3.1900901500278094e-16,0
hypothyroid-k1__C:NOC__s0.json.gz,hypothyroid-k1.mps.gz,C:NOC,0,True,0.0,0.0,0.0,-2851.0,-2851.0,0.0,0
hypothyroid-k1__C:NOC__s1.json.gz,hypothyroid-k1.mps.gz,C:NOC,1,True,0.0,0.0,0.0,-2851.0,-2851.0,0.0,0
hypothyroid-k1__C:PSC>D@25__s0.json.gz,hypothyroid-k1.mps.gz,C:PSC>D@25,0,True,0.0,0.0,0.0,-2851.0,-2850.999999999999,3.1900901500278094e-16,0
hypothyroid-k1__C:PSC>D@25__s1.json.gz,hypothyroid-k1.mps.gz,C:PSC>D@25,1,True,0.0,0.0,0.0,-2851.0,-2850.999999999999,3.1900901500278094e-16,0
hypothyroid-k1__C:PSC__s0.json.gz,hypothyroid-k1.mps.gz,C:PSC,0,True,0.0,0.0,0.0,-2851.0,-2850.999999999999,3.1900901500278094e-16,0
hypothyroid-k1__C:PSC__s1.json.gz,hypothyroid-k1.mps.gz,C:PSC,1,True,0.0,0.0,0.0,-2851.0,-2850.999999999999,3.1900901500278094e-16,0
ic97_potential__C:D+RST@25__s0.json.gz,ic97_potential.mps.gz,C:D+RST@25,0,True,1.9317880628477724e-14,1.7763568394002505e-15,4.736951571734001e-15,3946.0,3946.0,0.0,0
ic97_potential__C:D+RST@25__s1.json.gz,ic97_potential.mps.gz,C:D+RST@25,1,True,0.0,0.0,0.0,3954.0,3954.0,0.0,0
ic97_potential__C:D+RST@stall20__s0.json.gz,ic97_potential.mps.gz,C:D+RST@stall20,0,True,0.0,0.0,0.0,3955.0,3955.0,0.0,0
ic97_potential__C:D+RST@stall20__s1.json.gz,ic97_potential.mps.gz,C:D+RST@stall20,1,True,1.4921397450962104e-13,6.217248937900877e-15,8.526512829121202e-15,3943.0,3942.9999999999995,1.1533029441705914e-16,0
ic97_potential__C:D>PSC@25__s0.json.gz,ic97_potential.mps.gz,C:D>PSC@25,0,True,2.220446049250313e-16,2.220446049250313e-16,1.8947806286936006e-16,3950.0,3950.0,0.0,0
ic97_potential__C:D>PSC@25__s1.json.gz,ic97_potential.mps.gz,C:D>PSC@25,1,True,0.0,0.0,0.0,3943.0,3943.0,0.0,0
ic97_potential__C:D__s0.json.gz,ic97_potential.mps.gz,C:D,0,True,0.0,0.0,0.0,3955.0,3955.0,0.0,0
ic97_potential__C:D__s1.json.gz,ic97_potential.mps.gz,C:D,1,True,1.4921397450962104e-13,6.217248937900877e-15,8.526512829121202e-15,3943.0,3943.0,0.0,0
ic97_potential__C:HEU>HOFF@25__s0.json.gz,ic97_potential.mps.gz,C:HEU>HOFF@25,0,True,1.9184653865522705e-13,1.9184653865522705e-13,1.9520546795154752e-13,3948.0000000000005,3948.0000000000005,0.0,0
ic97_potential__C:HEU>HOFF@25__s1.json.gz,ic97_potential.mps.gz,C:HEU>HOFF@25,1,True,1.4210854715202004e-14,4.6629367034256575e-15,2.776833679982001e-15,3950.0,3950.0,0.0,0
ic97_potential__C:HEU__s0.json.gz,ic97_potential.mps.gz,C:HEU,0,True,0.0,0.0,1.3893737715875432e-08,3948.999998999651,3948.9999989996504,1.1515506482695859e-16,0
ic97_potential__C:HEU__s1.json.gz,ic97_potential.mps.gz,C:HEU,1,True,0.0,1.4285715873744005e-07,0.0,3948.999998,3948.9999979999993,1.1515506485610897e-16,0
ic97_potential__C:HOFF>HEU@stall20__s0.json.gz,ic97_potential.mps.gz,C:HOFF>HEU@stall20,0,True,0.0,5.238096794831411e-07,0.0,3944.9999889999967,3944.9999889999963,1.1527182564117987e-16,0
ic97_potential__C:HOFF>HEU@stall20__s1.json.gz,ic97_potential.mps.gz,C:HOFF>HEU@stall20,1,True,0.0,2.3076920385722843e-07,0.0,3946.9999970000003,3946.999997000001,1.1521341556425241e-16,0
ic97_potential__C:HOFF__s0.json.gz,ic97_potential.mps.gz,C:HOFF,0,True,7.105427357601002e-15,1.021405182655144e-14,3.789561257387201e-14,3947.999999999999,3947.999999999999,0.0,0
ic97_potential__C:HOFF__s1.json.gz,ic97_potential.mps.gz,C:HOFF,1,True,1.1368683772161603e-13,1.6930901125533644e-14,9.473903143468002e-15,3957.0,3957.0,0.0,0
ic97_potential__C:INF__s0.json.gz,ic97_potential.mps.gz,C:INF,0,True,1.5631940186722204e-13,1.5631940186722204e-13,1.5631940186722204e-13,3957.9999999999995,3957.9999999999995,0.0,0
ic97_potential__C:INF__s1.json.gz,ic97_potential.mps.gz,C:INF,1,True,1.2789769243681803e-13,1.2789769243681803e-13,3.4861002973229915e-14,3955.0,3955.0,0.0,0
ic97_potential__C:NOC__s0.json.gz,ic97_potential.mps.gz,C:NOC,0,True,0.0,0.0,0.0,3944.0,3944.0,0.0,0
ic97_potential__C:NOC__s1.json.gz,ic97_potential.mps.gz,C:NOC,1,True,0.0,1.4432899320127035e-15,1.6087760054945665e-15,3945.0,3945.0,0.0,0
ic97_potential__C:PSC>D@25__s0.json.gz,ic97_potential.mps.gz,C:PSC>D@25,0,True,0.0,0.0,0.0,3956.0,3956.0,0.0,0
ic97_potential__C:PSC>D@25__s1.json.gz,ic97_potential.mps.gz,C:PSC>D@25,1,True,0.0,0.0,0.0,3964.0,3964.0,0.0,0
ic97_potential__C:PSC__s0.json.gz,ic97_potential.mps.gz,C:PSC,0,True,2.2737367544323206e-13,2.842170943040401e-14,1.3195793664116147e-14,3978.0,3978.0,0.0,0
ic97_potential__C:PSC__s1.json.gz,ic97_potential.mps.gz,C:PSC,1,True,0.0,0.0,0.0,3947.0,3947.0,0.0,0
istanbul-no-cutoff__C:D+RST@25__s0.json.gz,istanbul-no-cutoff.mps.gz,C:D+RST@25,0,True,4.440892098500626e-16,0.0,8.213368616338812e-16,204.0817492414623,204.08174924146226,1.392662966484889e-16,0
istanbul-no-cutoff__C:D+RST@25__s1.json.gz,istanbul-no-cutoff.mps.gz,C:D+RST@25,1,True,2.220446049250313e-16,0.0,2.275957200481571e-15,204.08174924146232,204.08174924146226,2.785325932969778e-16,0
istanbul-no-cutoff__C:D+RST@stall20__s0.json.gz,istanbul-no-cutoff.mps.gz,C:D+RST@stall20,0,True,2.220446049250313e-16,1.1102230246251565e-16,6.85879464157324e-16,204.0817492414623,204.08174924146226,1.392662966484889e-16,0
istanbul-no-cutoff__C:D+RST@stall20__s1.json.gz,istanbul-no-cutoff.mps.gz,C:D+RST@stall20,1,True,6.661338147750939e-16,2.220446049250313e-16,9.769962616701378e-15,204.0817492414623,204.08174924146232,1.3926629664848887e-16,0
istanbul-no-cutoff__C:D>PSC@25__s0.json.gz,istanbul-no-cutoff.mps.gz,C:D>PSC@25,0,True,2.220446049250313e-16,1.1102230246251565e-16,6.85879464157324e-16,204.0817492414623,204.08174924146226,1.392662966484889e-16,0
istanbul-no-cutoff__C:D>PSC@25__s1.json.gz,istanbul-no-cutoff.mps.gz,C:D>PSC@25,1,True,6.661338147750939e-16,2.220446049250313e-16,9.769962616701378e-15,204.0817492414623,204.08174924146232,1.3926629664848887e-16,0
istanbul-no-cutoff__C:D__s0.json.gz,istanbul-no-cutoff.mps.gz,C:D,0,True,2.220446049250313e-16,1.1102230246251565e-16,6.85879464157324e-16,204.0817492414623,204.08174924146226,1.392662966484889e-16,0
istanbul-no-cutoff__C:D__s1.json.gz,istanbul-no-cutoff.mps.gz,C:D,1,True,6.661338147750939e-16,2.220446049250313e-16,9.769962616701378e-15,204.0817492414623,204.08174924146232,1.3926629664848887e-16,0
istanbul-no-cutoff__C:D__s2.json.gz,istanbul-no-cutoff.mps.gz,C:D,2,True,4.440892098500626e-16,4.440892098500626e-16,2.3592239273284576e-15,204.0817492414623,204.08174924146226,1.392662966484889e-16,0
istanbul-no-cutoff__C:D__s3.json.gz,istanbul-no-cutoff.mps.gz,C:D,3,True,1.1102230246251565e-16,0.0,4.440892098500626e-16,204.08174924146223,204.08174924146226,1.392662966484889e-16,0
istanbul-no-cutoff__C:D__s4.json.gz,istanbul-no-cutoff.mps.gz,C:D,4,True,8.881784197001252e-16,8.881784197001252e-16,1.3322676295501878e-15,204.0817492414623,204.08174924146226,1.392662966484889e-16,0
istanbul-no-cutoff__C:HEU>HOFF@25__s0.json.gz,istanbul-no-cutoff.mps.gz,C:HEU>HOFF@25,0,True,7.869599959753499e-16,7.869599959753499e-16,1.6437962102600067e-15,204.08174924146226,204.08174924146232,2.7853259329697773e-16,0
istanbul-no-cutoff__C:HEU>HOFF@25__s1.json.gz,istanbul-no-cutoff.mps.gz,C:HEU>HOFF@25,1,True,4.440892098500626e-16,0.0,4.6629367034256575e-15,204.08174924146226,204.08174924146232,2.7853259329697773e-16,0
istanbul-no-cutoff__C:HEU__s0.json.gz,istanbul-no-cutoff.mps.gz,C:HEU,0,True,4.440892098500626e-16,2.3314683517128287e-15,1.7763568394002505e-15,204.0817492414623,204.08174924146226,1.392662966484889e-16,0
istanbul-no-cutoff__C:HEU__s1.json.gz,istanbul-no-cutoff.mps.gz,C:HEU,1,True,2.220446049250313e-16,0.0,4.440892098500626e-16,204.08174924146226,204.08174924146226,0.0,0
istanbul-no-cutoff__C:HEU__s2.json.gz,istanbul-no-cutoff.mps.gz,C:HEU,2,True,1.1102230246251565e-16,0.0,8.881784197001252e-16,204.08174924146223,204.08174924146226,1.392662966484889e-16,0
istanbul-no-cutoff__C:HEU__s3.json.gz,istanbul-no-cutoff.mps.gz,C:HEU,3,True,4.440892098500626e-16,0.0,9.992007221626409e-15,204.0817492414623,204.08174924146226,1.392662966484889e-16,0
istanbul-no-cutoff__C:HEU__s4.json.gz,istanbul-no-cutoff.mps.gz,C:HEU,4,True,2.220446049250313e-16,2.220446049250313e-16,4.440892098500626e-16,204.0817492414623,204.08174924146232,1.3926629664848887e-16,0
istanbul-no-cutoff__C:HOFF>HEU@stall20__s0.json.gz,istanbul-no-cutoff.mps.gz,C:HOFF>HEU@stall20,0,True,2.220446049250313e-16,4.6629367034256575e-15,4.574118861455645e-16,204.0817492414623,204.08174924146232,1.3926629664848887e-16,0
istanbul-no-cutoff__C:HOFF>HEU@stall20__s1.json.gz,istanbul-no-cutoff.mps.gz,C:HOFF>HEU@stall20,1,True,5.551115123125783e-17,0.0,8.662822890137534e-16,204.0817492414623,204.08174924146226,1.392662966484889e-16,0
istanbul-no-cutoff__C:HOFF__s0.json.gz,istanbul-no-cutoff.mps.gz,C:HOFF,0,True,2.220446049250313e-16,4.6629367034256575e-15,4.574118861455645e-16,204.0817492414623,204.08174924146232,1.3926629664848887e-16,0
istanbul-no-cutoff__C:HOFF__s1.json.gz,istanbul-no-cutoff.mps.gz,C:HOFF,1,True,5.551115123125783e-17,0.0,8.662822890137534e-16,204.0817492414623,204.08174924146226,1.392662966484889e-16,0
istanbul-no-cutoff__C:HOFF__s2.json.gz,istanbul-no-cutoff.mps.gz,C:HOFF,2,True,1.1102230246251565e-16,0.0,4.440892098500626e-16,204.08174924146232,204.08174924146232,0.0,0
istanbul-no-cutoff__C:HOFF__s3.json.gz,istanbul-no-cutoff.mps.gz,C:HOFF,3,True,3.552713678800501e-15,3.552713678800501e-15,5.551115123125783e-15,204.0817492414623,204.08174924146232,1.3926629664848887e-16,0
istanbul-no-cutoff__C:HOFF__s4.json.gz,istanbul-no-cutoff.mps.gz,C:HOFF,4,True,4.440892098500626e-16,0.0,8.881784197001252e-16,204.0817492414623,204.08174924146226,1.392662966484889e-16,0
istanbul-no-cutoff__C:INF__s0.json.gz,istanbul-no-cutoff.mps.gz,C:INF,0,True,6.661338147750939e-16,1.7763568394002505e-15,6.33038066411018e-15,204.08174924146232,204.08174924146226,2.785325932969778e-16,0
istanbul-no-cutoff__C:INF__s1.json.gz,istanbul-no-cutoff.mps.gz,C:INF,1,True,4.440892098500626e-16,5.551115123125783e-16,9.992007221626409e-15,204.0817492414623,204.08174924146232,1.3926629664848887e-16,0
istanbul-no-cutoff__C:INF__s2.json.gz,istanbul-no-cutoff.mps.gz,C:INF,2,True,3.3306690738754696e-16,1.1102230246251565e-16,3.9968028886505635e-15,204.08174924146226,204.08174924146226,0.0,0
istanbul-no-cutoff__C:INF__s3.json.gz,istanbul-no-cutoff.mps.gz,C:INF,3,True,4.440892098500626e-16,2.55351295663786e-15,2.3906432389253497e-15,204.0817492414623,204.08174924146226,1.392662966484889e-16,0
istanbul-no-cutoff__C:INF__s4.json.gz,istanbul-no-cutoff.mps.gz,C:INF,4,True,1.6609044982162536e-16,5.317639793577669e-16,2.220446049250313e-15,204.08174924146232,204.08174924146232,0.0,0
istanbul-no-cutoff__C:NOC__s0.json.gz,istanbul-no-cutoff.mps.gz,C:NOC,0,True,2.220446049250313e-16,0.0,3.9968028886505635e-15,204.0817492414623,204.08174924146226,1.392662966484889e-16,0
istanbul-no-cutoff__C:NOC__s1.json.gz,istanbul-no-cutoff.mps.gz,C:NOC,1,True,1.1102230246251565e-16,1.5543122344752192e-15,2.398081733190338e-14,204.08174924146226,204.08174924146226,0.0,0
istanbul-no-cutoff__C:NOC__s2.json.gz,istanbul-no-cutoff.mps.gz,C:NOC,2,True,2.220446049250313e-16,0.0,1.7541523789077473e-14,204.0817492414623,204.08174924146226,1.392662966484889e-16,0
istanbul-no-cutoff__C:NOC__s3.json.gz,istanbul-no-cutoff.mps.gz,C:NOC,3,True,1.1102230246251565e-16,0.0,6.661338147750939e-15,204.0817492414623,204.08174924146226,1.392662966484889e-16,0
istanbul-no-cutoff__C:NOC__s4.json.gz,istanbul-no-cutoff.mps.gz,C:NOC,4,True,1.1102230246251565e-16,0.0,3.9968028886505635e-15,204.0817492414623,204.08174924146232,1.3926629664848887e-16,0
istanbul-no-cutoff__C:PSC>D@25__s0.json.gz,istanbul-no-cutoff.mps.gz,C:PSC>D@25,0,True,2.220446049250313e-16,0.0,1.2212453270876722e-15,204.08174924146226,204.08174924146226,0.0,0
istanbul-no-cutoff__C:PSC>D@25__s1.json.gz,istanbul-no-cutoff.mps.gz,C:PSC>D@25,1,True,4.440892098500626e-16,0.0,2.598253723284927e-15,204.08174924146226,204.08174924146226,0.0,0
istanbul-no-cutoff__C:PSC__s0.json.gz,istanbul-no-cutoff.mps.gz,C:PSC,0,True,6.661338147750939e-16,1.2212453270876722e-14,2.170320090311151e-15,204.0817492414623,204.08174924146226,1.392662966484889e-16,0
istanbul-no-cutoff__C:PSC__s1.json.gz,istanbul-no-cutoff.mps.gz,C:PSC,1,True,2.220446049250313e-16,2.3314683517128287e-15,8.881784197001252e-16,204.08174924146226,204.08174924146226,0.0,0
istanbul-no-cutoff__C:PSC__s2.json.gz,istanbul-no-cutoff.mps.gz,C:PSC,2,True,2.220446049250313e-16,0.0,3.3306690738754696e-15,204.08174924146223,204.08174924146226,1.392662966484889e-16,0
istanbul-no-cutoff__C:PSC__s3.json.gz,istanbul-no-cutoff.mps.gz,C:PSC,3,True,9.251858538542974e-16,9.251858538542974e-16,1.9984014443252818e-15,204.08174924146226,204.08174924146226,0.0,0
istanbul-no-cutoff__C:PSC__s4.json.gz,istanbul-no-cutoff.mps.gz,C:PSC,4,True,2.7755575615628914e-16,0.0,4.7961634663806766e-15,204.08174924146226,204.08174924146226,0.0,0
neos-1445765__C:D+RST@25__s0.json.gz,neos-1445765.mps.gz,C:D+RST@25,0,True,4.440892098500626e-16,6.661338147750939e-16,4.884981308350689e-15,-17783.0,-17783.0,0.0,0
neos-1445765__C:D+RST@25__s1.json.gz,neos-1445765.mps.gz,C:D+RST@25,1,True,2.4424906541753444e-15,1.454392162258955e-14,3.4861002973229915e-14,-17783.000000000004,-17783.000000000004,0.0,0
neos-1445765__C:D+RST@stall20__s0.json.gz,neos-1445765.mps.gz,C:D+RST@stall20,0,True,4.440892098500626e-16,6.661338147750939e-16,4.884981308350689e-15,-17783.0,-17783.0,0.0,0
neos-1445765__C:D+RST@stall20__s1.json.gz,neos-1445765.mps.gz,C:D+RST@stall20,1,True,2.4424906541753444e-15,1.454392162258955e-14,3.4861002973229915e-14,-17783.000000000004,-17783.000000000004,0.0,0
neos-1445765__C:D>PSC@25__s0.json.gz,neos-1445765.mps.gz,C:D>PSC@25,0,True,4.440892098500626e-16,6.661338147750939e-16,4.884981308350689e-15,-17783.0,-17783.0,0.0,0
neos-1445765__C:D>PSC@25__s1.json.gz,neos-1445765.mps.gz,C:D>PSC@25,1,True,2.4424906541753444e-15,1.454392162258955e-14,3.4861002973229915e-14,-17783.000000000004,-17783.000000000004,0.0,0
neos-1445765__C:D__s0.json.gz,neos-1445765.mps.gz,C:D,0,True,4.440892098500626e-16,6.661338147750939e-16,4.884981308350689e-15,-17783.0,-17783.0,0.0,0
neos-1445765__C:D__s1.json.gz,neos-1445765.mps.gz,C:D,1,True,2.4424906541753444e-15,1.454392162258955e-14,3.4861002973229915e-14,-17783.000000000004,-17783.000000000004,0.0,0
neos-1445765__C:D__s2.json.gz,neos-1445765.mps.gz,C:D,2,True,7.105427357601002e-15,7.105427357601002e-15,2.2870594307278225e-14,-17783.000000000004,-17783.0,2.0457621363615323e-16,0
neos-1445765__C:D__s3.json.gz,neos-1445765.mps.gz,C:D,3,True,2.220446049250313e-16,2.220446049250313e-16,4.440892098500626e-16,-17783.0,-17783.0,0.0,0
neos-1445765__C:D__s4.json.gz,neos-1445765.mps.gz,C:D,4,True,1.4988010832439613e-15,2.9976021664879227e-15,4.218847493575595e-15,-17783.0,-17783.0,0.0,0
neos-1445765__C:HEU>HOFF@25__s0.json.gz,neos-1445765.mps.gz,C:HEU>HOFF@25,0,True,8.32168535794339e-15,1.7985612998927536e-14,3.552713678800501e-14,-17782.999999999993,-17782.999999999993,0.0,0
neos-1445765__C:HEU>HOFF@25__s1.json.gz,neos-1445765.mps.gz,C:HEU>HOFF@25,1,True,2.731148640577885e-14,2.731148640577885e-14,4.618527782440651e-14,-17783.0,-17783.0,0.0,0
neos-1445765__C:HEU__s0.json.gz,neos-1445765.mps.gz,C:HEU,0,True,8.32168535794339e-15,1.7985612998927536e-14,3.552713678800501e-14,-17782.999999999993,-17782.999999999993,0.0,0
neos-1445765__C:HEU__s1.json.gz,neos-1445765.mps.gz,C:HEU,1,True,2.731148640577885e-14,2.731148640577885e-14,4.618527782440651e-14,-17783.0,-17783.0,0.0,0
neos-1445765__C:HEU__s2.json.gz,neos-1445765.mps.gz,C:HEU,2,True,1.8396830450770143e-14,1.8396830450770143e-14,3.197442310920451e-14,-17782.999999999996,-17782.999999999996,0.0,0
neos-1445765__C:HEU__s3.json.gz,neos-1445765.mps.gz,C:HEU,3,True,0.0,0.0,0.0,-17783.0,-17783.0,0.0,0
neos-1445765__C:HEU__s4.json.gz,neos-1445765.mps.gz,C:HEU,4,True,0.0,0.0,0.0,-17783.0,-17783.0,0.0,0
neos-1445765__C:HOFF>HEU@stall20__s0.json.gz,neos-1445765.mps.gz,C:HOFF>HEU@stall20,0,True,4.468697273197365e-15,5.773159728050814e-15,5.684341886080802e-14,-17783.0,-17783.0,0.0,0
neos-1445765__C:HOFF>HEU@stall20__s1.json.gz,neos-1445765.mps.gz,C:HOFF>HEU@stall20,1,True,1.1235359372488076e-14,1.1235359372488076e-14,3.4861002973229915e-14,-17783.000000000004,-17783.0,2.0457621363615323e-16,0
neos-1445765__C:HOFF__s0.json.gz,neos-1445765.mps.gz,C:HOFF,0,True,4.468697273197365e-15,5.773159728050814e-15,5.684341886080802e-14,-17783.0,-17783.0,0.0,0
neos-1445765__C:HOFF__s1.json.gz,neos-1445765.mps.gz,C:HOFF,1,True,1.1235359372488076e-14,1.1235359372488076e-14,3.4861002973229915e-14,-17783.000000000004,-17783.0,2.0457621363615323e-16,0
neos-1445765__C:HOFF__s2.json.gz,neos-1445765.mps.gz,C:HOFF,2,True,1.1102230246251565e-15,1.1102230246251565e-15,1.021405182655144e-14,-17783.0,-17783.0,0.0,0
neos-1445765__C:HOFF__s3.json.gz,neos-1445765.mps.gz,C:HOFF,3,True,6.208247216058047e-16,1.1102230246251565e-15,6.217248937900877e-15,-17783.0,-17783.0,0.0,0
neos-1445765__C:HOFF__s4.json.gz,neos-1445765.mps.gz,C:HOFF,4,True,8.881784197001252e-16,8.881784197001252e-16,7.105427357601002e-15,-17783.0,-17783.0,0.0,0
neos-1445765__C:INF__s0.json.gz,neos-1445765.mps.gz,C:INF,0,True,2.4424906541753444e-15,2.4424906541753444e-15,3.197442310920451e-14,-17783.0,-17783.0,0.0,0
neos-1445765__C:INF__s1.json.gz,neos-1445765.mps.gz,C:INF,1,True,8.881784197001252e-16,8.881784197001252e-16,1.4210854715202004e-14,-17783.0,-17783.0,0.0,0
neos-1445765__C:INF__s2.json.gz,neos-1445765.mps.gz,C:INF,2,True,4.440892098500626e-16,1.2492836916807646e-15,9.325873406851315e-15,-17783.0,-17783.0,0.0,0
neos-1445765__C:INF__s3.json.gz,neos-1445765.mps.gz,C:INF,3,True,2.886579864025407e-15,4.27833403328354e-15,1.4210854715202004e-14,-17783.0,-17783.0,0.0,0
neos-1445765__C:INF__s4.json.gz,neos-1445765.mps.gz,C:INF,4,True,1.509903313490213e-14,1.509903313490213e-14,5.3290705182007514e-14,-17782.999999999996,-17783.0,2.0457621363615323e-16,0
neos-1445765__C:NOC__s0.json.gz,neos-1445765.mps.gz,C:NOC,0,True,1.3322676295501878e-15,2.0380522666333235e-15,1.1213252548714081e-14,-17783.0,-17783.0,0.0,0
neos-1445765__C:NOC__s1.json.gz,neos-1445765.mps.gz,C:NOC,1,True,0.0,0.0,0.0,-17783.0,-17783.0,0.0,0
neos-1445765__C:NOC__s2.json.gz,neos-1445765.mps.gz,C:NOC,2,True,4.440892098500626e-15,5.388674533211108e-15,1.4210854715202004e-14,-17783.0,-17783.0,0.0,0
neos-1445765__C:NOC__s3.json.gz,neos-1445765.mps.gz,C:NOC,3,True,6.661338147750939e-16,6.661338147750939e-16,5.773159728050814e-15,-17783.0,-17783.0,0.0,0
neos-1445765__C:NOC__s4.json.gz,neos-1445765.mps.gz,C:NOC,4,True,9.325873406851315e-15,9.325873406851315e-15,2.1760371282653068e-14,-17783.0,-17783.0,0.0,0
neos-1445765__C:PSC>D@25__s0.json.gz,neos-1445765.mps.gz,C:PSC>D@25,0,True,5.551115123125783e-15,5.620705994803694e-15,2.1316282072803006e-14,-17783.0,-17783.0,0.0,0
neos-1445765__C:PSC>D@25__s1.json.gz,neos-1445765.mps.gz,C:PSC>D@25,1,True,7.141714054526267e-15,7.549516567451064e-15,2.220446049250313e-14,-17783.0,-17783.0,0.0,0
neos-1445765__C:PSC__s0.json.gz,neos-1445765.mps.gz,C:PSC,0,True,5.551115123125783e-15,5.620705994803694e-15,2.1316282072803006e-14,-17783.0,-17783.0,0.0,0
neos-1445765__C:PSC__s1.json.gz,neos-1445765.mps.gz,C:PSC,1,True,7.141714054526267e-15,7.549516567451064e-15,2.220446049250313e-14,-17783.0,-17783.0,0.0,0
neos-1445765__C:PSC__s2.json.gz,neos-1445765.mps.gz,C:PSC,2,True,0.0,0.0,0.0,-17783.0,-17783.0,0.0,0
neos-1445765__C:PSC__s3.json.gz,neos-1445765.mps.gz,C:PSC,3,True,4.597246696661365e-15,4.773959005888173e-15,2.3092638912203256e-14,-17783.0,-17783.0,0.0,0
neos-1445765__C:PSC__s4.json.gz,neos-1445765.mps.gz,C:PSC,4,True,4.1510336213652824e-15,4.1510336213652824e-15,2.6645352591003757e-14,-17783.0,-17783.0,0.0,0
neos-1456979__C:D+RST@25__s0.json.gz,neos-1456979.mps.gz,C:D+RST@25,0,True,5.684341886080802e-14,0.0,1.172029254862021e-16,197.0,197.0,0.0,0
neos-1456979__C:D+RST@25__s1.json.gz,neos-1456979.mps.gz,C:D+RST@25,1,True,0.0,0.0,0.0,179.0,179.0,0.0,0
neos-1456979__C:D+RST@stall20__s0.json.gz,neos-1456979.mps.gz,C:D+RST@stall20,0,True,0.0,0.0,0.0,186.0,186.0,0.0,0
neos-1456979__C:D+RST@stall20__s1.json.gz,neos-1456979.mps.gz,C:D+RST@stall20,1,True,0.0,0.0,0.0,190.0,190.0,0.0,0
neos-1456979__C:D>PSC@25__s0.json.gz,neos-1456979.mps.gz,C:D>PSC@25,0,True,0.0,0.0,0.0,181.0,181.0,0.0,0
neos-1456979__C:D>PSC@25__s1.json.gz,neos-1456979.mps.gz,C:D>PSC@25,1,True,5.684341886080802e-14,4.440892098500626e-16,0.0,222.0,222.0,0.0,0
neos-1456979__C:D__s0.json.gz,neos-1456979.mps.gz,C:D,0,True,5.684341886080802e-14,0.0,1.1672159930350722e-16,188.0,188.0,0.0,0
neos-1456979__C:D__s1.json.gz,neos-1456979.mps.gz,C:D,1,True,0.0,0.0,0.0,183.0,183.0,0.0,0
neos-1456979__C:D__s2.json.gz,neos-1456979.mps.gz,C:D,2,True,2.842170943040401e-14,0.0,1.2043097216272884e-16,178.0,178.0,0.0,0
neos-1456979__C:D__s3.json.gz,neos-1456979.mps.gz,C:D,3,True,2.842170943040401e-14,4.263256414560601e-14,6.661338147750939e-16,186.0,186.0,0.0,0
neos-1456979__C:D__s4.json.gz,neos-1456979.mps.gz,C:D,4,True,5.684341886080802e-14,0.0,1.1648241569837709e-16,185.0,185.0,0.0,0
neos-1456979__C:HEU>HOFF@25__s0.json.gz,neos-1456979.mps.gz,C:HEU>HOFF@25,0,True,0.0,0.0,0.0,236.0,236.0,0.0,0
neos-1456979__C:HEU>HOFF@25__s1.json.gz,neos-1456979.mps.gz,C:HEU>HOFF@25,1,True,1.4210854715202004e-14,0.0,0.0,193.0,193.0,0.0,0
neos-1456979__C:HEU__s0.json.gz,neos-1456979.mps.gz,C:HEU,0,True,5.684341886080802e-14,2.842170943040401e-14,2.0301221021717148e-16,186.0,186.0,0.0,0
neos-1456979__C:HEU__s1.json.gz,neos-1456979.mps.gz,C:HEU,1,True,0.0,0.0,0.0,183.0,183.0,0.0,0
neos-1456979__C:HEU__s2.json.gz,neos-1456979.mps.gz,C:HEU,2,True,2.842170943040401e-14,0.0,0.0,178.0,178.0,0.0,0
neos-1456979__C:HEU__s3.json.gz,neos-1456979.mps.gz,C:HEU,3,True,5.684341886080802e-14,0.0,0.0,183.0,183.0,0.0,0
neos-1456979__C:HEU__s4.json.gz,neos-1456979.mps.gz,C:HEU,4,True,5.684341886080802e-14,0.0,0.0,187.0,187.0,0.0,0
neos-1456979__C:HOFF>HEU@stall20__s0.json.gz,neos-1456979.mps.gz,C:HOFF>HEU@stall20,0,True,0.0,0.0,0.0,182.0,182.0,0.0,0
neos-1456979__C:HOFF>HEU@stall20__s1.json.gz,neos-1456979.mps.gz,C:HOFF>HEU@stall20,1,True,5.684341886080802e-14,0.0,0.0,186.0,186.0,0.0,0
neos-1456979__C:HOFF__s0.json.gz,neos-1456979.mps.gz,C:HOFF,0,True,0.0,0.0,0.0,190.0,190.0,0.0,0
neos-1456979__C:HOFF__s1.json.gz,neos-1456979.mps.gz,C:HOFF,1,True,1.4210854715202004e-14,0.0,0.0,181.0,181.0,0.0,0
neos-1456979__C:HOFF__s2.json.gz,neos-1456979.mps.gz,C:HOFF,2,True,5.684341886080802e-14,0.0,0.0,180.0,180.0,0.0,0
neos-1456979__C:HOFF__s3.json.gz,neos-1456979.mps.gz,C:HOFF,3,True,5.684341886080802e-14,0.0,0.0,184.0,184.0,0.0,0
neos-1456979__C:HOFF__s4.json.gz,neos-1456979.mps.gz,C:HOFF,4,True,0.0,0.0,0.0,187.0,187.0,0.0,0
neos-1456979__C:INF__s0.json.gz,neos-1456979.mps.gz,C:INF,0,True,5.551115123125783e-17,5.551115123125783e-17,5.551115123125783e-17,177.0,177.0,0.0,0
neos-1456979__C:INF__s1.json.gz,neos-1456979.mps.gz,C:INF,1,True,1.7763568394002505e-15,6.394884621840902e-14,1.9268955546036615e-15,179.0,179.0,0.0,0
neos-1456979__C:INF__s2.json.gz,neos-1456979.mps.gz,C:INF,2,True,5.684341886080802e-14,0.0,0.0,215.0,215.0,0.0,0
neos-1456979__C:INF__s3.json.gz,neos-1456979.mps.gz,C:INF,3,True,5.684341886080802e-14,0.0,0.0,198.0,198.0,0.0,0
neos-1456979__C:INF__s4.json.gz,neos-1456979.mps.gz,C:INF,4,True,5.684341886080802e-14,0.0,0.0,184.0,184.0,0.0,0
neos-1456979__C:NOC__s0.json.gz,neos-1456979.mps.gz,C:NOC,0,True,0.0,0.0,0.0,191.0,191.0,0.0,0
neos-1456979__C:NOC__s2.json.gz,neos-1456979.mps.gz,C:NOC,2,True,0.0,0.0,0.0,189.0,189.0,0.0,0
neos-1456979__C:NOC__s3.json.gz,neos-1456979.mps.gz,C:NOC,3,True,0.0,0.0,0.0,184.0,184.0,0.0,0
neos-1456979__C:NOC__s4.json.gz,neos-1456979.mps.gz,C:NOC,4,True,0.0,0.0,0.0,208.0,208.0,0.0,0
neos-1456979__C:PSC>D@25__s0.json.gz,neos-1456979.mps.gz,C:PSC>D@25,0,True,0.0,0.0,0.0,183.0,183.0,0.0,0
neos-1456979__C:PSC>D@25__s1.json.gz,neos-1456979.mps.gz,C:PSC>D@25,1,True,5.684341886080802e-14,0.0,0.0,185.0,185.0,0.0,0
neos-1456979__C:PSC__s0.json.gz,neos-1456979.mps.gz,C:PSC,0,True,0.0,0.0,0.0,185.0,185.0,0.0,0
neos-1456979__C:PSC__s1.json.gz,neos-1456979.mps.gz,C:PSC,1,True,0.0,0.0,0.0,184.0,184.0,0.0,0
neos-1456979__C:PSC__s2.json.gz,neos-1456979.mps.gz,C:PSC,2,True,5.684341886080802e-14,0.0,7.003295958210433e-16,185.0,185.0,0.0,0
neos-1456979__C:PSC__s3.json.gz,neos-1456979.mps.gz,C:PSC,3,True,5.684341886080802e-14,0.0,0.0,189.0,189.0,0.0,0
neos-1456979__C:PSC__s4.json.gz,neos-1456979.mps.gz,C:PSC,4,True,0.0,0.0,0.0,194.0,194.0,0.0,0
neos-3046615-murg__C:D+RST@25__s0.json.gz,neos-3046615-murg.mps.gz,C:D+RST@25,0,True,0.0,0.0,0.0,1606.0,1606.0,0.0,0
neos-3046615-murg__C:D+RST@25__s1.json.gz,neos-3046615-murg.mps.gz,C:D+RST@25,1,True,0.0,0.0,0.0,1618.0,1618.0,0.0,0
neos-3046615-murg__C:D+RST@stall20__s0.json.gz,neos-3046615-murg.mps.gz,C:D+RST@stall20,0,True,0.0,0.0,0.0,1610.0,1610.0,0.0,0
neos-3046615-murg__C:D+RST@stall20__s1.json.gz,neos-3046615-murg.mps.gz,C:D+RST@stall20,1,True,0.0,0.0,0.0,1622.0,1622.0,0.0,0
neos-3046615-murg__C:D>PSC@25__s0.json.gz,neos-3046615-murg.mps.gz,C:D>PSC@25,0,True,0.0,0.0,0.0,1610.0,1610.0,0.0,0
neos-3046615-murg__C:D>PSC@25__s1.json.gz,neos-3046615-murg.mps.gz,C:D>PSC@25,1,True,0.0,0.0,0.0,1622.0,1622.0,0.0,0
neos-3046615-murg__C:D__s0.json.gz,neos-3046615-murg.mps.gz,C:D,0,True,0.0,0.0,0.0,1610.0,1610.0,0.0,0
neos-3046615-murg__C:D__s1.json.gz,neos-3046615-murg.mps.gz,C:D,1,True,0.0,0.0,0.0,1622.0,1622.0,0.0,0
neos-3046615-murg__C:HEU>HOFF@25__s0.json.gz,neos-3046615-murg.mps.gz,C:HEU>HOFF@25,0,False,0.0,0.0,1.0000001111620804e-06,1599.999999,1599.999999,0.0,0
neos-3046615-murg__C:HEU>HOFF@25__s1.json.gz,neos-3046615-murg.mps.gz,C:HEU>HOFF@25,1,False,0.0,0.0,1.0000001111620804e-06,1601.999999,1601.999999,0.0,0
neos-3046615-murg__C:HEU__s0.json.gz,neos-3046615-murg.mps.gz,C:HEU,0,False,0.0,0.0,1.0000001111620804e-06,1599.999999,1599.999999,0.0,0
neos-3046615-murg__C:HEU__s1.json.gz,neos-3046615-murg.mps.gz,C:HEU,1,False,0.0,0.0,1.0000001111620804e-06,1601.999999,1601.999999,0.0,0
neos-3046615-murg__C:HOFF>HEU@stall20__s0.json.gz,neos-3046615-murg.mps.gz,C:HOFF>HEU@stall20,0,True,0.0,0.0,0.0,1602.0,1602.0,0.0,0
neos-3046615-murg__C:HOFF>HEU@stall20__s1.json.gz,neos-3046615-murg.mps.gz,C:HOFF>HEU@stall20,1,True,0.0,0.0,0.0,1602.0,1602.0,0.0,0
neos-3046615-murg__C:HOFF__s0.json.gz,neos-3046615-murg.mps.gz,C:HOFF,0,True,0.0,0.0,0.0,1651.0,1651.0,0.0,0
neos-3046615-murg__C:HOFF__s1.json.gz,neos-3046615-murg.mps.gz,C:HOFF,1,True,0.0,0.0,0.0,1650.0,1650.0,0.0,0
neos-3046615-murg__C:INF__s0.json.gz,neos-3046615-murg.mps.gz,C:INF,0,True,0.0,0.0,0.0,1618.0,1618.0,0.0,0
neos-3046615-murg__C:INF__s1.json.gz,neos-3046615-murg.mps.gz,C:INF,1,True,0.0,0.0,0.0,1620.0,1620.0,0.0,0
neos-3046615-murg__C:NOC__s0.json.gz,neos-3046615-murg.mps.gz,C:NOC,0,True,0.0,0.0,0.0,1646.0,1646.0,0.0,0
neos-3046615-murg__C:NOC__s1.json.gz,neos-3046615-murg.mps.gz,C:NOC,1,True,0.0,1.1102230246251565e-16,0.0,1631.0,1631.0,0.0,0
neos-3046615-murg__C:PSC>D@25__s0.json.gz,neos-3046615-murg.mps.gz,C:PSC>D@25,0,True,0.0,0.0,0.0,1608.0,1608.0,0.0,0
neos-3046615-murg__C:PSC>D@25__s1.json.gz,neos-3046615-murg.mps.gz,C:PSC>D@25,1,True,0.0,0.0,0.0,1632.0,1632.0,0.0,0
neos-3046615-murg__C:PSC__s0.json.gz,neos-3046615-murg.mps.gz,C:PSC,0,True,0.0,0.0,0.0,1604.0,1604.0,0.0,0
neos-3046615-murg__C:PSC__s1.json.gz,neos-3046615-murg.mps.gz,C:PSC,1,True,0.0,0.0,0.0,1632.0,1632.0,0.0,0
neos-4722843-widden__C:D+RST@25__s0.json.gz,neos-4722843-widden.mps.gz,C:D+RST@25,0,True,0.0,0.0,0.0,28371.880952380954,28371.880952380954,0.0,0
neos-4722843-widden__C:D+RST@25__s1.json.gz,neos-4722843-widden.mps.gz,C:D+RST@25,1,True,0.0,0.0,0.0,27807.880952380954,27807.880952380954,0.0,0
neos-4722843-widden__C:D+RST@stall20__s0.json.gz,neos-4722843-widden.mps.gz,C:D+RST@stall20,0,True,0.0,0.0,0.0,28371.880952380954,28371.880952380954,0.0,0
neos-4722843-widden__C:D+RST@stall20__s1.json.gz,neos-4722843-widden.mps.gz,C:D+RST@stall20,1,True,0.0,0.0,0.0,27807.880952380954,27807.880952380954,0.0,0
neos-4722843-widden__C:D>PSC@25__s0.json.gz,neos-4722843-widden.mps.gz,C:D>PSC@25,0,True,0.0,0.0,0.0,28371.880952380954,28371.880952380954,0.0,0
neos-4722843-widden__C:D>PSC@25__s1.json.gz,neos-4722843-widden.mps.gz,C:D>PSC@25,1,True,0.0,0.0,0.0,27807.880952380954,27807.880952380954,0.0,0
neos-4722843-widden__C:D__s0.json.gz,neos-4722843-widden.mps.gz,C:D,0,True,0.0,0.0,0.0,28371.880952380954,28371.880952380954,0.0,0
neos-4722843-widden__C:D__s1.json.gz,neos-4722843-widden.mps.gz,C:D,1,True,0.0,0.0,0.0,27807.880952380954,27807.880952380954,0.0,0
neos-4722843-widden__C:D__s2.json.gz,neos-4722843-widden.mps.gz,C:D,2,True,0.0,0.0,2.8421709430404007e-13,27807.880952380958,27807.880952380958,0.0,0
neos-4722843-widden__C:D__s3.json.gz,neos-4722843-widden.mps.gz,C:D,3,True,0.0,0.0,1.1102230246251565e-16,31400.77037037037,31400.77037037043,1.8537016839686135e-15,0
neos-4722843-widden__C:D__s4.json.gz,neos-4722843-widden.mps.gz,C:D,4,True,0.0,0.0,1.1102230246251565e-16,31400.77037037037,31400.77037037043,1.8537016839686135e-15,0
neos-4722843-widden__C:HEU>HOFF@25__s0.json.gz,neos-4722843-widden.mps.gz,C:HEU>HOFF@25,0,True,0.0,0.0,0.0,28371.880952380954,28371.880952380954,0.0,0
neos-4722843-widden__C:HEU>HOFF@25__s1.json.gz,neos-4722843-widden.mps.gz,C:HEU>HOFF@25,1,True,0.0,0.0,0.0,27807.880952380954,27807.880952380954,0.0,0
neos-4722843-widden__C:HEU__s0.json.gz,neos-4722843-widden.mps.gz,C:HEU,0,True,0.0,0.0,0.0,28371.880952380954,28371.880952380954,0.0,0
neos-4722843-widden__C:HEU__s1.json.gz,neos-4722843-widden.mps.gz,C:HEU,1,True,0.0,0.0,0.0,27807.880952380954,27807.880952380954,0.0,0
neos-4722843-widden__C:HEU__s2.json.gz,neos-4722843-widden.mps.gz,C:HEU,2,True,0.0,0.0,2.8421709430404007e-13,27807.880952380958,27807.880952380958,0.0,0
neos-4722843-widden__C:HEU__s3.json.gz,neos-4722843-widden.mps.gz,C:HEU,3,True,0.0,0.0,1.1102230246251565e-16,31400.77037037037,31400.77037037043,1.8537016839686135e-15,0
neos-4722843-widden__C:HEU__s4.json.gz,neos-4722843-widden.mps.gz,C:HEU,4,True,0.0,0.0,1.1102230246251565e-16,31400.77037037037,31400.77037037043,1.8537016839686135e-15,0
neos-4722843-widden__C:INF__s0.json.gz,neos-4722843-widden.mps.gz,C:INF,0,True,0.0,0.0,0.0,28371.880952380954,28371.880952380954,0.0,0
neos-4722843-widden__C:INF__s1.json.gz,neos-4722843-widden.mps.gz,C:INF,1,True,0.0,0.0,0.0,27807.880952380954,27807.880952380954,0.0,0
neos-4722843-widden__C:INF__s2.json.gz,neos-4722843-widden.mps.gz,C:INF,2,True,0.0,0.0,2.8421709430404007e-13,27807.880952380958,27807.880952380958,0.0,0
neos-4722843-widden__C:INF__s3.json.gz,neos-4722843-widden.mps.gz,C:INF,3,True,0.0,0.0,1.1102230246251565e-16,31400.77037037037,31400.77037037043,1.8537016839686135e-15,0
neos-4722843-widden__C:INF__s4.json.gz,neos-4722843-widden.mps.gz,C:INF,4,True,0.0,0.0,1.1102230246251565e-16,31400.77037037037,31400.77037037043,1.8537016839686135e-15,0
neos-4722843-widden__C:NOC__s0.json.gz,neos-4722843-widden.mps.gz,C:NOC,0,True,0.0,1.1102230246251565e-16,1.1102230246251565e-16,25443.62376237624,25443.623762376206,1.2868375027711708e-15,0
neos-4722843-widden__C:NOC__s1.json.gz,neos-4722843-widden.mps.gz,C:NOC,1,True,0.0,0.0,1.1102230246251565e-16,25509.62376237624,25509.623762376206,1.2835081210455114e-15,0
neos-4722843-widden__C:NOC__s2.json.gz,neos-4722843-widden.mps.gz,C:NOC,2,True,0.0,0.0,1.1102230246251565e-16,25443.62376237624,25443.623762376206,1.2868375027711708e-15,0
neos-4722843-widden__C:NOC__s3.json.gz,neos-4722843-widden.mps.gz,C:NOC,3,True,0.0,3.1086244689504383e-15,3.552713678800501e-15,27969.76897689769,27969.768976897685,1.3006824654492465e-16,0
neos-4722843-widden__C:NOC__s4.json.gz,neos-4722843-widden.mps.gz,C:NOC,4,True,0.0,0.0,1.1102230246251565e-16,25443.62376237624,25443.623762376206,1.2868375027711708e-15,0
neos-4722843-widden__C:PSC>D@25__s0.json.gz,neos-4722843-widden.mps.gz,C:PSC>D@25,0,True,0.0,0.0,0.0,28371.880952380954,28371.880952380954,0.0,0
neos-4722843-widden__C:PSC>D@25__s1.json.gz,neos-4722843-widden.mps.gz,C:PSC>D@25,1,True,0.0,0.0,0.0,27807.880952380954,27807.880952380954,0.0,0
neos-4722843-widden__C:PSC__s0.json.gz,neos-4722843-widden.mps.gz,C:PSC,0,True,0.0,0.0,0.0,28371.880952380954,28371.880952380954,0.0,0
neos-4722843-widden__C:PSC__s1.json.gz,neos-4722843-widden.mps.gz,C:PSC,1,True,0.0,0.0,0.0,27807.880952380954,27807.880952380954,0.0,0
neos-4722843-widden__C:PSC__s2.json.gz,neos-4722843-widden.mps.gz,C:PSC,2,True,0.0,0.0,2.8421709430404007e-13,27807.880952380958,27807.880952380958,0.0,0
neos-4722843-widden__C:PSC__s3.json.gz,neos-4722843-widden.mps.gz,C:PSC,3,True,0.0,0.0,1.1102230246251565e-16,31400.77037037037,31400.77037037043,1.8537016839686135e-15,0
neos-4722843-widden__C:PSC__s4.json.gz,neos-4722843-widden.mps.gz,C:PSC,4,True,0.0,0.0,1.1102230246251565e-16,31400.77037037037,31400.77037037043,1.8537016839686135e-15,0
neos-860300__C:D+RST@25__s0.json.gz,neos-860300.mps.gz,C:D+RST@25,0,True,0.0,0.0,0.0,3201.0,3201.0,0.0,0
neos-860300__C:D+RST@25__s1.json.gz,neos-860300.mps.gz,C:D+RST@25,1,True,1.7646273283444676e-16,1.7646273283444676e-16,2.220446049250313e-16,3201.0,3201.0,0.0,0
neos-860300__C:D+RST@stall20__s0.json.gz,neos-860300.mps.gz,C:D+RST@stall20,0,True,0.0,0.0,0.0,3201.0,3201.0,0.0,0
neos-860300__C:D+RST@stall20__s1.json.gz,neos-860300.mps.gz,C:D+RST@stall20,1,True,1.7646273283444676e-16,1.7646273283444676e-16,2.220446049250313e-16,3201.0,3201.0,0.0,0
neos-860300__C:D>PSC@25__s0.json.gz,neos-860300.mps.gz,C:D>PSC@25,0,True,0.0,0.0,0.0,3201.0,3201.0,0.0,0
neos-860300__C:D>PSC@25__s1.json.gz,neos-860300.mps.gz,C:D>PSC@25,1,True,1.7646273283444676e-16,1.7646273283444676e-16,2.220446049250313e-16,3201.0,3201.0,0.0,0
neos-860300__C:D__s0.json.gz,neos-860300.mps.gz,C:D,0,True,0.0,0.0,0.0,3201.0,3201.0,0.0,0
neos-860300__C:D__s1.json.gz,neos-860300.mps.gz,C:D,1,True,1.7646273283444676e-16,1.7646273283444676e-16,2.220446049250313e-16,3201.0,3201.0,0.0,0
neos-860300__C:D__s2.json.gz,neos-860300.mps.gz,C:D,2,True,2.220446049250313e-16,2.220446049250313e-16,6.661338147750939e-16,3200.9999999999995,3200.9999999999995,0.0,0
neos-860300__C:D__s3.json.gz,neos-860300.mps.gz,C:D,3,True,0.0,0.0,0.0,3201.0,3201.0,0.0,0
neos-860300__C:D__s4.json.gz,neos-860300.mps.gz,C:D,4,True,0.0,0.0,0.0,3201.0,3201.0,0.0,0
neos-860300__C:HEU>HOFF@25__s0.json.gz,neos-860300.mps.gz,C:HEU>HOFF@25,0,True,0.0,0.0,0.0,3201.0,3201.0,0.0,0
neos-860300__C:HEU>HOFF@25__s1.json.gz,neos-860300.mps.gz,C:HEU>HOFF@25,1,True,0.0,0.0,0.0,3201.0,3201.0,0.0,0
neos-860300__C:HEU__s0.json.gz,neos-860300.mps.gz,C:HEU,0,True,0.0,0.0,0.0,3201.0,3201.0,0.0,0
neos-860300__C:HEU__s1.json.gz,neos-860300.mps.gz,C:HEU,1,True,0.0,0.0,0.0,3201.0,3201.0,0.0,0
neos-860300__C:HEU__s2.json.gz,neos-860300.mps.gz,C:HEU,2,True,2.232554033843829e-15,2.232554033843829e-15,1.7074464447683443e-15,3201.0,3201.0,0.0,0
neos-860300__C:HEU__s3.json.gz,neos-860300.mps.gz,C:HEU,3,True,0.0,0.0,0.0,3201.0,3201.0,0.0,0
neos-860300__C:HEU__s4.json.gz,neos-860300.mps.gz,C:HEU,4,True,0.0,0.0,0.0,3201.0,3201.0,0.0,0
neos-860300__C:HOFF>HEU@stall20__s0.json.gz,neos-860300.mps.gz,C:HOFF>HEU@stall20,0,True,0.0,0.0,0.0,3201.0,3201.0,0.0,0
neos-860300__C:HOFF>HEU@stall20__s1.json.gz,neos-860300.mps.gz,C:HOFF>HEU@stall20,1,True,0.0,0.0,0.0,3201.0,3201.0,0.0,0
neos-860300__C:HOFF__s0.json.gz,neos-860300.mps.gz,C:HOFF,0,True,0.0,0.0,0.0,3201.0,3201.0,0.0,0
neos-860300__C:HOFF__s1.json.gz,neos-860300.mps.gz,C:HOFF,1,True,0.0,0.0,0.0,3201.0,3201.0,0.0,0
neos-860300__C:HOFF__s2.json.gz,neos-860300.mps.gz,C:HOFF,2,True,0.0,0.0,0.0,3201.0,3201.0,0.0,0
neos-860300__C:HOFF__s3.json.gz,neos-860300.mps.gz,C:HOFF,3,True,0.0,0.0,0.0,3201.0,3201.0,0.0,0
neos-860300__C:HOFF__s4.json.gz,neos-860300.mps.gz,C:HOFF,4,True,0.0,0.0,0.0,3201.0,3201.0,0.0,0
neos-860300__C:INF__s0.json.gz,neos-860300.mps.gz,C:INF,0,True,0.0,0.0,0.0,3201.0,3201.0,0.0,0
neos-860300__C:INF__s1.json.gz,neos-860300.mps.gz,C:INF,1,True,1.7646273283444676e-16,1.7646273283444676e-16,8.881784197001252e-16,3201.0,3201.0,0.0,0
neos-860300__C:INF__s2.json.gz,neos-860300.mps.gz,C:INF,2,True,2.220446049250313e-16,4.440892098500626e-16,8.881784197001252e-16,3201.0,3201.0,0.0,0
neos-860300__C:INF__s3.json.gz,neos-860300.mps.gz,C:INF,3,True,0.0,0.0,0.0,3201.0,3201.0,0.0,0
neos-860300__C:INF__s4.json.gz,neos-860300.mps.gz,C:INF,4,True,0.0,0.0,0.0,3201.0,3201.0,0.0,0
neos-860300__C:NOC__s0.json.gz,neos-860300.mps.gz,C:NOC,0,True,0.0,0.0,0.0,3201.0,3201.0,0.0,0
neos-860300__C:NOC__s1.json.gz,neos-860300.mps.gz,C:NOC,1,True,0.0,0.0,0.0,3201.0,3201.0,0.0,0
neos-860300__C:NOC__s2.json.gz,neos-860300.mps.gz,C:NOC,2,True,0.0,0.0,0.0,3201.0,3201.0,0.0,0
neos-860300__C:NOC__s3.json.gz,neos-860300.mps.gz,C:NOC,3,True,0.0,0.0,0.0,3201.0,3201.0,0.0,0
neos-860300__C:NOC__s4.json.gz,neos-860300.mps.gz,C:NOC,4,True,0.0,0.0,0.0,3201.0,3201.0,0.0,0
neos-860300__C:PSC>D@25__s0.json.gz,neos-860300.mps.gz,C:PSC>D@25,0,True,0.0,0.0,0.0,3201.0,3201.0,0.0,0
neos-860300__C:PSC>D@25__s1.json.gz,neos-860300.mps.gz,C:PSC>D@25,1,True,1.7646273283444676e-16,1.7646273283444676e-16,8.881784197001252e-16,3201.0,3201.0,0.0,0
neos-860300__C:PSC__s0.json.gz,neos-860300.mps.gz,C:PSC,0,True,0.0,0.0,0.0,3201.0,3201.0,0.0,0
neos-860300__C:PSC__s1.json.gz,neos-860300.mps.gz,C:PSC,1,True,1.7646273283444676e-16,1.7646273283444676e-16,8.881784197001252e-16,3201.0,3201.0,0.0,0
neos-860300__C:PSC__s2.json.gz,neos-860300.mps.gz,C:PSC,2,True,2.220446049250313e-16,4.440892098500626e-16,8.881784197001252e-16,3201.0,3201.0,0.0,0
neos-860300__C:PSC__s3.json.gz,neos-860300.mps.gz,C:PSC,3,True,0.0,0.0,0.0,3201.0,3201.0,0.0,0
neos-860300__C:PSC__s4.json.gz,neos-860300.mps.gz,C:PSC,4,True,0.0,0.0,0.0,3201.0,3201.0,0.0,0
neos-873061__C:D+RST@25__s0.json.gz,neos-873061.mps.gz,C:D+RST@25,0,True,0.0,0.0,1.3877787807814457e-17,555.8274522905,555.8274524319471,2.5448026453402603e-10,0
neos-873061__C:D+RST@25__s1.json.gz,neos-873061.mps.gz,C:D+RST@25,1,True,0.0,0.0,6.938893903907228e-18,608.9898990858,608.9898992272753,2.3231142527228024e-10,0
neos-873061__C:D+RST@stall20__s0.json.gz,neos-873061.mps.gz,C:D+RST@stall20,0,True,0.0,0.0,1.3877787807814457e-17,555.8274522905,555.8274524319471,2.5448026453402603e-10,0
neos-873061__C:D+RST@stall20__s1.json.gz,neos-873061.mps.gz,C:D+RST@stall20,1,True,0.0,2.220446049250313e-16,2.7755575615628914e-17,125.9289190495,125.92891904949981,1.4670268965384234e-15,0
neos-873061__C:D>PSC@25__s0.json.gz,neos-873061.mps.gz,C:D>PSC@25,0,True,0.0,0.0,1.3877787807814457e-17,555.8274522905,555.8274524319471,2.5448026453402603e-10,0
neos-873061__C:D>PSC@25__s1.json.gz,neos-873061.mps.gz,C:D>PSC@25,1,True,0.0,2.220446049250313e-16,2.7755575615628914e-17,125.9289190495,125.92891904949981,1.4670268965384234e-15,0
neos-873061__C:D__s0.json.gz,neos-873061.mps.gz,C:D,0,True,0.0,0.0,1.3877787807814457e-17,555.8274522905,555.8274524319471,2.5448026453402603e-10,0
neos-873061__C:D__s1.json.gz,neos-873061.mps.gz,C:D,1,True,0.0,0.0,6.938893903907228e-18,608.9898990858,608.9898992272753,2.3231142527228024e-10,0
neos-873061__C:D__s2.json.gz,neos-873061.mps.gz,C:D,2,True,0.0,0.0,2.42861286636753e-17,499.0206300279,499.020630169384,2.8352336547884205e-10,0
neos-873061__C:D__s3.json.gz,neos-873061.mps.gz,C:D,3,True,0.0,2.220446049250313e-16,2.7755575615628914e-17,126.0301206867,126.0301206866998,1.5786064865192486e-15,0
neos-873061__C:D__s4.json.gz,neos-873061.mps.gz,C:D,4,True,0.0,0.0,6.938893903907228e-18,520.0819749767,520.081975117988,2.716647803940758e-10,0
neos-873061__C:HEU>HOFF@25__s0.json.gz,neos-873061.mps.gz,C:HEU>HOFF@25,0,True,0.0,0.0,1.3877787807814457e-17,555.8274522905,555.8274524319471,2.5448026453402603e-10,0
neos-873061__C:HEU>HOFF@25__s1.json.gz,neos-873061.mps.gz,C:HEU>HOFF@25,1,True,0.0,0.0,6.938893903907228e-18,608.9898990858,608.9898992272753,2.3231142527228024e-10,0
neos-873061__C:HEU__s0.json.gz,neos-873061.mps.gz,C:HEU,0,True,0.0,0.0,1.3877787807814457e-17,555.8274522905,555.8274524319471,2.5448026453402603e-10,0
neos-873061__C:HEU__s1.json.gz,neos-873061.mps.gz,C:HEU,1,True,0.0,0.0,6.938893903907228e-18,608.9898990858,608.9898992272753,2.3231142527228024e-10,0
neos-873061__C:HEU__s2.json.gz,neos-873061.mps.gz,C:HEU,2,True,0.0,0.0,2.42861286636753e-17,499.0206300279,499.020630169384,2.8352336547884205e-10,0
neos-873061__C:HEU__s3.json.gz,neos-873061.mps.gz,C:HEU,3,True,0.0,0.0,6.938893903907228e-18,446.1697038538,446.16970399504635,3.1657538580052826e-10,0
neos-873061__C:HEU__s4.json.gz,neos-873061.mps.gz,C:HEU,4,True,0.0,2.220446049250313e-16,2.7755575615628914e-17,126.0301206867,126.0301206866998,1.5786064865192486e-15,0
neos-873061__C:INF__s0.json.gz,neos-873061.mps.gz,C:INF,0,True,0.0,0.0,1.3877787807814457e-17,555.8274522905,555.8274524319471,2.5448026453402603e-10,0
neos-873061__C:INF__s1.json.gz,neos-873061.mps.gz,C:INF,1,True,0.0,2.220446049250313e-16,2.7755575615628914e-17,125.9289190495,125.92891904949981,1.4670268965384234e-15,0
neos-873061__C:INF__s2.json.gz,neos-873061.mps.gz,C:INF,2,True,0.0,0.0,2.42861286636753e-17,499.0206300279,499.020630169384,2.8352336547884205e-10,0
neos-873061__C:INF__s3.json.gz,neos-873061.mps.gz,C:INF,3,True,0.0,0.0,6.938893903907228e-18,446.1697038538,446.16970399504635,3.1657538580052826e-10,0
neos-873061__C:INF__s4.json.gz,neos-873061.mps.gz,C:INF,4,True,0.0,2.220446049250313e-16,2.7755575615628914e-17,126.0301206867,126.0301206866998,1.5786064865192486e-15,0
neos-873061__C:NOC__s0.json.gz,neos-873061.mps.gz,C:NOC,0,True,0.0,0.0,1.3877787807814457e-17,555.8274522905,555.8274524319471,2.5448026453402603e-10,0
neos-873061__C:NOC__s1.json.gz,neos-873061.mps.gz,C:NOC,1,True,0.0,0.0,6.938893903907228e-18,608.9898990858,608.9898992272753,2.3231142527228024e-10,0
neos-873061__C:NOC__s2.json.gz,neos-873061.mps.gz,C:NOC,2,True,0.0,0.0,2.42861286636753e-17,499.0206300279,499.020630169384,2.8352336547884205e-10,0
neos-873061__C:NOC__s3.json.gz,neos-873061.mps.gz,C:NOC,3,True,0.0,2.220446049250313e-16,2.7755575615628914e-17,126.0301206867,126.0301206866998,1.5786064865192486e-15,0
neos-873061__C:NOC__s4.json.gz,neos-873061.mps.gz,C:NOC,4,True,0.0,2.220446049250313e-16,2.7755575615628914e-17,126.0301206867,126.0301206866998,1.5786064865192486e-15,0
neos-873061__C:PSC>D@25__s0.json.gz,neos-873061.mps.gz,C:PSC>D@25,0,True,0.0,0.0,1.3877787807814457e-17,555.8274522905,555.8274524319471,2.5448026453402603e-10,0
neos-873061__C:PSC>D@25__s1.json.gz,neos-873061.mps.gz,C:PSC>D@25,1,True,0.0,2.220446049250313e-16,2.7755575615628914e-17,125.9289190495,125.92891904949981,1.4670268965384234e-15,0
neos-873061__C:PSC__s0.json.gz,neos-873061.mps.gz,C:PSC,0,True,0.0,0.0,1.3877787807814457e-17,555.8274522905,555.8274524319471,2.5448026453402603e-10,0
neos-873061__C:PSC__s1.json.gz,neos-873061.mps.gz,C:PSC,1,True,0.0,2.220446049250313e-16,2.7755575615628914e-17,125.9289190495,125.92891904949981,1.4670268965384234e-15,0
neos-873061__C:PSC__s2.json.gz,neos-873061.mps.gz,C:PSC,2,True,0.0,2.220446049250313e-16,2.7755575615628914e-17,126.0301206867,126.0301206866998,1.5786064865192486e-15,0
neos-873061__C:PSC__s3.json.gz,neos-873061.mps.gz,C:PSC,3,True,0.0,2.220446049250313e-16,2.7755575615628914e-17,126.0301206867,126.0301206866998,1.5786064865192486e-15,0
neos-873061__C:PSC__s4.json.gz,neos-873061.mps.gz,C:PSC,4,True,0.0,0.0,6.938893903907228e-18,520.0819749767,520.081975117988,2.716647803940758e-10,0
neos17__C:D+RST@25__s0.json.gz,neos17.mps.gz,C:D+RST@25,0,True,0.0,0.0,4.440892098500626e-16,0.15000257742257742,0.15000257742257772,3.0531133177191805e-16,0
neos17__C:D+RST@25__s1.json.gz,neos17.mps.gz,C:D+RST@25,1,True,0.0,1.734723475976807e-18,4.440892098500626e-16,0.15000257742257742,0.15000257742257772,3.0531133177191805e-16,0
neos17__C:D+RST@stall20__s0.json.gz,neos17.mps.gz,C:D+RST@stall20,0,True,0.0,0.0,4.440892098500626e-16,0.15000257742257742,0.15000257742257772,3.0531133177191805e-16,0
neos17__C:D+RST@stall20__s1.json.gz,neos17.mps.gz,C:D+RST@stall20,1,True,0.0,1.734723475976807e-18,4.440892098500626e-16,0.15000257742257742,0.15000257742257772,3.0531133177191805e-16,0
neos17__C:D>PSC@25__s0.json.gz,neos17.mps.gz,C:D>PSC@25,0,True,0.0,0.0,4.440892098500626e-16,0.15000257742257742,0.15000257742257772,3.0531133177191805e-16,0
neos17__C:D>PSC@25__s1.json.gz,neos17.mps.gz,C:D>PSC@25,1,True,0.0,1.734723475976807e-18,4.440892098500626e-16,0.15000257742257742,0.15000257742257772,3.0531133177191805e-16,0
neos17__C:D__s0.json.gz,neos17.mps.gz,C:D,0,True,0.0,0.0,4.440892098500626e-16,0.15000257742257742,0.15000257742257772,3.0531133177191805e-16,0
neos17__C:D__s1.json.gz,neos17.mps.gz,C:D,1,True,0.0,1.734723475976807e-18,4.440892098500626e-16,0.15000257742257742,0.15000257742257772,3.0531133177191805e-16,0
neos17__C:D__s2.json.gz,neos17.mps.gz,C:D,2,True,1.734723475976807e-18,1.734723475976807e-18,4.440892098500626e-16,0.15000257742257742,0.15000257742257772,3.0531133177191805e-16,0
neos17__C:D__s3.json.gz,neos17.mps.gz,C:D,3,True,1.734723475976807e-18,1.734723475976807e-18,4.440892098500626e-16,0.15000257742257742,0.15000257742257772,3.0531133177191805e-16,0
neos17__C:D__s4.json.gz,neos17.mps.gz,C:D,4,True,0.0,0.0,4.440892098500626e-16,0.15000257742257742,0.15000257742257772,3.0531133177191805e-16,0
neos17__C:HEU>HOFF@25__s0.json.gz,neos17.mps.gz,C:HEU>HOFF@25,0,True,3.469446951953614e-18,3.469446951953614e-18,4.440892098500626e-16,0.15000257742257742,0.15000257742257772,3.0531133177191805e-16,0
neos17__C:HEU>HOFF@25__s1.json.gz,neos17.mps.gz,C:HEU>HOFF@25,1,True,1.734723475976807e-18,1.734723475976807e-18,4.440892098500626e-16,0.15000257742257742,0.15000257742257772,3.0531133177191805e-16,0
neos17__C:HEU__s0.json.gz,neos17.mps.gz,C:HEU,0,True,3.469446951953614e-18,3.469446951953614e-18,4.440892098500626e-16,0.15000257742257742,0.15000257742257772,3.0531133177191805e-16,0
neos17__C:HEU__s1.json.gz,neos17.mps.gz,C:HEU,1,True,1.734723475976807e-18,1.734723475976807e-18,4.440892098500626e-16,0.15000257742257742,0.15000257742257772,3.0531133177191805e-16,0
neos17__C:HEU__s2.json.gz,neos17.mps.gz,C:HEU,2,True,1.734723475976807e-18,1.734723475976807e-18,4.440892098500626e-16,0.15000257742257742,0.15000257742257772,3.0531133177191805e-16,0
neos17__C:HEU__s3.json.gz,neos17.mps.gz,C:HEU,3,True,0.0,0.0,4.440892098500626e-16,0.15000257742257742,0.15000257742257772,3.0531133177191805e-16,0
neos17__C:HEU__s4.json.gz,neos17.mps.gz,C:HEU,4,True,1.734723475976807e-18,1.734723475976807e-18,2.220446049250313e-16,0.15000257742257742,0.15000257742257772,3.0531133177191805e-16,0
neos17__C:HOFF>HEU@stall20__s0.json.gz,neos17.mps.gz,C:HOFF>HEU@stall20,0,True,0.0,1.734723475976807e-18,4.440892098500626e-16,0.15000257742257742,0.15000257742257742,0.0,0
neos17__C:HOFF>HEU@stall20__s1.json.gz,neos17.mps.gz,C:HOFF>HEU@stall20,1,True,3.469446951953614e-18,3.469446951953614e-18,4.440892098500626e-16,0.15000257742257742,0.15000257742257742,0.0,0
neos17__C:HOFF__s0.json.gz,neos17.mps.gz,C:HOFF,0,True,0.0,1.734723475976807e-18,4.440892098500626e-16,0.15000257742257742,0.15000257742257742,0.0,0
neos17__C:HOFF__s1.json.gz,neos17.mps.gz,C:HOFF,1,True,3.469446951953614e-18,3.469446951953614e-18,4.440892098500626e-16,0.15000257742257742,0.15000257742257742,0.0,0
neos17__C:HOFF__s2.json.gz,neos17.mps.gz,C:HOFF,2,True,1.734723475976807e-18,8.673617379884035e-16,4.440892098500626e-16,0.15000257742257742,0.15000257742257742,0.0,0
neos17__C:HOFF__s3.json.gz,neos17.mps.gz,C:HOFF,3,True,3.469446951953614e-18,3.469446951953614e-18,4.440892098500626e-16,0.15000257742257742,0.15000257742257742,0.0,0
neos17__C:HOFF__s4.json.gz,neos17.mps.gz,C:HOFF,4,True,3.469446951953614e-18,3.469446951953614e-18,4.440892098500626e-16,0.15000257742257742,0.15000257742257742,0.0,0
neos17__C:INF__s0.json.gz,neos17.mps.gz,C:INF,0,True,0.0,0.0,4.440892098500626e-16,0.15000257742257742,0.15000257742257772,3.0531133177191805e-16,0
neos17__C:INF__s1.json.gz,neos17.mps.gz,C:INF,1,True,3.469446951953614e-18,3.469446951953614e-18,4.440892098500626e-16,0.15000257742257742,0.15000257742257772,3.0531133177191805e-16,0
neos17__C:INF__s2.json.gz,neos17.mps.gz,C:INF,2,True,0.0,0.0,4.440892098500626e-16,0.15000257742257742,0.15000257742257772,3.0531133177191805e-16,0
neos17__C:INF__s3.json.gz,neos17.mps.gz,C:INF,3,True,0.0,0.0,2.220446049250313e-16,0.15000257742257742,0.15000257742257772,3.0531133177191805e-16,0
neos17__C:INF__s4.json.gz,neos17.mps.gz,C:INF,4,True,3.469446951953614e-18,3.469446951953614e-18,4.440892098500626e-16,0.15000257742257742,0.15000257742257742,0.0,0
neos17__C:NOC__s0.json.gz,neos17.mps.gz,C:NOC,0,True,0.0,0.0,2.220446049250313e-16,0.15000257742257742,0.15000257742257742,0.0,0
neos17__C:NOC__s1.json.gz,neos17.mps.gz,C:NOC,1,True,0.0,3.465980970982632e-18,2.220446049250313e-16,0.15000257742257742,0.15000257742257772,3.0531133177191805e-16,0
neos17__C:NOC__s2.json.gz,neos17.mps.gz,C:NOC,2,True,0.0,3.465980970982632e-18,4.440892098500626e-16,0.15000257742257742,0.15000257742257742,0.0,0
neos17__C:NOC__s3.json.gz,neos17.mps.gz,C:NOC,3,True,0.0,3.465980970982632e-18,2.220446049250313e-16,0.15000257742257742,0.15000257742257772,3.0531133177191805e-16,0
neos17__C:NOC__s4.json.gz,neos17.mps.gz,C:NOC,4,True,0.0,3.465980970982632e-18,2.220446049250313e-16,0.15000257742257742,0.15000257742257742,0.0,0
neos17__C:PSC>D@25__s0.json.gz,neos17.mps.gz,C:PSC>D@25,0,True,0.0,8.673617379884035e-16,4.440892098500626e-16,0.15000257742257742,0.15000257742257742,0.0,0
neos17__C:PSC>D@25__s1.json.gz,neos17.mps.gz,C:PSC>D@25,1,True,3.469446951953614e-18,1.5362457303566607e-14,3.3306690738754696e-16,0.15000257742257708,0.15000257742257708,0.0,0
neos17__C:PSC__s0.json.gz,neos17.mps.gz,C:PSC,0,True,0.0,8.673617379884035e-16,4.440892098500626e-16,0.15000257742257742,0.15000257742257742,0.0,0
neos17__C:PSC__s1.json.gz,neos17.mps.gz,C:PSC,1,True,3.469446951953614e-18,1.5362457303566607e-14,3.3306690738754696e-16,0.15000257742257708,0.15000257742257708,0.0,0
neos17__C:PSC__s2.json.gz,neos17.mps.gz,C:PSC,2,True,1.734723475976807e-18,1.734723475976807e-18,4.440892098500626e-16,0.15000257742257742,0.15000257742257772,3.0531133177191805e-16,0
neos17__C:PSC__s3.json.gz,neos17.mps.gz,C:PSC,3,True,1.734723475976807e-18,1.5654144647214707e-14,2.220446049250313e-16,0.15000257742257728,0.15000257742257728,0.0,0
neos17__C:PSC__s4.json.gz,neos17.mps.gz,C:PSC,4,True,6.938893903907228e-18,6.938893903907228e-18,1.2793585635328952e-17,0.15000257742257742,0.15000257742257742,0.0,0
neos5__C:D+RST@25__s0.json.gz,neos5.mps.gz,C:D+RST@25,0,True,1.2745360322696797e-13,9.103828801926284e-14,3.064215547965432e-14,15.0,14.999999999999996,2.368475785867001e-16,0
neos5__C:D+RST@25__s1.json.gz,neos5.mps.gz,C:D+RST@25,1,True,3.1086244689504383e-15,3.1086244689504383e-15,1.0150610510858574e-15,14.999999999999996,14.999999999999996,0.0,0
neos5__C:D+RST@stall20__s0.json.gz,neos5.mps.gz,C:D+RST@stall20,0,True,0.0,0.0,0.0,15.0,15.0,0.0,0
neos5__C:D+RST@stall20__s1.json.gz,neos5.mps.gz,C:D+RST@stall20,1,True,0.0,0.0,0.0,15.0,15.0,0.0,0
neos5__C:D>PSC@25__s0.json.gz,neos5.mps.gz,C:D>PSC@25,0,True,0.0,0.0,0.0,15.0,15.0,0.0,0
neos5__C:D>PSC@25__s1.json.gz,neos5.mps.gz,C:D>PSC@25,1,True,0.0,0.0,0.0,15.0,15.0,0.0,0
neos5__C:D__s0.json.gz,neos5.mps.gz,C:D,0,True,8.326672684688674e-16,8.326672684688674e-16,2.9605947323337506e-16,15.0,14.999999999999998,1.1842378929335005e-16,0
neos5__C:D__s1.json.gz,neos5.mps.gz,C:D,1,True,0.0,0.0,0.0,15.0,15.0,0.0,0
neos5__C:HEU>HOFF@25__s0.json.gz,neos5.mps.gz,C:HEU>HOFF@25,0,True,0.0,9.999999992515995e-07,0.0,14.999998000000001,14.999998000000001,0.0,0
neos5__C:HEU>HOFF@25__s1.json.gz,neos5.mps.gz,C:HEU>HOFF@25,1,True,0.0,7.999999995580986e-07,1.4802973661668753e-16,14.999998000000001,14.999997999999998,2.3684761016638144e-16,0
neos5__C:HEU__s0.json.gz,neos5.mps.gz,C:HEU,0,True,0.0,9.999999992515995e-07,0.0,14.999998000000001,14.999998000000001,0.0,0
neos5__C:HEU__s1.json.gz,neos5.mps.gz,C:HEU,1,True,0.0,7.999999995580986e-07,1.4802973661668753e-16,14.999998000000001,14.999997999999998,2.3684761016638144e-16,0
neos5__C:HOFF>HEU@stall20__s0.json.gz,neos5.mps.gz,C:HOFF>HEU@stall20,0,True,0.0,9.999999992515995e-07,0.0,14.999998000000001,14.999998000000001,0.0,0
neos5__C:HOFF>HEU@stall20__s1.json.gz,neos5.mps.gz,C:HOFF>HEU@stall20,1,True,0.0,6.666666660937182e-07,1.7763568394002506e-16,14.999999,14.999999000000003,1.1842379718826982e-16,0
neos5__C:HOFF__s0.json.gz,neos5.mps.gz,C:HOFF,0,True,0.0,0.0,0.0,15.0,15.0,0.0,0
neos5__C:HOFF__s1.json.gz,neos5.mps.gz,C:HOFF,1,True,0.0,4.440892098500626e-16,0.0,15.0,15.0,0.0,0
neos5__C:INF__s0.json.gz,neos5.mps.gz,C:INF,0,True,0.0,0.0,0.0,15.0,15.0,0.0,0
neos5__C:INF__s1.json.gz,neos5.mps.gz,C:INF,1,True,0.0,0.0,0.0,15.0,15.0,0.0,0
neos5__C:NOC__s0.json.gz,neos5.mps.gz,C:NOC,0,True,0.0,0.0,0.0,15.0,15.0,0.0,0
neos5__C:NOC__s1.json.gz,neos5.mps.gz,C:NOC,1,True,0.0,0.0,0.0,15.0,15.0,0.0,0
neos5__C:PSC>D@25__s0.json.gz,neos5.mps.gz,C:PSC>D@25,0,True,2.203098814490545e-15,3.774758283725532e-15,8.881784197001252e-16,14.999999999999996,14.999999999999996,0.0,0
neos5__C:PSC>D@25__s1.json.gz,neos5.mps.gz,C:PSC>D@25,1,True,0.0,0.0,0.0,15.0,15.0,0.0,0
neos5__C:PSC__s0.json.gz,neos5.mps.gz,C:PSC,0,True,2.203098814490545e-15,3.774758283725532e-15,8.881784197001252e-16,14.999999999999996,14.999999999999996,0.0,0
neos5__C:PSC__s1.json.gz,neos5.mps.gz,C:PSC,1,True,0.0,0.0,0.0,15.0,15.0,0.0,0
opm2-z10-s4__C:D+RST@25__s0.json.gz,opm2-z10-s4.mps.gz,C:D+RST@25,0,True,0.0,0.0,0.0,-20344.0,-20344.0,0.0,0
opm2-z10-s4__C:D+RST@25__s1.json.gz,opm2-z10-s4.mps.gz,C:D+RST@25,1,True,0.0,0.0,0.0,-20344.0,-20344.0,0.0,0
opm2-z10-s4__C:D+RST@stall20__s0.json.gz,opm2-z10-s4.mps.gz,C:D+RST@stall20,0,True,0.0,0.0,0.0,-20344.0,-20344.0,0.0,0
opm2-z10-s4__C:D+RST@stall20__s1.json.gz,opm2-z10-s4.mps.gz,C:D+RST@stall20,1,True,0.0,0.0,0.0,-20344.0,-20344.0,0.0,0
opm2-z10-s4__C:D>PSC@25__s0.json.gz,opm2-z10-s4.mps.gz,C:D>PSC@25,0,True,0.0,0.0,0.0,-20344.0,-20344.0,0.0,0
opm2-z10-s4__C:D>PSC@25__s1.json.gz,opm2-z10-s4.mps.gz,C:D>PSC@25,1,True,0.0,0.0,0.0,-20344.0,-20344.0,0.0,0
opm2-z10-s4__C:D__s0.json.gz,opm2-z10-s4.mps.gz,C:D,0,True,0.0,0.0,0.0,-20344.0,-20344.0,0.0,0
opm2-z10-s4__C:D__s1.json.gz,opm2-z10-s4.mps.gz,C:D,1,True,0.0,0.0,0.0,-20344.0,-20344.0,0.0,0
opm2-z10-s4__C:D__s2.json.gz,opm2-z10-s4.mps.gz,C:D,2,True,0.0,0.0,0.0,-20344.0,-20344.0,0.0,0
opm2-z10-s4__C:D__s3.json.gz,opm2-z10-s4.mps.gz,C:D,3,True,0.0,0.0,0.0,-20344.0,-20344.0,0.0,0
opm2-z10-s4__C:D__s4.json.gz,opm2-z10-s4.mps.gz,C:D,4,True,0.0,0.0,0.0,-20344.0,-20344.0,0.0,0
opm2-z10-s4__C:HEU>HOFF@25__s0.json.gz,opm2-z10-s4.mps.gz,C:HEU>HOFF@25,0,True,0.0,0.0,0.0,-20344.0,-20344.0,0.0,0
opm2-z10-s4__C:HEU>HOFF@25__s1.json.gz,opm2-z10-s4.mps.gz,C:HEU>HOFF@25,1,True,0.0,0.0,0.0,-21835.0,-21835.0,0.0,0
opm2-z10-s4__C:HEU__s0.json.gz,opm2-z10-s4.mps.gz,C:HEU,0,True,0.0,0.0,0.0,-20344.0,-20344.0,0.0,0
opm2-z10-s4__C:HEU__s1.json.gz,opm2-z10-s4.mps.gz,C:HEU,1,True,0.0,0.0,0.0,-20345.0,-20345.0,0.0,0
opm2-z10-s4__C:HEU__s2.json.gz,opm2-z10-s4.mps.gz,C:HEU,2,True,0.0,0.0,0.0,-20705.0,-20705.0,0.0,0
opm2-z10-s4__C:HEU__s3.json.gz,opm2-z10-s4.mps.gz,C:HEU,3,True,0.0,0.0,0.0,-20344.0,-20344.0,0.0,0
opm2-z10-s4__C:HEU__s4.json.gz,opm2-z10-s4.mps.gz,C:HEU,4,True,0.0,0.0,0.0,-20741.0,-20741.0,0.0,0
opm2-z10-s4__C:INF__s0.json.gz,opm2-z10-s4.mps.gz,C:INF,0,True,0.0,0.0,0.0,-20344.0,-20344.0,0.0,0
opm2-z10-s4__C:INF__s1.json.gz,opm2-z10-s4.mps.gz,C:INF,1,True,0.0,0.0,0.0,-20344.0,-20344.0,0.0,0
opm2-z10-s4__C:INF__s2.json.gz,opm2-z10-s4.mps.gz,C:INF,2,True,0.0,0.0,0.0,-20344.0,-20344.0,0.0,0
opm2-z10-s4__C:INF__s3.json.gz,opm2-z10-s4.mps.gz,C:INF,3,True,0.0,0.0,0.0,-20344.0,-20344.0,0.0,0
opm2-z10-s4__C:INF__s4.json.gz,opm2-z10-s4.mps.gz,C:INF,4,True,0.0,0.0,0.0,-20344.0,-20344.0,0.0,0
opm2-z10-s4__C:NOC__s0.json.gz,opm2-z10-s4.mps.gz,C:NOC,0,True,0.0,0.0,0.0,-21550.0,-21550.0,0.0,0
opm2-z10-s4__C:NOC__s1.json.gz,opm2-z10-s4.mps.gz,C:NOC,1,True,0.0,0.0,0.0,-20344.0,-20344.0,0.0,0
opm2-z10-s4__C:NOC__s2.json.gz,opm2-z10-s4.mps.gz,C:NOC,2,True,0.0,0.0,0.0,-21374.0,-21374.0,0.0,0
opm2-z10-s4__C:NOC__s3.json.gz,opm2-z10-s4.mps.gz,C:NOC,3,True,0.0,0.0,0.0,-21401.0,-21401.0,0.0,0
opm2-z10-s4__C:NOC__s4.json.gz,opm2-z10-s4.mps.gz,C:NOC,4,True,0.0,0.0,0.0,-21054.0,-21054.0,0.0,0
opm2-z10-s4__C:PSC>D@25__s0.json.gz,opm2-z10-s4.mps.gz,C:PSC>D@25,0,True,0.0,0.0,0.0,-20344.0,-20344.0,0.0,0
opm2-z10-s4__C:PSC>D@25__s1.json.gz,opm2-z10-s4.mps.gz,C:PSC>D@25,1,True,0.0,0.0,0.0,-20344.0,-20344.0,0.0,0
opm2-z10-s4__C:PSC__s0.json.gz,opm2-z10-s4.mps.gz,C:PSC,0,True,0.0,0.0,0.0,-20344.0,-20344.0,0.0,0
opm2-z10-s4__C:PSC__s1.json.gz,opm2-z10-s4.mps.gz,C:PSC,1,True,0.0,0.0,0.0,-20344.0,-20344.0,0.0,0
opm2-z10-s4__C:PSC__s2.json.gz,opm2-z10-s4.mps.gz,C:PSC,2,True,0.0,0.0,0.0,-20344.0,-20344.0,0.0,0
opm2-z10-s4__C:PSC__s3.json.gz,opm2-z10-s4.mps.gz,C:PSC,3,True,0.0,0.0,0.0,-20344.0,-20344.0,0.0,0
opm2-z10-s4__C:PSC__s4.json.gz,opm2-z10-s4.mps.gz,C:PSC,4,True,0.0,0.0,0.0,-20344.0,-20344.0,0.0,0
piperout-27__C:D+RST@25__s0.json.gz,piperout-27.mps.gz,C:D+RST@25,0,True,3.400058012914548e-16,7.105427357601002e-15,7.105427357601002e-15,8124.0,8124.0,0.0,0
piperout-27__C:D+RST@25__s1.json.gz,piperout-27.mps.gz,C:D+RST@25,1,True,6.7126304514886215e-12,6.7126304514886215e-12,4.374278717023117e-14,8124.0,8124.0,0.0,0
piperout-27__C:D+RST@stall20__s0.json.gz,piperout-27.mps.gz,C:D+RST@stall20,0,True,3.400058012914548e-16,7.105427357601002e-15,7.105427357601002e-15,8124.0,8124.0,0.0,0
piperout-27__C:D+RST@stall20__s1.json.gz,piperout-27.mps.gz,C:D+RST@stall20,1,True,6.7126304514886215e-12,6.7126304514886215e-12,4.374278717023117e-14,8124.0,8124.0,0.0,0
piperout-27__C:D>PSC@25__s0.json.gz,piperout-27.mps.gz,C:D>PSC@25,0,True,3.400058012914548e-16,7.105427357601002e-15,7.105427357601002e-15,8124.0,8124.0,0.0,0
piperout-27__C:D>PSC@25__s1.json.gz,piperout-27.mps.gz,C:D>PSC@25,1,True,6.7126304514886215e-12,6.7126304514886215e-12,4.374278717023117e-14,8124.0,8124.0,0.0,0
piperout-27__C:D__s0.json.gz,piperout-27.mps.gz,C:D,0,True,3.400058012914548e-16,7.105427357601002e-15,7.105427357601002e-15,8124.0,8124.0,0.0,0
piperout-27__C:D__s1.json.gz,piperout-27.mps.gz,C:D,1,True,6.7126304514886215e-12,6.7126304514886215e-12,4.374278717023117e-14,8124.0,8124.0,0.0,0
piperout-27__C:D__s2.json.gz,piperout-27.mps.gz,C:D,2,True,0.0,1.1102230246251565e-16,5.995204332975845e-15,8124.0,8124.0,0.0,0
piperout-27__C:D__s3.json.gz,piperout-27.mps.gz,C:D,3,True,3.4737810827808767e-13,3.4737810827808767e-13,2.4086816370872182e-14,8124.0,8124.0,0.0,0
piperout-27__C:D__s4.json.gz,piperout-27.mps.gz,C:D,4,True,1.0658141036401503e-14,1.0658141036401503e-14,5.329070518200751e-15,8124.0,8124.0,0.0,0
piperout-27__C:HEU>HOFF@25__s0.json.gz,piperout-27.mps.gz,C:HEU>HOFF@25,0,True,0.0,1.1102230246251565e-16,1.1102230246251565e-16,8124.0,8124.0,0.0,0
piperout-27__C:HEU>HOFF@25__s1.json.gz,piperout-27.mps.gz,C:HEU>HOFF@25,1,True,0.0,1.1102230246251565e-16,1.1102230246251565e-16,8124.0,8124.0,0.0,0
piperout-27__C:HEU__s0.json.gz,piperout-27.mps.gz,C:HEU,0,True,0.0,1.1102230246251565e-16,1.1102230246251565e-16,8124.0,8124.0,0.0,0
piperout-27__C:HEU__s1.json.gz,piperout-27.mps.gz,C:HEU,1,True,0.0,1.1102230246251565e-16,1.1102230246251565e-16,8124.0,8124.0,0.0,0
piperout-27__C:HEU__s2.json.gz,piperout-27.mps.gz,C:HEU,2,True,0.0,1.1102230246251565e-16,0.0,8124.0,8124.0,0.0,0
piperout-27__C:HEU__s3.json.gz,piperout-27.mps.gz,C:HEU,3,True,0.0,1.1102230246251565e-16,0.0,8124.0,8124.0,0.0,0
piperout-27__C:HEU__s4.json.gz,piperout-27.mps.gz,C:HEU,4,True,0.0,1.1102230246251565e-16,0.0,8124.0,8124.0,0.0,0
piperout-27__C:HOFF>HEU@stall20__s0.json.gz,piperout-27.mps.gz,C:HOFF>HEU@stall20,0,True,1.1102230246251565e-15,5.684341886080802e-14,5.218048215738236e-15,8124.0,8124.0,0.0,0
piperout-27__C:HOFF>HEU@stall20__s1.json.gz,piperout-27.mps.gz,C:HOFF>HEU@stall20,1,True,1.3322676295501878e-15,1.3322676295501878e-15,4.6629367034256575e-14,8124.0,8124.0,0.0,0
piperout-27__C:HOFF__s0.json.gz,piperout-27.mps.gz,C:HOFF,0,True,1.1102230246251565e-15,5.684341886080802e-14,5.218048215738236e-15,8124.0,8124.0,0.0,0
piperout-27__C:HOFF__s1.json.gz,piperout-27.mps.gz,C:HOFF,1,True,1.3322676295501878e-15,1.3322676295501878e-15,4.6629367034256575e-14,8124.0,8124.0,0.0,0
piperout-27__C:HOFF__s2.json.gz,piperout-27.mps.gz,C:HOFF,2,True,2.3684757858670005e-15,4.263256414560601e-14,1.7763568394002505e-15,8124.0,8124.0,0.0,0
piperout-27__C:HOFF__s3.json.gz,piperout-27.mps.gz,C:HOFF,3,True,7.767120280277595e-13,7.767120280277595e-13,1.4859221677293993e-14,8124.0,8124.0,0.0,0
piperout-27__C:HOFF__s4.json.gz,piperout-27.mps.gz,C:HOFF,4,True,1.021405182655144e-14,1.021405182655144e-14,2.3314683517128287e-15,8124.0,8124.0,0.0,0
piperout-27__C:INF__s0.json.gz,piperout-27.mps.gz,C:INF,0,True,2.900174431673878e-16,7.105427357601002e-15,2.5868196473766147e-14,8124.0,8124.0,0.0,0
piperout-27__C:INF__s1.json.gz,piperout-27.mps.gz,C:INF,1,True,0.0,1.7763568394002505e-15,2.3314683517128287e-15,8124.0,8124.0,0.0,0
piperout-27__C:INF__s2.json.gz,piperout-27.mps.gz,C:INF,2,True,0.0,1.1102230246251565e-16,5.551115123125783e-17,8124.0,8124.0,0.0,0
piperout-27__C:INF__s3.json.gz,piperout-27.mps.gz,C:INF,3,True,1.4099832412739488e-14,1.4210854715202004e-14,1.678657213233237e-14,8124.0,8124.0,0.0,0
piperout-27__C:INF__s4.json.gz,piperout-27.mps.gz,C:INF,4,True,2.220446049250313e-16,1.4210854715202004e-14,6.553930524903483e-14,8124.0,8124.0,0.0,0
piperout-27__C:NOC__s0.json.gz,piperout-27.mps.gz,C:NOC,0,True,0.0,2.220446049250313e-16,4.440892098500626e-16,8124.0,8124.0,0.0,0
piperout-27__C:NOC__s1.json.gz,piperout-27.mps.gz,C:NOC,1,True,0.0,1.1102230246251565e-16,1.1102230246251565e-16,8124.0,8124.0,0.0,0
piperout-27__C:NOC__s2.json.gz,piperout-27.mps.gz,C:NOC,2,True,0.0,1.3158198810372225e-16,2.3314683517128283e-15,8124.0,8124.000000000001,1.1195158810597342e-16,0
piperout-27__C:NOC__s3.json.gz,piperout-27.mps.gz,C:NOC,3,True,0.0,1.1102230246251565e-16,5.551115123125783e-17,8124.0,8124.0,0.0,0
piperout-27__C:NOC__s4.json.gz,piperout-27.mps.gz,C:NOC,4,True,0.0,0.0,0.0,8124.0,8124.0,0.0,0
piperout-27__C:PSC>D@25__s0.json.gz,piperout-27.mps.gz,C:PSC>D@25,0,True,7.105427357601002e-15,1.4210854715202004e-14,7.143022211344921e-15,8124.0,8124.0,0.0,0
piperout-27__C:PSC>D@25__s1.json.gz,piperout-27.mps.gz,C:PSC>D@25,1,True,3.774758283725532e-15,3.774758283725532e-15,1.6431300764452317e-14,8124.0,8124.0,0.0,0
piperout-27__C:PSC__s0.json.gz,piperout-27.mps.gz,C:PSC,0,True,7.105427357601002e-15,1.4210854715202004e-14,7.143022211344921e-15,8124.0,8124.0,0.0,0
piperout-27__C:PSC__s1.json.gz,piperout-27.mps.gz,C:PSC,1,True,3.774758283725532e-15,3.774758283725532e-15,1.6431300764452317e-14,8124.0,8124.0,0.0,0
piperout-27__C:PSC__s2.json.gz,piperout-27.mps.gz,C:PSC,2,True,8.570921750106208e-14,8.570921750106208e-14,2.842170943040401e-14,8124.0,8124.0,0.0,0
piperout-27__C:PSC__s3.json.gz,piperout-27.mps.gz,C:PSC,3,True,4.440892098500626e-16,4.440892098500626e-16,1.2878587085651816e-14,8124.0,8124.0,0.0,0
piperout-27__C:PSC__s4.json.gz,piperout-27.mps.gz,C:PSC,4,True,0.0,1.1102230246251565e-16,0.0,8124.0,8124.0,0.0,0
pk1__C:D+RST@25__s0.json.gz,pk1.mps.gz,C:D+RST@25,0,True,0.0,0.0,0.0,11.0,11.0,0.0,0
pk1__C:D+RST@25__s1.json.gz,pk1.mps.gz,C:D+RST@25,1,True,0.0,0.0,0.0,11.0,11.0,0.0,0
pk1__C:D+RST@stall20__s0.json.gz,pk1.mps.gz,C:D+RST@stall20,0,True,0.0,0.0,0.0,11.0,11.0,0.0,0
pk1__C:D+RST@stall20__s1.json.gz,pk1.mps.gz,C:D+RST@stall20,1,True,0.0,0.0,0.0,11.0,11.0,0.0,0
pk1__C:D>PSC@25__s0.json.gz,pk1.mps.gz,C:D>PSC@25,0,True,0.0,0.0,0.0,11.0,11.0,0.0,0
pk1__C:D>PSC@25__s1.json.gz,pk1.mps.gz,C:D>PSC@25,1,True,0.0,0.0,0.0,11.0,11.0,0.0,0
pk1__C:D__s0.json.gz,pk1.mps.gz,C:D,0,True,0.0,0.0,0.0,11.0,11.0,0.0,0
pk1__C:D__s1.json.gz,pk1.mps.gz,C:D,1,True,0.0,0.0,0.0,11.0,11.0,0.0,0
pk1__C:HEU>HOFF@25__s0.json.gz,pk1.mps.gz,C:HEU>HOFF@25,0,True,9.368029739633613e-07,9.368029739633613e-07,7.105427357601002e-15,10.999988000000009,10.999988000000009,0.0,0
pk1__C:HEU>HOFF@25__s1.json.gz,pk1.mps.gz,C:HEU>HOFF@25,1,True,7.105427357601002e-15,9.804147456105028e-07,1.0658141036401503e-14,10.99996300000003,10.99996300000003,0.0,0
pk1__C:HEU__s0.json.gz,pk1.mps.gz,C:HEU,0,True,9.368029739633613e-07,9.368029739633613e-07,7.105427357601002e-15,10.999988000000009,10.999988000000009,0.0,0
pk1__C:HEU__s1.json.gz,pk1.mps.gz,C:HEU,1,True,7.105427357601002e-15,9.804147456105028e-07,1.0658141036401503e-14,10.99996300000003,10.99996300000003,0.0,0
pk1__C:HOFF>HEU@stall20__s0.json.gz,pk1.mps.gz,C:HOFF>HEU@stall20,0,True,7.105427357601002e-15,6.491228062843746e-07,7.105427357601002e-15,10.999980000000015,10.999980000000015,0.0,0
pk1__C:HOFF>HEU@stall20__s1.json.gz,pk1.mps.gz,C:HOFF>HEU@stall20,1,True,1.4210854715202004e-14,9.99999999029555e-07,2.1316282072803006e-14,10.99996000000003,10.99996000000003,0.0,0
pk1__C:HOFF__s0.json.gz,pk1.mps.gz,C:HOFF,0,True,0.0,0.0,0.0,11.0,11.0,0.0,0
pk1__C:HOFF__s1.json.gz,pk1.mps.gz,C:HOFF,1,True,0.0,0.0,0.0,11.0,11.0,0.0,0
pk1__C:INF__s0.json.gz,pk1.mps.gz,C:INF,0,True,0.0,0.0,0.0,11.0,11.0,0.0,0
pk1__C:INF__s1.json.gz,pk1.mps.gz,C:INF,1,True,0.0,0.0,0.0,11.0,11.0,0.0,0
pk1__C:NOC__s0.json.gz,pk1.mps.gz,C:NOC,0,True,0.0,0.0,0.0,11.0,11.0,0.0,0
pk1__C:NOC__s1.json.gz,pk1.mps.gz,C:NOC,1,True,0.0,0.0,0.0,11.0,11.0,0.0,0
pk1__C:PSC>D@25__s0.json.gz,pk1.mps.gz,C:PSC>D@25,0,True,0.0,0.0,0.0,11.0,11.0,0.0,0
pk1__C:PSC>D@25__s1.json.gz,pk1.mps.gz,C:PSC>D@25,1,True,8.881784197001252e-15,1.3664283380001927e-16,7.105427357601002e-15,10.999999999999993,10.999999999999993,0.0,0
pk1__C:PSC__s0.json.gz,pk1.mps.gz,C:PSC,0,True,0.0,0.0,0.0,11.0,11.0,0.0,0
pk1__C:PSC__s1.json.gz,pk1.mps.gz,C:PSC,1,True,8.881784197001252e-15,1.3664283380001927e-16,7.105427357601002e-15,10.999999999999993,10.999999999999993,0.0,0
rail507__C:D+RST@25__s0.json.gz,rail507.mps.gz,C:D+RST@25,0,True,0.0,0.0,0.0,174.0,174.0,0.0,0
rail507__C:D+RST@25__s1.json.gz,rail507.mps.gz,C:D+RST@25,1,True,2.220446049250313e-16,2.220446049250313e-16,2.220446049250313e-16,176.0,176.0,0.0,0
rail507__C:D+RST@stall20__s0.json.gz,rail507.mps.gz,C:D+RST@stall20,0,True,0.0,0.0,0.0,174.0,174.0,0.0,0
rail507__C:D+RST@stall20__s1.json.gz,rail507.mps.gz,C:D+RST@stall20,1,True,0.0,0.0,0.0,176.0,176.0,0.0,0
rail507__C:D>PSC@25__s0.json.gz,rail507.mps.gz,C:D>PSC@25,0,True,0.0,0.0,0.0,175.0,175.0,0.0,0
rail507__C:D>PSC@25__s1.json.gz,rail507.mps.gz,C:D>PSC@25,1,True,0.0,0.0,0.0,175.0,175.0,0.0,0
rail507__C:D__s0.json.gz,rail507.mps.gz,C:D,0,True,0.0,0.0,0.0,174.0,174.0,0.0,0
rail507__C:D__s1.json.gz,rail507.mps.gz,C:D,1,True,2.182868240126509e-15,1.9984014443252818e-14,2.4424906541753444e-15,174.0,174.0,0.0,0
rail507__C:HEU>HOFF@25__s0.json.gz,rail507.mps.gz,C:HEU>HOFF@25,0,True,5.551115123125783e-16,4.218847493575595e-15,1.1102230246251565e-15,175.0,175.0,0.0,0
rail507__C:HEU>HOFF@25__s1.json.gz,rail507.mps.gz,C:HEU>HOFF@25,1,True,8.308765861710849e-16,3.3306690738754696e-15,1.2212453270876722e-15,174.0,174.0,0.0,0
rail507__C:HEU__s0.json.gz,rail507.mps.gz,C:HEU,0,True,5.551115123125783e-16,4.218847493575595e-15,1.1102230246251565e-15,175.0,175.0,0.0,0
rail507__C:HEU__s1.json.gz,rail507.mps.gz,C:HEU,1,True,8.308765861710849e-16,3.3306690738754696e-15,1.2212453270876722e-15,174.0,174.0,0.0,0
rail507__C:HOFF>HEU@stall20__s0.json.gz,rail507.mps.gz,C:HOFF>HEU@stall20,0,True,7.549516567451064e-15,7.549516567451064e-15,4.440892098500626e-15,174.0,174.0,0.0,0
rail507__C:HOFF>HEU@stall20__s1.json.gz,rail507.mps.gz,C:HOFF>HEU@stall20,1,True,4.218847493575595e-15,4.218847493575595e-15,7.771561172376096e-16,174.0,174.0,0.0,0
rail507__C:HOFF__s0.json.gz,rail507.mps.gz,C:HOFF,0,True,7.549516567451064e-15,7.549516567451064e-15,4.440892098500626e-15,174.0,174.0,0.0,0
rail507__C:HOFF__s1.json.gz,rail507.mps.gz,C:HOFF,1,True,1.1692455146904264e-15,1.1692455146904264e-15,8.881784197001252e-16,174.0,174.0,0.0,0
rail507__C:INF__s0.json.gz,rail507.mps.gz,C:INF,0,True,0.0,0.0,0.0,175.0,175.0,0.0,0
rail507__C:INF__s1.json.gz,rail507.mps.gz,C:INF,1,True,0.0,0.0,0.0,177.0,177.0,0.0,0
rail507__C:NOC__s0.json.gz,rail507.mps.gz,C:NOC,0,True,1.566648045859943e-15,2.6892068818698235e-15,1.3322676295501878e-15,174.0,174.0,0.0,0
rail507__C:NOC__s1.json.gz,rail507.mps.gz,C:NOC,1,True,8.881784197001252e-16,8.881784197001252e-16,1.3322676295501878e-15,174.0,174.0,0.0,0
rail507__C:PSC>D@25__s0.json.gz,rail507.mps.gz,C:PSC>D@25,0,True,0.0,0.0,0.0,174.0,174.0,0.0,0
rail507__C:PSC>D@25__s1.json.gz,rail507.mps.gz,C:PSC>D@25,1,True,1.4029518287846558e-15,3.669059999453187e-15,1.6653345369377348e-15,174.0,174.0,0.0,0
rail507__C:PSC__s0.json.gz,rail507.mps.gz,C:PSC,0,True,0.0,0.0,0.0,175.0,175.0,0.0,0
rail507__C:PSC__s1.json.gz,rail507.mps.gz,C:PSC,1,True,0.0,0.0,0.0,177.0,177.0,0.0,0
roll3000__C:D+RST@25__s0.json.gz,roll3000.mps.gz,C:D+RST@25,0,True,0.0,0.0,3.552713678800501e-15,12889.999999999998,12889.999999999998,0.0,0
roll3000__C:D+RST@25__s1.json.gz,roll3000.mps.gz,C:D+RST@25,1,True,8.082207542977783e-14,1.0014211682118912e-13,2.2737367544323206e-12,12890.0,12890.000000000004,2.8223264601176975e-16,0
roll3000__C:D+RST@stall20__s0.json.gz,roll3000.mps.gz,C:D+RST@stall20,0,True,0.0,0.0,3.552713678800501e-15,12889.999999999998,12889.999999999998,0.0,0
roll3000__C:D+RST@stall20__s1.json.gz,roll3000.mps.gz,C:D+RST@stall20,1,True,8.082207542977783e-14,1.0014211682118912e-13,2.2737367544323206e-12,12890.0,12890.000000000004,2.8223264601176975e-16,0
roll3000__C:D>PSC@25__s0.json.gz,roll3000.mps.gz,C:D>PSC@25,0,True,0.0,0.0,3.552713678800501e-15,12889.999999999998,12889.999999999998,0.0,0
roll3000__C:D>PSC@25__s1.json.gz,roll3000.mps.gz,C:D>PSC@25,1,True,8.082207542977783e-14,1.0014211682118912e-13,2.2737367544323206e-12,12890.0,12890.000000000004,2.8223264601176975e-16,0
roll3000__C:D__s0.json.gz,roll3000.mps.gz,C:D,0,True,0.0,0.0,3.552713678800501e-15,12889.999999999998,12889.999999999998,0.0,0
roll3000__C:D__s1.json.gz,roll3000.mps.gz,C:D,1,True,8.082207542977783e-14,1.0014211682118912e-13,2.2737367544323206e-12,12890.0,12890.000000000004,2.8223264601176975e-16,0
roll3000__C:HEU>HOFF@25__s0.json.gz,roll3000.mps.gz,C:HEU>HOFF@25,0,True,2.6645352591003757e-15,2.3092638912203256e-14,4.547473508864641e-13,12890.000000000002,12890.000000000002,0.0,0
roll3000__C:HEU>HOFF@25__s1.json.gz,roll3000.mps.gz,C:HEU>HOFF@25,1,True,6.017396395906655e-14,6.017396395906655e-14,1.8189894035458565e-12,12890.000000000011,12890.000000000011,0.0,0
roll3000__C:HEU__s0.json.gz,roll3000.mps.gz,C:HEU,0,True,2.6645352591003757e-15,2.3092638912203256e-14,4.547473508864641e-13,12890.000000000002,12890.000000000002,0.0,0
roll3000__C:HEU__s1.json.gz,roll3000.mps.gz,C:HEU,1,True,6.017396395906655e-14,6.017396395906655e-14,1.8189894035458565e-12,12890.000000000011,12890.000000000011,0.0,0
roll3000__C:HOFF>HEU@stall20__s0.json.gz,roll3000.mps.gz,C:HOFF>HEU@stall20,0,True,4.911626660941693e-13,3.0886404545071855e-13,2.2737367544323206e-12,12889.999999999996,12889.999999999996,0.0,0
roll3000__C:HOFF>HEU@stall20__s1.json.gz,roll3000.mps.gz,C:HOFF>HEU@stall20,1,True,1.3767043061108097e-11,4.674038933671909e-13,6.821210263296962e-12,12889.999999999982,12889.999999999989,5.644652920235401e-16,0
roll3000__C:HOFF__s0.json.gz,roll3000.mps.gz,C:HOFF,0,True,4.911626660941693e-13,3.0886404545071855e-13,2.2737367544323206e-12,12889.999999999996,12889.999999999996,0.0,0
roll3000__C:HOFF__s1.json.gz,roll3000.mps.gz,C:HOFF,1,True,1.3767043061108097e-11,4.674038933671909e-13,6.821210263296962e-12,12889.999999999982,12889.999999999989,5.644652920235401e-16,0
roll3000__C:INF__s0.json.gz,roll3000.mps.gz,C:INF,0,True,5.115907697472721e-13,3.080364246505434e-14,2.504663143554353e-13,12889.99999999998,12889.99999999998,0.0,0
roll3000__C:INF__s1.json.gz,roll3000.mps.gz,C:INF,1,True,2.842170943040401e-14,4.385380947269368e-15,4.547473508864641e-13,12890.000000000002,12890.000000000002,0.0,0
roll3000__C:NOC__s0.json.gz,roll3000.mps.gz,C:NOC,0,True,8.79296635503124e-14,2.6645352591003757e-15,4.547473508864641e-13,13295.0,13295.0,0.0,0
roll3000__C:NOC__s1.json.gz,roll3000.mps.gz,C:NOC,1,True,0.0,0.0,0.0,12932.0,12932.0,0.0,0
roll3000__C:PSC>D@25__s0.json.gz,roll3000.mps.gz,C:PSC>D@25,0,True,3.552713678800501e-15,0.0,3.552713678800501e-15,12890.0,12890.0,0.0,0
roll3000__C:PSC>D@25__s1.json.gz,roll3000.mps.gz,C:PSC>D@25,1,True,1.2310152897043736e-12,1.4219736499399005e-12,5.4569682106375694e-12,12890.000000000027,12890.000000000033,4.2334896901765366e-16,0
roll3000__C:PSC__s0.json.gz,roll3000.mps.gz,C:PSC,0,True,3.552713678800501e-15,0.0,3.552713678800501e-15,12890.0,12890.0,0.0,0
roll3000__C:PSC__s1.json.gz,roll3000.mps.gz,C:PSC,1,True,1.2310152897043736e-12,1.4219736499399005e-12,5.4569682106375694e-12,12890.000000000027,12890.000000000033,4.2334896901765366e-16,0
s100__C:D+RST@25__s0.json.gz,s100.mps.gz,C:D+RST@25,0,True,0.0,0.0,0.0,0.0,0.0,0.0,0
s100__C:D+RST@25__s1.json.gz,s100.mps.gz,C:D+RST@25,1,True,0.0,0.0,0.0,0.0,0.0,0.0,0
s100__C:D+RST@stall20__s0.json.gz,s100.mps.gz,C:D+RST@stall20,0,True,0.0,0.0,0.0,0.0,0.0,0.0,0
s100__C:D+RST@stall20__s1.json.gz,s100.mps.gz,C:D+RST@stall20,1,True,0.0,0.0,0.0,0.0,0.0,0.0,0
s100__C:D>PSC@25__s0.json.gz,s100.mps.gz,C:D>PSC@25,0,True,0.0,0.0,0.0,0.0,0.0,0.0,0
s100__C:D>PSC@25__s1.json.gz,s100.mps.gz,C:D>PSC@25,1,True,0.0,0.0,0.0,0.0,0.0,0.0,0
s100__C:D__s0.json.gz,s100.mps.gz,C:D,0,True,0.0,0.0,0.0,0.0,0.0,0.0,0
s100__C:D__s1.json.gz,s100.mps.gz,C:D,1,True,0.0,0.0,0.0,0.0,0.0,0.0,0
s100__C:D__s2.json.gz,s100.mps.gz,C:D,2,True,0.0,0.0,0.0,0.0,0.0,0.0,0
s100__C:D__s3.json.gz,s100.mps.gz,C:D,3,True,0.0,0.0,0.0,0.0,0.0,0.0,0
s100__C:D__s4.json.gz,s100.mps.gz,C:D,4,True,0.0,0.0,0.0,0.0,0.0,0.0,0
s100__C:HEU>HOFF@25__s0.json.gz,s100.mps.gz,C:HEU>HOFF@25,0,True,0.0,0.0,0.0,-0.02807552026914749,-0.028075520269147492,3.469446951953614e-18,0
s100__C:HEU>HOFF@25__s1.json.gz,s100.mps.gz,C:HEU>HOFF@25,1,True,0.0,0.0,0.0,-0.02807552026914749,-0.028075520269147492,3.469446951953614e-18,0
s100__C:HEU__s0.json.gz,s100.mps.gz,C:HEU,0,True,0.0,0.0,0.0,-0.02807552026914749,-0.028075520269147492,3.469446951953614e-18,0
s100__C:HEU__s1.json.gz,s100.mps.gz,C:HEU,1,True,0.0,0.0,0.0,-0.02807552026914749,-0.028075520269147492,3.469446951953614e-18,0
s100__C:HEU__s2.json.gz,s100.mps.gz,C:HEU,2,True,0.0,0.0,0.0,-0.02807552026914749,-0.028075520269147492,3.469446951953614e-18,0
s100__C:HEU__s3.json.gz,s100.mps.gz,C:HEU,3,True,0.0,0.0,0.0,-0.02807552026914749,-0.028075520269147492,3.469446951953614e-18,0
s100__C:HEU__s4.json.gz,s100.mps.gz,C:HEU,4,True,0.0,0.0,0.0,-0.02807552026914749,-0.028075520269147492,3.469446951953614e-18,0
s100__C:INF__s0.json.gz,s100.mps.gz,C:INF,0,True,0.0,0.0,0.0,0.0,0.0,0.0,0
s100__C:INF__s1.json.gz,s100.mps.gz,C:INF,1,True,0.0,0.0,0.0,0.0,0.0,0.0,0
s100__C:INF__s2.json.gz,s100.mps.gz,C:INF,2,True,0.0,0.0,0.0,0.0,0.0,0.0,0
s100__C:INF__s3.json.gz,s100.mps.gz,C:INF,3,True,0.0,0.0,0.0,0.0,0.0,0.0,0
s100__C:INF__s4.json.gz,s100.mps.gz,C:INF,4,True,0.0,0.0,0.0,0.0,0.0,0.0,0
s100__C:NOC__s0.json.gz,s100.mps.gz,C:NOC,0,True,0.0,0.0,0.0,0.0,0.0,0.0,0
s100__C:NOC__s1.json.gz,s100.mps.gz,C:NOC,1,True,0.0,0.0,0.0,0.0,0.0,0.0,0
s100__C:NOC__s2.json.gz,s100.mps.gz,C:NOC,2,True,0.0,0.0,0.0,0.0,0.0,0.0,0
s100__C:NOC__s3.json.gz,s100.mps.gz,C:NOC,3,True,0.0,0.0,0.0,0.0,0.0,0.0,0
s100__C:NOC__s4.json.gz,s100.mps.gz,C:NOC,4,True,0.0,0.0,0.0,0.0,0.0,0.0,0
s100__C:PSC>D@25__s0.json.gz,s100.mps.gz,C:PSC>D@25,0,True,0.0,0.0,0.0,0.0,0.0,0.0,0
s100__C:PSC>D@25__s1.json.gz,s100.mps.gz,C:PSC>D@25,1,True,0.0,0.0,0.0,0.0,0.0,0.0,0
s100__C:PSC__s0.json.gz,s100.mps.gz,C:PSC,0,True,0.0,0.0,0.0,0.0,0.0,0.0,0
s100__C:PSC__s1.json.gz,s100.mps.gz,C:PSC,1,True,0.0,0.0,0.0,0.0,0.0,0.0,0
s100__C:PSC__s2.json.gz,s100.mps.gz,C:PSC,2,True,0.0,0.0,0.0,0.0,0.0,0.0,0
s100__C:PSC__s3.json.gz,s100.mps.gz,C:PSC,3,True,0.0,0.0,0.0,0.0,0.0,0.0,0
s100__C:PSC__s4.json.gz,s100.mps.gz,C:PSC,4,True,0.0,0.0,0.0,0.0,0.0,0.0,0
seymour__C:D+RST@25__s0.json.gz,seymour.mps.gz,C:D+RST@25,0,True,2.220446049250313e-16,4.440892098500626e-16,3.3306690738754696e-16,424.0,424.0,0.0,0
seymour__C:D+RST@25__s1.json.gz,seymour.mps.gz,C:D+RST@25,1,True,0.0,0.0,0.0,425.0,425.0,0.0,0
seymour__C:D+RST@stall20__s0.json.gz,seymour.mps.gz,C:D+RST@stall20,0,True,0.0,0.0,0.0,425.0,425.0,0.0,0
seymour__C:D+RST@stall20__s1.json.gz,seymour.mps.gz,C:D+RST@stall20,1,True,0.0,0.0,0.0,425.0,425.0,0.0,0
seymour__C:D>PSC@25__s0.json.gz,seymour.mps.gz,C:D>PSC@25,0,True,0.0,0.0,0.0,427.0,427.0,0.0,0
seymour__C:D>PSC@25__s1.json.gz,seymour.mps.gz,C:D>PSC@25,1,True,3.3306690738754696e-16,3.3306690738754696e-16,4.440892098500626e-16,426.0,426.0,0.0,0
seymour__C:D__s0.json.gz,seymour.mps.gz,C:D,0,True,8.881784197001252e-16,1.887379141862766e-15,1.3322676295501878e-15,425.0,425.0,0.0,0
seymour__C:D__s1.json.gz,seymour.mps.gz,C:D,1,True,0.0,0.0,0.0,425.0,425.0,0.0,0
seymour__C:HEU>HOFF@25__s0.json.gz,seymour.mps.gz,C:HEU>HOFF@25,0,True,0.0,0.0,0.0,424.0,424.0,0.0,0
seymour__C:HEU>HOFF@25__s1.json.gz,seymour.mps.gz,C:HEU>HOFF@25,1,True,0.0,0.0,0.0,426.0,426.0,0.0,0
seymour__C:HEU__s0.json.gz,seymour.mps.gz,C:HEU,0,True,8.881784197001252e-16,8.881784197001252e-16,6.661338147750939e-16,424.0,424.0,0.0,0
seymour__C:HEU__s1.json.gz,seymour.mps.gz,C:HEU,1,True,3.9968028886505635e-15,3.9968028886505635e-15,3.9968028886505635e-15,424.0,424.0,0.0,0
seymour__C:HOFF>HEU@stall20__s0.json.gz,seymour.mps.gz,C:HOFF>HEU@stall20,0,True,0.0,8.881784197001252e-16,1.1102230246251565e-16,424.0,424.0,0.0,0
seymour__C:HOFF>HEU@stall20__s1.json.gz,seymour.mps.gz,C:HOFF>HEU@stall20,1,True,1.3322676295501878e-15,1.3322676295501878e-15,1.4432899320127035e-15,425.0,425.0,0.0,0
seymour__C:HOFF__s0.json.gz,seymour.mps.gz,C:HOFF,0,True,0.0,0.0,0.0,484.0,484.0000000000002,4.697803211637024e-16,0
seymour__C:HOFF__s1.json.gz,seymour.mps.gz,C:HOFF,1,True,0.0,1.6653345369377348e-16,0.0,602.0,601.9999999999998,3.7769713528776105e-16,0
seymour__C:INF__s0.json.gz,seymour.mps.gz,C:INF,0,True,0.0,0.0,0.0,425.0,425.0,0.0,0
seymour__C:INF__s1.json.gz,seymour.mps.gz,C:INF,1,True,0.0,0.0,0.0,429.0,429.0,0.0,0
seymour__C:NOC__s0.json.gz,seymour.mps.gz,C:NOC,0,True,0.0,0.0,0.0,426.0,426.0,0.0,0
seymour__C:NOC__s1.json.gz,seymour.mps.gz,C:NOC,1,True,0.0,0.0,0.0,427.0,427.0,0.0,0
seymour__C:PSC>D@25__s0.json.gz,seymour.mps.gz,C:PSC>D@25,0,True,0.0,0.0,0.0,427.0,427.0,0.0,0
seymour__C:PSC>D@25__s1.json.gz,seymour.mps.gz,C:PSC>D@25,1,True,0.0,0.0,0.0,427.0,427.0,0.0,0
seymour__C:PSC__s0.json.gz,seymour.mps.gz,C:PSC,0,True,0.0,0.0,0.0,425.0,425.0,0.0,0
seymour__C:PSC__s1.json.gz,seymour.mps.gz,C:PSC,1,True,0.0,0.0,0.0,425.0,425.0,0.0,0
snp-02-004-104__C:D+RST@25__s0.json.gz,snp-02-004-104.mps.gz,C:D+RST@25,0,True,1.8189894035458565e-12,1.9326762412674725e-12,1.1641532182693481e-10,586965285.9129442,586965285.9129162,4.7727154768382427e-14,0
snp-02-004-104__C:D+RST@25__s1.json.gz,snp-02-004-104.mps.gz,C:D+RST@25,1,True,1.8189894035458565e-12,1.9326762412674725e-12,1.1641532182693481e-10,586965285.9129442,586965285.9129162,4.7727154768382427e-14,0
snp-02-004-104__C:D+RST@stall20__s0.json.gz,snp-02-004-104.mps.gz,C:D+RST@stall20,0,True,1.8189894035458565e-12,1.9326762412674725e-12,1.1641532182693481e-10,586965285.9129442,586965285.9129162,4.7727154768382427e-14,0
snp-02-004-104__C:D+RST@stall20__s1.json.gz,snp-02-004-104.mps.gz,C:D+RST@stall20,1,True,1.8189894035458565e-12,1.9326762412674725e-12,1.1641532182693481e-10,586965285.9129442,586965285.9129162,4.7727154768382427e-14,0
snp-02-004-104__C:D>PSC@25__s0.json.gz,snp-02-004-104.mps.gz,C:D>PSC@25,0,True,1.8189894035458565e-12,1.9326762412674725e-12,8.731149137020111e-11,586837996.4826014,586837996.4825792,3.778372905187903e-14,0
snp-02-004-104__C:D>PSC@25__s1.json.gz,snp-02-004-104.mps.gz,C:D>PSC@25,1,True,3.481659405224491e-13,2.2737367544323206e-12,1.1641532182693481e-10,586873128.988684,586873128.9886627,3.635958399792754e-14,0
snp-02-004-104__C:D__s0.json.gz,snp-02-004-104.mps.gz,C:D,0,True,1.8189894035458565e-12,1.9326762412674725e-12,1.1641532182693481e-10,586965285.9129442,586965285.9129162,4.7727154768382427e-14,0
snp-02-004-104__C:D__s1.json.gz,snp-02-004-104.mps.gz,C:D,1,True,1.8189894035458565e-12,1.9326762412674725e-12,1.1641532182693481e-10,586965285.9129442,586965285.9129162,4.7727154768382427e-14,0
snp-02-004-104__C:D__s2.json.gz,snp-02-004-104.mps.gz,C:D,2,True,1.8189894035458565e-12,1.9326762412674725e-12,1.1641532182693481e-10,586965285.9129442,586965285.9129162,4.7727154768382427e-14,0
snp-02-004-104__C:D__s3.json.gz,snp-02-004-104.mps.gz,C:D,3,True,1.8189894035458565e-12,1.9326762412674725e-12,1.1641532182693481e-10,586965285.9129442,586965285.9129162,4.7727154768382427e-14,0
snp-02-004-104__C:D__s4.json.gz,snp-02-004-104.mps.gz,C:D,4,True,1.8189894035458565e-12,1.9326762412674725e-12,5.820766091346741e-11,586965285.9129442,586965285.9129162,4.7727154768382427e-14,0
snp-02-004-104__C:HEU>HOFF@25__s0.json.gz,snp-02-004-104.mps.gz,C:HEU>HOFF@25,0,True,1.1368683772161603e-13,0.0,2.9103830456733704e-10,6897211331.190382,6897211331.190359,3.318469232665926e-15,0
snp-02-004-104__C:HEU>HOFF@25__s1.json.gz,snp-02-004-104.mps.gz,C:HEU>HOFF@25,1,True,1.1842378929335004e-14,0.0,3.92901711165905e-10,6779069595.141889,6779069595.141869,2.9542639094431854e-15,0
snp-02-004-104__C:HEU__s0.json.gz,snp-02-004-104.mps.gz,C:HEU,0,True,4.831690603168681e-13,1.8189894035458565e-12,5.820766091346741e-11,586825500.551215,586825500.5511932,3.71751056613973e-14,0
snp-02-004-104__C:HEU__s1.json.gz,snp-02-004-104.mps.gz,C:HEU,1,True,4.831690603168681e-13,7.958078640513122e-13,5.820766091346741e-11,589225354.7875978,589225354.78757,4.7139459019623935e-14,0
snp-02-004-104__C:HEU__s2.json.gz,snp-02-004-104.mps.gz,C:HEU,2,True,4.831690603168681e-13,1.2505552149377763e-12,8.731149137020111e-11,589225355.7875978,589225355.7875729,4.228389235356587e-14,0
snp-02-004-104__C:HEU__s3.json.gz,snp-02-004-104.mps.gz,C:HEU,3,True,4.831690603168681e-13,1.3642420526593924e-12,5.820766091346741e-11,589225355.7875978,589225355.7875633,5.846911430708486e-14,0
snp-02-004-104__C:HEU__s4.json.gz,snp-02-004-104.mps.gz,C:HEU,4,True,4.831690603168681e-13,7.958078640513122e-13,5.820766091346741e-11,589687597.2938478,589687597.2938128,5.943406523855919e-14,0
snp-02-004-104__C:HOFF>HEU@stall20__s0.json.gz,snp-02-004-104.mps.gz,C:HOFF>HEU@stall20,0,True,3.481659405224491e-13,2.2737367544323206e-12,1.1641532182693481e-10,586895911.718131,586895911.7181091,3.717064568388242e-14,0
snp-02-004-104__C:HOFF>HEU@stall20__s1.json.gz,snp-02-004-104.mps.gz,C:HOFF>HEU@stall20,1,True,1.8189894035458565e-12,2.2737367544323206e-12,1.1641532182693481e-10,586871559.3188031,586871559.3187819,3.61565545358333e-14,0
snp-02-004-104__C:INF__s0.json.gz,snp-02-004-104.mps.gz,C:INF,0,True,1.8189894035458565e-12,2.2737367544323206e-12,8.731149137020111e-11,586833887.9882264,586833887.988204,3.8190273081157455e-14,0
snp-02-004-104__C:INF__s1.json.gz,snp-02-004-104.mps.gz,C:INF,1,True,1.8189894035458565e-12,1.9326762412674725e-12,1.1641532182693481e-10,586965285.9129442,586965285.9129162,4.7727154768382427e-14,0
snp-02-004-104__C:INF__s2.json.gz,snp-02-004-104.mps.gz,C:INF,2,True,1.8189894035458565e-12,1.4779288903810084e-12,5.820766091346741e-11,586827063.4992534,586827063.4992323,3.595615397263607e-14,0
snp-02-004-104__C:INF__s3.json.gz,snp-02-004-104.mps.gz,C:INF,3,True,1.8189894035458565e-12,1.9326762412674725e-12,1.1641532182693481e-10,586965285.9129442,586965285.9129162,4.7727154768382427e-14,0
snp-02-004-104__C:INF__s4.json.gz,snp-02-004-104.mps.gz,C:INF,4,True,1.8189894035458565e-12,1.9326762412674725e-12,5.820766091346741e-11,586965285.9129442,586965285.9129162,4.7727154768382427e-14,0
snp-02-004-104__C:NOC__s0.json.gz,snp-02-004-104.mps.gz,C:NOC,0,True,3.481659405224491e-13,0.0,5.820766091346741e-11,767496951.0009387,767496951.0009174,2.764734571566226e-14,0
snp-02-004-104__C:NOC__s1.json.gz,snp-02-004-104.mps.gz,C:NOC,1,True,3.481659405224491e-13,0.0,5.820766091346741e-11,767496951.0009387,767496951.0009174,2.764734571566226e-14,0
snp-02-004-104__C:NOC__s2.json.gz,snp-02-004-104.mps.gz,C:NOC,2,True,3.481659405224491e-13,0.0,5.820766091346741e-11,767496951.0009387,767496951.0009174,2.764734571566226e-14,0
snp-02-004-104__C:NOC__s3.json.gz,snp-02-004-104.mps.gz,C:NOC,3,True,1.8189894035458565e-12,0.0,1.1641532182693481e-10,627359538.1679295,627359538.1679087,3.32530620835213e-14,0
snp-02-004-104__C:NOC__s4.json.gz,snp-02-004-104.mps.gz,C:NOC,4,True,3.481659405224491e-13,0.0,5.820766091346741e-11,767496951.0009387,767496951.0009174,2.764734571566226e-14,0
snp-02-004-104__C:PSC>D@25__s0.json.gz,snp-02-004-104.mps.gz,C:PSC>D@25,0,True,1.8189894035458565e-12,1.9326762412674725e-12,1.1641532182693481e-10,586965285.9129442,586965285.9129162,4.7727154768382427e-14,0
snp-02-004-104__C:PSC>D@25__s1.json.gz,snp-02-004-104.mps.gz,C:PSC>D@25,1,True,1.8189894035458565e-12,1.9326762412674725e-12,1.1641532182693481e-10,586965285.9129442,586965285.9129162,4.7727154768382427e-14,0
snp-02-004-104__C:PSC__s0.json.gz,snp-02-004-104.mps.gz,C:PSC,0,True,1.8189894035458565e-12,1.9326762412674725e-12,1.1641532182693481e-10,586965285.9129442,586965285.9129162,4.7727154768382427e-14,0
snp-02-004-104__C:PSC__s1.json.gz,snp-02-004-104.mps.gz,C:PSC,1,True,1.8189894035458565e-12,1.9326762412674725e-12,1.1641532182693481e-10,586965285.9129442,586965285.9129162,4.7727154768382427e-14,0
snp-02-004-104__C:PSC__s2.json.gz,snp-02-004-104.mps.gz,C:PSC,2,True,1.8189894035458565e-12,1.9326762412674725e-12,1.1641532182693481e-10,586965285.9129442,586965285.9129162,4.7727154768382427e-14,0
snp-02-004-104__C:PSC__s3.json.gz,snp-02-004-104.mps.gz,C:PSC,3,True,1.8189894035458565e-12,1.9326762412674725e-12,1.1641532182693481e-10,586965285.9129442,586965285.9129162,4.7727154768382427e-14,0
snp-02-004-104__C:PSC__s4.json.gz,snp-02-004-104.mps.gz,C:PSC,4,True,1.8189894035458565e-12,1.9326762412674725e-12,5.820766091346741e-11,586965285.9129442,586965285.9129162,4.7727154768382427e-14,0
sp98ar__C:D+RST@25__s0.json.gz,sp98ar.mps.gz,C:D+RST@25,0,True,1.1102230246251565e-16,1.1102230246251565e-16,1.1102230246251565e-16,545089556.64,545089556.64,0.0,0
sp98ar__C:D+RST@25__s1.json.gz,sp98ar.mps.gz,C:D+RST@25,1,True,0.0,2.220446049250313e-16,0.0,543493848.96,543493848.96,0.0,0
sp98ar__C:D+RST@stall20__s0.json.gz,sp98ar.mps.gz,C:D+RST@stall20,0,True,4.440892098500626e-16,4.440892098500626e-16,0.0,548089168.32,548089168.32,0.0,0
sp98ar__C:D+RST@stall20__s1.json.gz,sp98ar.mps.gz,C:D+RST@stall20,1,True,1.1102230246251565e-16,1.1102230246251565e-16,1.4802973661668753e-16,539530194.08,539530194.08,0.0,0
sp98ar__C:D>PSC@25__s0.json.gz,sp98ar.mps.gz,C:D>PSC@25,0,True,0.0,2.220446049250313e-16,0.0,538516288.96,538516288.96,0.0,0
sp98ar__C:D>PSC@25__s1.json.gz,sp98ar.mps.gz,C:D>PSC@25,1,True,0.0,0.0,0.0,538676485.6,538676485.6,0.0,0
sp98ar__C:D__s0.json.gz,sp98ar.mps.gz,C:D,0,True,0.0,0.0,0.0,554865062.88,554865062.88,0.0,0
sp98ar__C:D__s1.json.gz,sp98ar.mps.gz,C:D,1,True,0.0,0.0,0.0,553228288.32,553228288.32,0.0,0
sp98ar__C:HEU>HOFF@25__s0.json.gz,sp98ar.mps.gz,C:HEU>HOFF@25,0,True,4.440892098500626e-15,4.440892098500626e-15,4.218847493575595e-15,535597527.2,535597527.2,0.0,0
sp98ar__C:HEU>HOFF@25__s1.json.gz,sp98ar.mps.gz,C:HEU>HOFF@25,1,True,9.103828801926284e-15,9.103828801926284e-15,7.105427357601002e-15,534892925.6,534892925.6000001,1.1143285304910492e-16,0
sp98ar__C:HEU__s0.json.gz,sp98ar.mps.gz,C:HEU,0,True,4.440892098500628e-16,8.881784197001252e-16,2.220446049250313e-16,531354479.68,531354479.68,0.0,0
sp98ar__C:HEU__s1.json.gz,sp98ar.mps.gz,C:HEU,1,True,0.0,0.0,0.0,534203956.96,534203956.9600001,2.2315313841770616e-16,0
sp98ar__C:HOFF>HEU@stall20__s0.json.gz,sp98ar.mps.gz,C:HOFF>HEU@stall20,0,True,0.0,0.0,0.0,547906884.96,547906884.96,0.0,0
sp98ar__C:HOFF>HEU@stall20__s1.json.gz,sp98ar.mps.gz,C:HOFF>HEU@stall20,1,True,0.0,0.0,0.0,545253130.24,545253130.24,0.0,0
sp98ar__C:HOFF__s0.json.gz,sp98ar.mps.gz,C:HOFF,0,True,0.0,0.0,0.0,575065113.12,575065113.12,0.0,0
sp98ar__C:HOFF__s1.json.gz,sp98ar.mps.gz,C:HOFF,1,True,2.96059473233375e-16,6.661338147750939e-16,2.5376526277146434e-16,550963473.6,550963473.6,0.0,0
sp98ar__C:INF__s0.json.gz,sp98ar.mps.gz,C:INF,0,True,1.6653345369377348e-16,4.440892098500626e-16,2.220446049250313e-16,542111268.48,542111268.48,0.0,0
sp98ar__C:INF__s1.json.gz,sp98ar.mps.gz,C:INF,1,True,0.0,0.0,0.0,549716107.04,549716107.0400001,2.168560972183902e-16,0
sp98ar__C:NOC__s0.json.gz,sp98ar.mps.gz,C:NOC,0,True,0.0,1.1102230246251565e-16,0.0,544472920.96,544472920.96,0.0,0
sp98ar__C:NOC__s1.json.gz,sp98ar.mps.gz,C:NOC,1,True,0.0,0.0,0.0,554741951.2,554741951.2,0.0,0
sp98ar__C:PSC>D@25__s0.json.gz,sp98ar.mps.gz,C:PSC>D@25,0,True,0.0,0.0,0.0,542845028.48,542845028.48,0.0,0
sp98ar__C:PSC>D@25__s1.json.gz,sp98ar.mps.gz,C:PSC>D@25,1,True,0.0,0.0,0.0,544620663.68,544620663.6800001,2.1888499188643425e-16,0
sp98ar__C:PSC__s0.json.gz,sp98ar.mps.gz,C:PSC,0,True,0.0,1.1102230246251565e-16,0.0,539033642.72,539033642.7200001,2.2115370934779345e-16,0
sp98ar__C:PSC__s1.json.gz,sp98ar.mps.gz,C:PSC,1,True,0.0,0.0,0.0,535698691.2,535698691.2,0.0,0
supportcase18__C:D+RST@25__s0.json.gz,supportcase18.mps.gz,C:D+RST@25,0,True,0.0,0.0,0.0,51.0,51.0,0.0,0
supportcase18__C:D+RST@25__s1.json.gz,supportcase18.mps.gz,C:D+RST@25,1,True,0.0,0.0,0.0,50.0,50.0,0.0,0
supportcase18__C:D+RST@stall20__s0.json.gz,supportcase18.mps.gz,C:D+RST@stall20,0,True,0.0,5.551115123125783e-17,0.0,50.0,50.0,0.0,0
supportcase18__C:D+RST@stall20__s1.json.gz,supportcase18.mps.gz,C:D+RST@stall20,1,True,0.0,0.0,0.0,50.0,50.0,0.0,0
supportcase18__C:D>PSC@25__s0.json.gz,supportcase18.mps.gz,C:D>PSC@25,0,True,0.0,1.1102230246251565e-16,1.1102230246251565e-16,50.0,50.0,0.0,0
supportcase18__C:D>PSC@25__s1.json.gz,supportcase18.mps.gz,C:D>PSC@25,1,True,0.0,0.0,0.0,50.0,50.0,0.0,0
supportcase18__C:D__s0.json.gz,supportcase18.mps.gz,C:D,0,True,0.0,0.0,0.0,50.0,50.0,0.0,0
supportcase18__C:D__s1.json.gz,supportcase18.mps.gz,C:D,1,True,0.0,0.0,0.0,50.0,50.0,0.0,0
supportcase18__C:HEU>HOFF@25__s0.json.gz,supportcase18.mps.gz,C:HEU>HOFF@25,0,True,0.0,0.0,0.0,51.0,51.0,0.0,0
supportcase18__C:HEU>HOFF@25__s1.json.gz,supportcase18.mps.gz,C:HEU>HOFF@25,1,True,0.0,0.0,0.0,51.0,51.0,0.0,0
supportcase18__C:HEU__s0.json.gz,supportcase18.mps.gz,C:HEU,0,True,0.0,0.0,0.0,51.0,51.0,0.0,0
supportcase18__C:HEU__s1.json.gz,supportcase18.mps.gz,C:HEU,1,True,0.0,0.0,0.0,50.0,50.0,0.0,0
supportcase18__C:HOFF>HEU@stall20__s0.json.gz,supportcase18.mps.gz,C:HOFF>HEU@stall20,0,True,0.0,0.0,0.0,51.0,51.0,0.0,0
supportcase18__C:HOFF>HEU@stall20__s1.json.gz,supportcase18.mps.gz,C:HOFF>HEU@stall20,1,True,0.0,0.0,0.0,50.0,50.0,0.0,0
supportcase18__C:INF__s0.json.gz,supportcase18.mps.gz,C:INF,0,True,0.0,0.0,0.0,49.0,49.0,0.0,0
supportcase18__C:INF__s1.json.gz,supportcase18.mps.gz,C:INF,1,True,0.0,2.7755575615628914e-17,0.0,50.0,50.0,0.0,0
supportcase18__C:NOC__s0.json.gz,supportcase18.mps.gz,C:NOC,0,True,0.0,0.0,0.0,50.0,50.0,0.0,0
supportcase18__C:NOC__s1.json.gz,supportcase18.mps.gz,C:NOC,1,True,0.0,0.0,0.0,51.0,51.0,0.0,0
supportcase18__C:PSC>D@25__s0.json.gz,supportcase18.mps.gz,C:PSC>D@25,0,True,0.0,0.0,0.0,51.0,51.0,0.0,0
supportcase18__C:PSC>D@25__s1.json.gz,supportcase18.mps.gz,C:PSC>D@25,1,True,0.0,0.0,0.0,50.0,50.0,0.0,0
supportcase18__C:PSC__s0.json.gz,supportcase18.mps.gz,C:PSC,0,True,0.0,0.0,0.0,51.0,51.0,0.0,0
supportcase18__C:PSC__s1.json.gz,supportcase18.mps.gz,C:PSC,1,True,0.0,0.0,0.0,50.0,50.0,0.0,0
supportcase42__C:D+RST@25__s0.json.gz,supportcase42.mps.gz,C:D+RST@25,0,True,0.0,0.0,0.0,8.0,8.0,0.0,0
supportcase42__C:D+RST@25__s1.json.gz,supportcase42.mps.gz,C:D+RST@25,1,True,0.0,0.0,0.0,8.0,8.0,0.0,0
supportcase42__C:D+RST@stall20__s0.json.gz,supportcase42.mps.gz,C:D+RST@stall20,0,True,0.0,0.0,0.0,8.0,8.0,0.0,0
supportcase42__C:D+RST@stall20__s1.json.gz,supportcase42.mps.gz,C:D+RST@stall20,1,True,0.0,0.0,0.0,8.0,8.0,0.0,0
supportcase42__C:D>PSC@25__s0.json.gz,supportcase42.mps.gz,C:D>PSC@25,0,True,0.0,0.0,0.0,8.0,8.0,0.0,0
supportcase42__C:D>PSC@25__s1.json.gz,supportcase42.mps.gz,C:D>PSC@25,1,True,0.0,0.0,3.2751579226442118e-15,7.8734173548902575,7.8734173548902575,0.0,0
supportcase42__C:D__s0.json.gz,supportcase42.mps.gz,C:D,0,True,0.0,0.0,0.0,8.0,8.0,0.0,0
supportcase42__C:D__s1.json.gz,supportcase42.mps.gz,C:D,1,True,0.0,0.0,0.0,8.0,8.0,0.0,0
supportcase42__C:D__s2.json.gz,supportcase42.mps.gz,C:D,2,True,0.0,7.983002136297846e-14,0.0,8.0,8.0,0.0,0
supportcase42__C:D__s3.json.gz,supportcase42.mps.gz,C:D,3,True,0.0,0.0,0.0,8.0,8.0,0.0,0
supportcase42__C:D__s4.json.gz,supportcase42.mps.gz,C:D,4,True,0.0,0.0,0.0,8.0,8.0,0.0,0
supportcase42__C:HEU>HOFF@25__s0.json.gz,supportcase42.mps.gz,C:HEU>HOFF@25,0,True,0.0,0.0,0.0,8.0,8.0,0.0,0
supportcase42__C:HEU>HOFF@25__s1.json.gz,supportcase42.mps.gz,C:HEU>HOFF@25,1,True,0.0,0.0,0.0,8.0,8.0,0.0,0
supportcase42__C:HEU__s0.json.gz,supportcase42.mps.gz,C:HEU,0,True,0.0,0.0,0.0,8.0,8.0,0.0,0
supportcase42__C:HEU__s1.json.gz,supportcase42.mps.gz,C:HEU,1,True,0.0,0.0,0.0,8.0,8.0,0.0,0
supportcase42__C:HEU__s2.json.gz,supportcase42.mps.gz,C:HEU,2,True,0.0,7.983002136297846e-14,0.0,8.0,8.0,0.0,0
supportcase42__C:HEU__s3.json.gz,supportcase42.mps.gz,C:HEU,3,True,0.0,0.0,0.0,8.0,8.0,0.0,0
supportcase42__C:HEU__s4.json.gz,supportcase42.mps.gz,C:HEU,4,True,0.0,0.0,0.0,8.0,8.0,0.0,0
supportcase42__C:HOFF>HEU@stall20__s0.json.gz,supportcase42.mps.gz,C:HOFF>HEU@stall20,0,True,0.0,0.0,0.0,8.0,8.0,0.0,0
supportcase42__C:HOFF>HEU@stall20__s1.json.gz,supportcase42.mps.gz,C:HOFF>HEU@stall20,1,True,0.0,0.0,0.0,8.0,8.0,0.0,0
supportcase42__C:INF__s0.json.gz,supportcase42.mps.gz,C:INF,0,True,0.0,0.0,0.0,8.0,8.0,0.0,0
supportcase42__C:INF__s1.json.gz,supportcase42.mps.gz,C:INF,1,True,0.0,0.0,0.0,8.0,8.0,0.0,0
supportcase42__C:INF__s2.json.gz,supportcase42.mps.gz,C:INF,2,True,0.0,0.0,2.5743296383495817e-15,7.796131341609708,7.796131341609708,0.0,0
supportcase42__C:INF__s3.json.gz,supportcase42.mps.gz,C:INF,3,True,0.0,0.0,0.0,8.0,8.0,0.0,0
supportcase42__C:INF__s4.json.gz,supportcase42.mps.gz,C:INF,4,True,0.0,0.0,0.0,8.0,8.0,0.0,0
supportcase42__C:NOC__s0.json.gz,supportcase42.mps.gz,C:NOC,0,True,0.0,0.0,0.0,8.0,8.0,0.0,0
supportcase42__C:NOC__s1.json.gz,supportcase42.mps.gz,C:NOC,1,True,0.0,0.0,0.0,8.0,8.0,0.0,0
supportcase42__C:NOC__s2.json.gz,supportcase42.mps.gz,C:NOC,2,True,0.0,7.983002136297846e-14,0.0,8.0,8.0,0.0,0
supportcase42__C:NOC__s3.json.gz,supportcase42.mps.gz,C:NOC,3,True,0.0,0.0,0.0,8.0,8.0,0.0,0
supportcase42__C:NOC__s4.json.gz,supportcase42.mps.gz,C:NOC,4,True,0.0,0.0,0.0,8.0,8.0,0.0,0
supportcase42__C:PSC>D@25__s0.json.gz,supportcase42.mps.gz,C:PSC>D@25,0,True,0.0,0.0,0.0,8.0,8.0,0.0,0
supportcase42__C:PSC>D@25__s1.json.gz,supportcase42.mps.gz,C:PSC>D@25,1,True,0.0,0.0,0.0,8.0,8.0,0.0,0
supportcase42__C:PSC__s0.json.gz,supportcase42.mps.gz,C:PSC,0,True,0.0,0.0,0.0,8.0,8.0,0.0,0
supportcase42__C:PSC__s1.json.gz,supportcase42.mps.gz,C:PSC,1,True,0.0,0.0,0.0,8.0,8.0,0.0,0
supportcase42__C:PSC__s2.json.gz,supportcase42.mps.gz,C:PSC,2,True,0.0,7.983002136297846e-14,0.0,8.0,8.0,0.0,0
supportcase42__C:PSC__s3.json.gz,supportcase42.mps.gz,C:PSC,3,True,0.0,0.0,0.0,8.0,8.0,0.0,0
supportcase42__C:PSC__s4.json.gz,supportcase42.mps.gz,C:PSC,4,True,0.0,0.0,0.0,8.0,8.0,0.0,0
swath3__C:D+RST@25__s0.json.gz,swath3.mps.gz,C:D+RST@25,0,True,3.552713678800501e-15,1.7763568394002506e-16,3.552713678800501e-14,399.33827355000005,399.33827354999994,2.846880583495627e-16,0
swath3__C:D+RST@25__s1.json.gz,swath3.mps.gz,C:D+RST@25,1,True,3.996802888650564e-16,1.1102230246251565e-16,2.1316282072803006e-14,400.20145434999984,400.20145434999984,0.0,0
swath3__C:D+RST@stall20__s0.json.gz,swath3.mps.gz,C:D+RST@stall20,0,True,2.2204460492503154e-15,0.0,7.815970093361102e-14,397.7613436499999,397.7613436499999,0.0,0
swath3__C:D+RST@stall20__s1.json.gz,swath3.mps.gz,C:D+RST@stall20,1,True,0.0,0.0,3.552713678800501e-14,400.33544149999983,400.33544149999994,2.839789484929129e-16,0
swath3__C:D>PSC@25__s0.json.gz,swath3.mps.gz,C:D>PSC@25,0,True,1.4617936490897894e-15,0.0,3.552713678800501e-14,397.7800862499999,397.7800862499999,0.0,0
swath3__C:D>PSC@25__s1.json.gz,swath3.mps.gz,C:D>PSC@25,1,True,1.87350135405495e-15,1.5265566588595902e-16,4.8686879284204104e-14,397.7613436499998,397.7613436499998,0.0,0
swath3__C:D__s0.json.gz,swath3.mps.gz,C:D,0,True,3.3306690738754696e-16,0.0,3.552713678800501e-14,400.20529744999993,400.20529744999993,0.0,0
swath3__C:D__s1.json.gz,swath3.mps.gz,C:D,1,True,2.220446049250313e-15,0.0,2.1316282072803006e-14,400.20145434999984,400.20145434999984,0.0,0
swath3__C:D__s2.json.gz,swath3.mps.gz,C:D,2,True,1.1102230246251565e-16,0.0,7.105427357601002e-15,399.63497214999984,399.63497214999984,0.0,0
swath3__C:D__s3.json.gz,swath3.mps.gz,C:D,3,True,0.0,0.0,7.815970093361102e-14,397.7613436499999,397.7613436499999,0.0,0
swath3__C:D__s4.json.gz,swath3.mps.gz,C:D,4,True,1.1102230246251565e-16,0.0,7.105427357601002e-15,397.7651867499998,397.7651867499998,0.0,0
swath3__C:HEU>HOFF@25__s0.json.gz,swath3.mps.gz,C:HEU>HOFF@25,0,True,4.579669976578771e-16,5.5511151231257815e-17,7.815970093361102e-14,397.7613436499999,397.76134364999996,1.4290835388676167e-16,0
swath3__C:HEU>HOFF@25__s1.json.gz,swath3.mps.gz,C:HEU>HOFF@25,1,True,0.0,0.0,7.815970093361102e-14,397.7613436499999,397.7613436499999,0.0,0
swath3__C:HEU__s0.json.gz,swath3.mps.gz,C:HEU,0,True,2.220446049250313e-16,0.0,7.815970093361102e-14,397.7613436499999,397.7613436499999,0.0,0
swath3__C:HEU__s1.json.gz,swath3.mps.gz,C:HEU,1,True,0.0,0.0,7.815970093361102e-14,397.7613436499999,397.7613436499999,0.0,0
swath3__C:HEU__s2.json.gz,swath3.mps.gz,C:HEU,2,True,0.0,0.0,7.105427357601002e-15,397.7613436499998,397.7613436499998,0.0,0
swath3__C:HEU__s3.json.gz,swath3.mps.gz,C:HEU,3,True,2.220446049250313e-16,2.220446049250313e-16,7.815970093361102e-14,397.7613436499999,397.7613436499999,0.0,0
swath3__C:HEU__s4.json.gz,swath3.mps.gz,C:HEU,4,True,1.8873791418627685e-15,2.220446049250313e-16,6.643142588802498e-15,397.7613436499999,397.7613436499999,0.0,0
swath3__C:HOFF>HEU@stall20__s0.json.gz,swath3.mps.gz,C:HOFF>HEU@stall20,0,True,1.1102230246251565e-16,1.1102230246251565e-16,7.815970093361102e-14,397.7613436499999,397.76134364999996,1.4290835388676167e-16,0
swath3__C:HOFF>HEU@stall20__s1.json.gz,swath3.mps.gz,C:HOFF>HEU@stall20,1,True,1.6668298030708683e-08,1.6668298075117605e-08,3.3196704294284106e-14,397.7613426499996,397.7613426499996,0.0,0
swath3__C:HOFF__s0.json.gz,swath3.mps.gz,C:HOFF,0,True,3.3306690738754696e-16,0.0,7.815970093361102e-14,397.7613436499999,397.76134364999996,1.4290835388676167e-16,0
swath3__C:HOFF__s1.json.gz,swath3.mps.gz,C:HOFF,1,True,4.884981308350689e-15,3.3306690738754696e-16,4.263256414560601e-14,397.7800862499998,397.78008624999995,4.287048609950973e-16,0
swath3__C:HOFF__s2.json.gz,swath3.mps.gz,C:HOFF,2,True,2.6645352591003756e-16,2.6645352591003756e-16,6.395203877573863e-14,397.8734493499998,397.87344935,4.2860426314200363e-16,0
swath3__C:HOFF__s3.json.gz,swath3.mps.gz,C:HOFF,3,True,0.0,0.0,4.973799150320701e-14,397.78553374999984,397.78553375,4.286989900683487e-16,0
swath3__C:HOFF__s4.json.gz,swath3.mps.gz,C:HOFF,4,True,2.220446049250313e-16,0.0,4.263256414560601e-14,399.55040479999997,399.55040479999997,0.0,0
swath3__C:INF__s0.json.gz,swath3.mps.gz,C:INF,0,True,0.0,0.0,7.815970093361102e-14,397.7613436499999,397.7613436499999,0.0,0
swath3__C:INF__s1.json.gz,swath3.mps.gz,C:INF,1,True,9.769962616701378e-15,1.1102230246251565e-16,5.3802551525095054e-14,397.76134364999984,397.76134364999984,0.0,0
swath3__C:INF__s2.json.gz,swath3.mps.gz,C:INF,2,True,4.440892098500626e-16,0.0,7.815970093361102e-14,397.7613436499999,397.7613436499999,0.0,0
swath3__C:INF__s3.json.gz,swath3.mps.gz,C:INF,3,True,2.220446049250313e-16,2.220446049250313e-16,4.8714298817031934e-14,397.76134364999984,397.76134364999984,0.0,0
swath3__C:INF__s4.json.gz,swath3.mps.gz,C:INF,4,True,1.1102230246251565e-16,0.0,7.815970093361102e-14,397.7613436499999,397.7613436499999,0.0,0
swath3__C:NOC__s0.json.gz,swath3.mps.gz,C:NOC,0,True,1.7763568394002506e-16,2.220446049250313e-16,7.815970093361102e-14,397.7613436499999,397.7613436499999,0.0,0
swath3__C:NOC__s1.json.gz,swath3.mps.gz,C:NOC,1,True,0.0,0.0,7.105427357601002e-15,397.7800862499998,397.7800862499998,0.0,0
swath3__C:NOC__s2.json.gz,swath3.mps.gz,C:NOC,2,True,0.0,1.1102230246251565e-16,3.552713678800501e-15,400.41505944999983,400.41505944999983,0.0,0
swath3__C:NOC__s3.json.gz,swath3.mps.gz,C:NOC,3,True,3.552713678800501e-15,0.0,7.815970093361102e-14,397.7613436500001,397.76134364999996,2.8581670777352335e-16,0
swath3__C:NOC__s4.json.gz,swath3.mps.gz,C:NOC,4,True,0.0,1.1102230246251565e-16,1.2079226507921703e-13,400.31356004999975,400.31356004999975,0.0,0
swath3__C:PSC>D@25__s0.json.gz,swath3.mps.gz,C:PSC>D@25,0,True,1.3322676295501878e-15,4.440892098500626e-16,6.394884621840902e-14,397.7613436499998,397.7613436499998,0.0,0
swath3__C:PSC>D@25__s1.json.gz,swath3.mps.gz,C:PSC>D@25,1,True,2.220446049250313e-15,1.1102230246251565e-16,2.1316282072803006e-14,397.7613436499998,397.7613436499998,0.0,0
swath3__C:PSC__s0.json.gz,swath3.mps.gz,C:PSC,0,True,0.0,3.3306690738754696e-16,7.815970093361102e-14,397.7613436499999,397.7613436499999,0.0,0
swath3__C:PSC__s1.json.gz,swath3.mps.gz,C:PSC,1,True,2.220446049250313e-16,2.220446049250313e-16,2.1316282072803006e-14,397.7613436499998,397.7613436499998,0.0,0
swath3__C:PSC__s2.json.gz,swath3.mps.gz,C:PSC,2,True,2.220446049250313e-16,2.220446049250313e-16,7.815970093361102e-14,397.76134364999984,397.76134364999984,0.0,0
swath3__C:PSC__s3.json.gz,swath3.mps.gz,C:PSC,3,True,0.0,0.0,7.815970093361102e-14,397.7613436499999,397.7613436499999,0.0,0
swath3__C:PSC__s4.json.gz,swath3.mps.gz,C:PSC,4,True,0.0,0.0,7.815970093361102e-14,397.7613436499999,397.7613436499999,0.0,0
timtab1__C:D+RST@25__s0.json.gz,timtab1.mps.gz,C:D+RST@25,0,True,1.4210854715202004e-14,1.4210854715202004e-14,2.84217e-14,764771.9999998801,764771.9999998803,3.044445189597763e-16,0
timtab1__C:D+RST@25__s1.json.gz,timtab1.mps.gz,C:D+RST@25,1,True,1.4210854715202004e-14,3.552713678800501e-15,2.84217e-14,764771.99999978,764771.9999997802,3.044445189598162e-16,0
timtab1__C:D+RST@stall20__s0.json.gz,timtab1.mps.gz,C:D+RST@stall20,0,True,1.4210854715202004e-14,1.4210854715202004e-14,2.84217e-14,764771.9999998801,764771.9999998803,3.044445189597763e-16,0
timtab1__C:D+RST@stall20__s1.json.gz,timtab1.mps.gz,C:D+RST@stall20,1,True,7.549516567451064e-15,1.3322676295501878e-14,2.84217e-14,764771.9999998806,764771.9999998808,3.0444451895977616e-16,0
timtab1__C:D>PSC@25__s0.json.gz,timtab1.mps.gz,C:D>PSC@25,0,True,1.4210854715202004e-14,1.4210854715202004e-14,2.84217e-14,764771.9999998801,764771.9999998803,3.044445189597763e-16,0
timtab1__C:D>PSC@25__s1.json.gz,timtab1.mps.gz,C:D>PSC@25,1,True,1.7763568394002505e-14,4.973799150320701e-14,2.84217e-14,764771.9999997796,764771.9999997797,1.522222594799082e-16,0
timtab1__C:D__s0.json.gz,timtab1.mps.gz,C:D,0,True,1.4210854715202004e-14,1.4210854715202004e-14,2.84217e-14,764771.9999998801,764771.9999998803,3.044445189597763e-16,0
timtab1__C:D__s1.json.gz,timtab1.mps.gz,C:D,1,True,7.549516567451064e-15,1.3322676295501878e-14,2.84217e-14,764771.9999998806,764771.9999998808,3.0444451895977616e-16,0
timtab1__C:HEU>HOFF@25__s0.json.gz,timtab1.mps.gz,C:HEU>HOFF@25,0,True,2.842170943040401e-14,7.105427357601002e-15,2.84217e-14,764771.9999997807,764771.9999997807,0.0,0
timtab1__C:HEU>HOFF@25__s1.json.gz,timtab1.mps.gz,C:HEU>HOFF@25,1,True,3.552713678800501e-14,1.3322676295501878e-15,2.84217e-14,764771.99999988,764771.9999998803,4.566667784396645e-16,0
timtab1__C:HEU__s0.json.gz,timtab1.mps.gz,C:HEU,0,True,1.0302869668521453e-13,8.881784197001252e-16,2.84217e-14,764771.9999997799,764771.9999997802,4.566667784397243e-16,0
timtab1__C:HEU__s1.json.gz,timtab1.mps.gz,C:HEU,1,True,1.4210854715202004e-14,0.0,2.84217e-14,764771.99999978,764771.9999997811,1.5222225947990791e-15,0
timtab1__C:HOFF>HEU@stall20__s0.json.gz,timtab1.mps.gz,C:HOFF>HEU@stall20,0,True,6.295408638834488e-12,1.0658141036401503e-13,2.84217e-14,764771.9999997775,764771.9999997779,4.566667784397257e-16,0
timtab1__C:HOFF>HEU@stall20__s1.json.gz,timtab1.mps.gz,C:HOFF>HEU@stall20,1,True,4.3317415455961556e-14,4.3520742565306136e-14,2.84217e-14,764771.99999978,764771.9999997802,3.044445189598162e-16,0
timtab1__C:HOFF__s0.json.gz,timtab1.mps.gz,C:HOFF,0,True,6.295408638834488e-12,1.0658141036401503e-13,2.84217e-14,764771.9999997775,764771.9999997779,4.566667784397257e-16,0
timtab1__C:HOFF__s1.json.gz,timtab1.mps.gz,C:HOFF,1,True,4.3317415455961556e-14,4.3520742565306136e-14,2.84217e-14,764771.99999978,764771.9999997802,3.044445189598162e-16,0
timtab1__C:INF__s0.json.gz,timtab1.mps.gz,C:INF,0,True,2.842170943040401e-14,3.552713678800501e-15,2.84217e-14,764771.9999997802,764771.9999997802,0.0,0
timtab1__C:INF__s1.json.gz,timtab1.mps.gz,C:INF,1,True,1.3145040611561853e-13,7.105427357601002e-15,2.84217e-14,764771.9999997799,764771.9999997797,1.522222594799082e-16,0
timtab1__C:NOC__s0.json.gz,timtab1.mps.gz,C:NOC,0,True,1.4210854715202004e-14,2.49313240617579e-16,2.84217e-14,776666.99999979,776666.99999979,0.0,0
timtab1__C:NOC__s1.json.gz,timtab1.mps.gz,C:NOC,1,True,2.4868995751603507e-14,9.168293364646454e-16,2.84217e-14,764771.99999978,764771.9999997797,3.044445189598164e-16,0
timtab1__C:PSC>D@25__s0.json.gz,timtab1.mps.gz,C:PSC>D@25,0,True,4.973799150320701e-14,6.981857971022587e-15,2.84217e-14,764771.99999978,764771.9999997802,3.044445189598162e-16,0
timtab1__C:PSC>D@25__s1.json.gz,timtab1.mps.gz,C:PSC>D@25,1,True,7.105427357601002e-15,0.0,2.84217e-14,764771.99999978,764771.9999997811,1.5222225947990791e-15,0
timtab1__C:PSC__s0.json.gz,timtab1.mps.gz,C:PSC,0,True,1.0658141036401503e-13,2.6645352591003757e-15,2.84217e-14,764771.99999978,764771.9999997802,3.044445189598162e-16,0
timtab1__C:PSC__s1.json.gz,timtab1.mps.gz,C:PSC,1,True,2.842170943040401e-14,2.146431180941966e-15,2.84217e-14,764771.99999988,764771.9999998799,1.5222225947988825e-16,0
tr12-30__C:D+RST@25__s0.json.gz,tr12-30.mps.gz,C:D+RST@25,0,True,2.9132252166164108e-12,9.323380524358184e-15,1.0959965003628568e-11,130599.0,130599.0,0.0,0
tr12-30__C:D+RST@25__s1.json.gz,tr12-30.mps.gz,C:D+RST@25,1,True,7.275957614183426e-12,2.220446049250313e-15,2.1871393585115584e-12,130595.99999999996,130595.99999999994,1.1142695969529587e-16,0
tr12-30__C:D+RST@stall20__s0.json.gz,tr12-30.mps.gz,C:D+RST@stall20,0,True,2.9132252166164108e-12,9.323380524358184e-15,1.0959965003628568e-11,130599.0,130599.0,0.0,0
tr12-30__C:D+RST@stall20__s1.json.gz,tr12-30.mps.gz,C:D+RST@stall20,1,True,7.275957614183426e-12,2.220446049250313e-15,2.1871393585115584e-12,130595.99999999996,130595.99999999994,1.1142695969529587e-16,0
tr12-30__C:D>PSC@25__s0.json.gz,tr12-30.mps.gz,C:D>PSC@25,0,True,2.9132252166164108e-12,9.323380524358184e-15,1.0959965003628568e-11,130599.0,130599.0,0.0,0
tr12-30__C:D>PSC@25__s1.json.gz,tr12-30.mps.gz,C:D>PSC@25,1,True,7.275957614183426e-12,0.0,5.684341886080802e-14,130595.99999999997,130595.99999999994,2.2285391939059173e-16,0
tr12-30__C:D__s0.json.gz,tr12-30.mps.gz,C:D,0,True,2.9132252166164108e-12,9.323380524358184e-15,1.0959965003628568e-11,130599.0,130599.0,0.0,0
tr12-30__C:D__s1.json.gz,tr12-30.mps.gz,C:D,1,True,7.275957614183426e-12,2.220446049250313e-15,2.1871393585115584e-12,130595.99999999996,130595.99999999994,1.1142695969529587e-16,0
tr12-30__C:HEU>HOFF@25__s0.json.gz,tr12-30.mps.gz,C:HEU>HOFF@25,0,True,2.0747847884194925e-12,3.730349362740526e-14,5.476152864503092e-11,130596.0,130596.0,0.0,0
tr12-30__C:HEU>HOFF@25__s1.json.gz,tr12-30.mps.gz,C:HEU>HOFF@25,1,True,4.490630090003833e-12,1.687538997430238e-14,2.0619950191758107e-11,130596.0,130596.0,0.0,0
tr12-30__C:HEU__s0.json.gz,tr12-30.mps.gz,C:HEU,0,True,9.947598300641403e-14,4.369022774675102e-07,2.099463914624626e-13,130595.9997659981,130595.9997659981,0.0,0
tr12-30__C:HEU__s1.json.gz,tr12-30.mps.gz,C:HEU,1,True,2.9558577807620168e-12,1.6653345369377348e-14,2.1658230764387554e-11,130596.0,130596.0,0.0,0
tr12-30__C:HOFF>HEU@stall20__s0.json.gz,tr12-30.mps.gz,C:HOFF>HEU@stall20,0,True,3.410605131648481e-13,1.2037137908649242e-07,1.294366912502639e-12,130595.9999869999,130595.99998699987,2.2285391941277554e-16,0
tr12-30__C:HOFF>HEU@stall20__s1.json.gz,tr12-30.mps.gz,C:HOFF>HEU@stall20,1,True,5.684341886080802e-14,2.6371201818596704e-09,1.6298074001497298e-13,130595.99999500002,130595.99999500002,0.0,0
tr12-30__C:HOFF__s0.json.gz,tr12-30.mps.gz,C:HOFF,0,True,4.206412995699793e-12,4.085620730620576e-14,8.52284909313994e-12,130596.00000000001,130596.0,1.1142695969529582e-16,0
tr12-30__C:HOFF__s1.json.gz,tr12-30.mps.gz,C:HOFF,1,True,1.4154011296341196e-11,3.7267834010817114e-14,1.1022294188478554e-12,130595.99999999999,130596.0,1.1142695969529582e-16,0
tr12-30__C:INF__s0.json.gz,tr12-30.mps.gz,C:INF,0,True,8.526512829121202e-14,4.440892098500626e-16,4.178879464689089e-13,130599.00000000003,130599.0,2.2284880019551225e-16,0
tr12-30__C:INF__s1.json.gz,tr12-30.mps.gz,C:INF,1,True,9.094947017729282e-13,5.384410864411846e-15,4.1984471454981106e-13,130610.0,130610.0,0.0,0
tr12-30__C:NOC__s0.json.gz,tr12-30.mps.gz,C:NOC,0,True,0.0,0.0,0.0,138475.0,138475.0,0.0,0
tr12-30__C:NOC__s1.json.gz,tr12-30.mps.gz,C:NOC,1,True,1.4210854715202004e-14,3.3486550138914883e-16,9.349246523159195e-16,141816.0,141816.0,0.0,0
tr12-30__C:PSC>D@25__s0.json.gz,tr12-30.mps.gz,C:PSC>D@25,0,True,3.126388037344441e-13,8.215650382226158e-15,1.2223555501122974e-12,130596.0,130596.0,0.0,0
tr12-30__C:PSC>D@25__s1.json.gz,tr12-30.mps.gz,C:PSC>D@25,1,True,5.2799679714205824e-14,4.440892098500626e-16,3.8198610941009287e-13,130596.00000000001,130596.0,1.1142695969529582e-16,0
tr12-30__C:PSC__s0.json.gz,tr12-30.mps.gz,C:PSC,0,True,1.3557155398302712e-11,5.1030200919291786e-14,6.237578356960347e-11,130599.0,130599.0,0.0,0
tr12-30__C:PSC__s1.json.gz,tr12-30.mps.gz,C:PSC,1,True,5.2799679714205824e-14,4.440892098500626e-16,3.8198610941009287e-13,130596.00000000001,130596.0,1.1142695969529582e-16,0
traininstance6__C:D+RST@25__s0.json.gz,traininstance6.mps.gz,C:D+RST@25,0,True,4.440892098500626e-16,5.551115123125783e-16,7.105427357601002e-15,30950.0,30950.0,0.0,0
traininstance6__C:D+RST@25__s1.json.gz,traininstance6.mps.gz,C:D+RST@25,1,True,0.0,0.0,0.0,30310.0,30310.0,0.0,0
traininstance6__C:D+RST@stall20__s0.json.gz,traininstance6.mps.gz,C:D+RST@stall20,0,True,8.659739592076221e-15,8.659739592076221e-15,0.0,30020.0,30020.0,0.0,0
traininstance6__C:D+RST@stall20__s1.json.gz,traininstance6.mps.gz,C:D+RST@stall20,1,True,0.0,0.0,0.0,29770.0,29770.0,0.0,0
traininstance6__C:D>PSC@25__s0.json.gz,traininstance6.mps.gz,C:D>PSC@25,0,True,0.0,0.0,0.0,31140.0,31140.0,0.0,0
traininstance6__C:D>PSC@25__s1.json.gz,traininstance6.mps.gz,C:D>PSC@25,1,True,0.0,1.5774276107549667e-08,1.688071904482058e-11,30619.999999984226,30619.999999984226,0.0,0
traininstance6__C:D__s0.json.gz,traininstance6.mps.gz,C:D,0,True,0.0,0.0,0.0,31710.0,31710.0,0.0,0
traininstance6__C:D__s1.json.gz,traininstance6.mps.gz,C:D,1,True,0.0,0.0,0.0,30900.0,30900.0,0.0,0
traininstance6__C:D__s2.json.gz,traininstance6.mps.gz,C:D,2,True,0.0,0.0,0.0,28430.0,28430.0,0.0,0
traininstance6__C:D__s3.json.gz,traininstance6.mps.gz,C:D,3,True,0.0,0.0,0.0,30090.0,30090.0,0.0,0
traininstance6__C:D__s4.json.gz,traininstance6.mps.gz,C:D,4,True,2.220446049250313e-16,1.8189894035458565e-12,1.8189894035458565e-12,29340.0,29340.0,0.0,0
traininstance6__C:HEU>HOFF@25__s0.json.gz,traininstance6.mps.gz,C:HEU>HOFF@25,0,True,0.0,1.4210854715202004e-14,1.4210854715202004e-14,29900.0,29900.0,0.0,0
traininstance6__C:HEU>HOFF@25__s1.json.gz,traininstance6.mps.gz,C:HEU>HOFF@25,1,True,2.4424906541753444e-14,6.126356311142445e-09,2.0047643545240135e-08,30610.000000006126,30610.000000006126,0.0,0
traininstance6__C:HEU__s0.json.gz,traininstance6.mps.gz,C:HEU,0,True,0.0,1.4210854715202004e-14,1.4210854715202004e-14,29900.0,29900.0,0.0,0
traininstance6__C:HEU__s1.json.gz,traininstance6.mps.gz,C:HEU,1,True,0.0,1.2150849215686321e-09,2.842170943040401e-14,30119.999999998785,30120.000000000196,4.6863737621234246e-14,0
traininstance6__C:HEU__s2.json.gz,traininstance6.mps.gz,C:HEU,2,True,0.0,1.1102230246251565e-16,2.649221838071062e-15,28620.0,28620.0,0.0,0
traininstance6__C:HEU__s3.json.gz,traininstance6.mps.gz,C:HEU,3,True,3.552713678800501e-15,1.8189894035458565e-12,4.547473508864641e-13,28440.0,28440.0,0.0,0
traininstance6__C:HEU__s4.json.gz,traininstance6.mps.gz,C:HEU,4,True,2.6645352591003757e-14,1.1968950275331736e-09,1.6321463292001843e-08,29320.000000001197,29320.000000001197,0.0,0
traininstance6__C:HOFF>HEU@stall20__s0.json.gz,traininstance6.mps.gz,C:HOFF>HEU@stall20,0,True,0.0,0.0,0.0,28990.0,28990.0,0.0,0
traininstance6__C:HOFF>HEU@stall20__s1.json.gz,traininstance6.mps.gz,C:HOFF>HEU@stall20,1,True,0.0,1.1102230246251565e-16,6.217248937900876e-15,29330.0,29330.0,0.0,0
traininstance6__C:HOFF__s0.json.gz,traininstance6.mps.gz,C:HOFF,0,True,4.440892098500626e-16,8.526512829121202e-14,8.526512829121202e-14,29320.0,29320.0,0.0,0
traininstance6__C:HOFF__s1.json.gz,traininstance6.mps.gz,C:HOFF,1,True,0.0,0.0,0.0,29090.0,29090.0,0.0,0
traininstance6__C:HOFF__s2.json.gz,traininstance6.mps.gz,C:HOFF,2,True,0.0,0.0,0.0,30740.0,30740.0,0.0,0
traininstance6__C:HOFF__s3.json.gz,traininstance6.mps.gz,C:HOFF,3,True,0.0,0.0,0.0,29320.0,29320.0,0.0,0
traininstance6__C:HOFF__s4.json.gz,traininstance6.mps.gz,C:HOFF,4,True,0.0,9.586074156686664e-09,1.4513723556319746e-11,29709.999999990414,29709.999999990414,0.0,0
traininstance6__C:INF__s0.json.gz,traininstance6.mps.gz,C:INF,0,True,0.0,0.0,0.0,30530.0,30530.0,0.0,0
traininstance6__C:INF__s1.json.gz,traininstance6.mps.gz,C:INF,1,True,0.0,1.9984014443252818e-15,3.9968028886505635e-14,29260.0,29260.0,0.0,0
traininstance6__C:INF__s2.json.gz,traininstance6.mps.gz,C:INF,2,True,4.440892098500626e-16,4.440892098500626e-16,6.306066779870889e-14,28940.0,28940.0,0.0,0
traininstance6__C:INF__s3.json.gz,traininstance6.mps.gz,C:INF,3,True,0.0,0.0,0.0,28480.0,28480.0,0.0,0
traininstance6__C:INF__s4.json.gz,traininstance6.mps.gz,C:INF,4,True,0.0,0.0,0.0,30280.0,30280.0,0.0,0
traininstance6__C:NOC__s0.json.gz,traininstance6.mps.gz,C:NOC,0,True,2.886579864025407e-15,2.886579864025407e-15,2.886579864025407e-14,29610.0,29610.0,0.0,0
traininstance6__C:NOC__s1.json.gz,traininstance6.mps.gz,C:NOC,1,True,0.0,0.0,0.0,29510.0,29510.0,0.0,0
traininstance6__C:NOC__s2.json.gz,traininstance6.mps.gz,C:NOC,2,True,0.0,0.0,0.0,29340.0,29340.0,0.0,0
traininstance6__C:NOC__s3.json.gz,traininstance6.mps.gz,C:NOC,3,True,2.220446049250313e-16,2.220446049250313e-16,3.197442310920451e-14,28360.0,28360.0,0.0,0
traininstance6__C:NOC__s4.json.gz,traininstance6.mps.gz,C:NOC,4,True,0.0,0.0,0.0,29450.0,29450.0,0.0,0
traininstance6__C:PSC>D@25__s0.json.gz,traininstance6.mps.gz,C:PSC>D@25,0,True,0.0,0.0,0.0,29630.0,29630.0,0.0,0
traininstance6__C:PSC>D@25__s1.json.gz,traininstance6.mps.gz,C:PSC>D@25,1,True,0.0,0.0,0.0,29850.0,29850.0,0.0,0
traininstance6__C:PSC__s0.json.gz,traininstance6.mps.gz,C:PSC,0,True,0.0,0.0,0.0,29610.0,29610.0,0.0,0
traininstance6__C:PSC__s1.json.gz,traininstance6.mps.gz,C:PSC,1,True,0.0,0.0,0.0,29180.0,29180.0,0.0,0
traininstance6__C:PSC__s2.json.gz,traininstance6.mps.gz,C:PSC,2,True,0.0,0.0,0.0,29880.0,29880.0,0.0,0
traininstance6__C:PSC__s3.json.gz,traininstance6.mps.gz,C:PSC,3,True,0.0,0.0,0.0,30290.0,30290.0,0.0,0
traininstance6__C:PSC__s4.json.gz,traininstance6.mps.gz,C:PSC,4,True,0.0,1.4551915228366852e-11,4.426681243785424e-12,30349.999999999985,30349.999999999985,0.0,0
uccase12__C:D+RST@25__s0.json.gz,uccase12.mps.gz,C:D+RST@25,0,True,2.4158453015843406e-12,0.0,5.684341886080802e-14,11507.4058903849,11507.405890382826,1.8020116260740418e-13,0
uccase12__C:D+RST@25__s1.json.gz,uccase12.mps.gz,C:D+RST@25,1,True,8.981260180007666e-12,0.0,8.981260180007666e-12,11507.405890384904,11507.405890382826,1.8051730499794348e-13,0
uccase12__C:D+RST@stall20__s0.json.gz,uccase12.mps.gz,C:D+RST@stall20,0,True,2.4158453015843406e-12,0.0,5.684341886080802e-14,11507.4058903849,11507.405890384864,3.1614239053924963e-15,0
uccase12__C:D+RST@stall20__s1.json.gz,uccase12.mps.gz,C:D+RST@stall20,1,True,3.3367086871294305e-11,3.5527136788004978e-15,3.3367086871294305e-11,11507.405614134981,11507.40561413506,6.797061559765909e-15,0
uccase12__C:D>PSC@25__s0.json.gz,uccase12.mps.gz,C:D>PSC@25,0,True,2.4158453015843406e-12,0.0,5.684341886080802e-14,11507.4058903849,11507.405890384878,1.8968543432354953e-15,0
uccase12__C:D>PSC@25__s1.json.gz,uccase12.mps.gz,C:D>PSC@25,1,True,8.981260180007666e-12,0.0,8.981260180007666e-12,11507.405890384904,11507.405890384878,2.2129967337747445e-15,0
uccase12__C:D__s0.json.gz,uccase12.mps.gz,C:D,0,True,2.4158453015843406e-12,0.0,5.684341886080802e-14,11507.4058903849,11507.405890384878,1.8968543432354953e-15,0
uccase12__C:D__s1.json.gz,uccase12.mps.gz,C:D,1,True,3.3367086871294305e-11,3.5527136788004978e-15,3.3367086871294305e-11,11507.405614134981,11507.405614134972,7.903559953216233e-16,0
uccase12__C:D__s2.json.gz,uccase12.mps.gz,C:D,2,True,6.752998160663992e-11,0.0,6.752998160663992e-11,11507.406166634979,11507.406166634086,7.761295501419275e-14,0
uccase12__C:D__s3.json.gz,uccase12.mps.gz,C:D,3,True,2.2453150450019166e-12,0.0,5.684341886080802e-14,11507.405614134907,11507.405614134885,1.8968543887719105e-15,0
uccase12__C:D__s4.json.gz,uccase12.mps.gz,C:D,4,True,4.638422979041934e-11,0.0,4.638422979041934e-11,11507.406442884901,11507.406442884894,6.322847507208888e-16,0
uccase12__C:HEU>HOFF@25__s0.json.gz,uccase12.mps.gz,C:HEU>HOFF@25,0,True,9.845415694403809e-11,2.461364445593972e-12,9.845415694403637e-11,11507.420088384903,11507.420088384868,3.0033490045484276e-15,0
uccase12__C:HEU>HOFF@25__s1.json.gz,uccase12.mps.gz,C:HEU>HOFF@25,1,True,2.4158453015843406e-12,7.365462300308757e-13,1.5845103007450234e-12,11507.48941840989,11507.489418409852,3.3194710058435523e-15,0
uccase12__C:HEU__s0.json.gz,uccase12.mps.gz,C:HEU,0,True,2.4158453015843406e-12,0.0,5.684341886080802e-14,11507.406166634904,11507.406166634872,2.845281446548623e-15,0
uccase12__C:HEU__s1.json.gz,uccase12.mps.gz,C:HEU,1,True,8.981260180007666e-12,0.0,8.981260180007666e-12,11507.405890384905,11507.405890384878,2.3710679290443692e-15,0
uccase12__C:HEU__s2.json.gz,uccase12.mps.gz,C:HEU,2,True,6.843947630841285e-11,1.220238724878679e-13,6.843947630841285e-11,11507.40616663498,11507.406166633999,8.535844339646518e-14,0
uccase12__C:HEU__s3.json.gz,uccase12.mps.gz,C:HEU,3,True,1.3699263945454732e-11,0.0,1.3699263945454732e-11,11507.40533788498,11507.405337886026,9.089094164393174e-14,0
uccase12__C:HEU__s4.json.gz,uccase12.mps.gz,C:HEU,4,True,4.638422979041934e-11,5.773159728050814e-15,4.638422979041934e-11,11507.4061666349,11507.406166634886,1.2645695317993866e-15,0
uccase12__C:HOFF>HEU@stall20__s0.json.gz,uccase12.mps.gz,C:HOFF>HEU@stall20,0,True,2.4158453015843406e-12,0.0,5.684341886080802e-14,11507.81931106488,11507.819311063271,1.3988798212972152e-13,0
uccase12__C:HOFF>HEU@stall20__s1.json.gz,uccase12.mps.gz,C:HOFF>HEU@stall20,1,True,2.5124791136477143e-11,0.0,2.5124791136477143e-11,11507.747506384907,11507.747506383806,9.563023419959104e-14,0
uccase12__C:INF__s0.json.gz,uccase12.mps.gz,C:INF,0,True,2.4158453015843406e-12,0.0,5.684341886080802e-14,11507.4058903849,11507.405890384878,1.8968543432354953e-15,0
uccase12__C:INF__s1.json.gz,uccase12.mps.gz,C:INF,1,True,8.981260180007666e-12,0.0,8.981260180007666e-12,11507.405890384904,11507.405890384878,2.2129967337747445e-15,0
uccase12__C:INF__s2.json.gz,uccase12.mps.gz,C:INF,2,True,8.429879017057829e-11,0.0,8.429879017057829e-11,11507.406166634983,11507.406166633984,8.678108411973971e-14,0
uccase12__C:INF__s3.json.gz,uccase12.mps.gz,C:INF,3,True,2.2453150450019166e-12,0.0,5.684341886080802e-14,11507.405614134907,11507.405614134885,1.8968543887719105e-15,0
uccase12__C:INF__s4.json.gz,uccase12.mps.gz,C:INF,4,True,4.638422979041934e-11,0.0,4.638422979041934e-11,11507.406442884901,11507.406442884894,6.322847507208888e-16,0
uccase12__C:NOC__s0.json.gz,uccase12.mps.gz,C:NOC,0,True,4.263256414560601e-13,4.440892098500626e-16,1.1102230246251565e-15,11507.422698384982,11507.42269838498,1.580709643872858e-16,0
uccase12__C:NOC__s1.json.gz,uccase12.mps.gz,C:NOC,1,True,4.263256414560601e-13,4.440892098500626e-16,1.1102230246251565e-15,11507.451445184983,11507.451445184983,0.0,0
uccase12__C:NOC__s2.json.gz,uccase12.mps.gz,C:NOC,2,True,4.263256414560601e-13,4.440892098500626e-16,3.9968028886505635e-15,11507.437724284982,11507.437724284973,7.903537899262806e-16,0
uccase12__C:NOC__s3.json.gz,uccase12.mps.gz,C:NOC,3,True,4.263256414560601e-13,4.440892098500626e-16,1.1102230246251565e-15,11507.425308384982,11507.425308384976,4.742127856055956e-16,0
uccase12__C:NOC__s4.json.gz,uccase12.mps.gz,C:NOC,4,True,3.979039320256561e-13,4.440892098500626e-16,1.1102230246251565e-15,11507.40776113498,11507.407761134993,1.106498187004814e-15,0
uccase12__C:PSC>D@25__s0.json.gz,uccase12.mps.gz,C:PSC>D@25,0,True,2.4158453015843406e-12,0.0,5.684341886080802e-14,11507.4058903849,11507.405890384878,1.8968543432354953e-15,0
uccase12__C:PSC>D@25__s1.json.gz,uccase12.mps.gz,C:PSC>D@25,1,True,8.86757334228605e-12,0.0,8.86757334228605e-12,11507.405614134983,11507.405614134797,1.6123262304561362e-14,0
uccase12__C:PSC__s0.json.gz,uccase12.mps.gz,C:PSC,0,True,2.4158453015843406e-12,0.0,5.684341886080802e-14,11507.4058903849,11507.405890384878,1.8968543432354953e-15,0
uccase12__C:PSC__s1.json.gz,uccase12.mps.gz,C:PSC,1,True,8.981260180007666e-12,0.0,8.981260180007666e-12,11507.405890384904,11507.405890384878,2.2129967337747445e-15,0
uccase12__C:PSC__s2.json.gz,uccase12.mps.gz,C:PSC,2,True,6.59383658785373e-11,0.0,6.59383658785373e-11,11507.406166634979,11507.406166633824,1.0037520658658557e-13,0
uccase12__C:PSC__s3.json.gz,uccase12.mps.gz,C:PSC,3,True,2.2453150450019166e-12,0.0,5.684341886080802e-14,11507.405614134907,11507.405614134885,1.8968543887719105e-15,0
uccase12__C:PSC__s4.json.gz,uccase12.mps.gz,C:PSC,4,True,4.638422979041934e-11,0.0,4.638422979041934e-11,11507.406442884901,11507.406442884894,6.322847507208888e-16,0
