set,sol,state
_smoke,tr12-30__A:bandit__s0.json.gz,checked_feasible
_smoke,tr12-30__A:rules__s0.json.gz,checked_feasible
_smoke,tr12-30__C:D+RST@stall20__s0.json.gz,checked_feasible
_smoke,tr12-30__C:PSC>D@25__s0.json.gz,checked_feasible
_smoke,tr12-30__CORRUPT__s0.json.gz,test_fixture_detected
b2_scip,CMS750_4__C:D+RST@25__s0.json.gz,checked_feasible
b2_scip,CMS750_4__C:D+RST@25__s1.json.gz,checked_feasible
b2_scip,CMS750_4__C:D+RST@stall20__s0.json.gz,checked_feasible
b2_scip,CMS750_4__C:D+RST@stall20__s1.json.gz,checked_feasible
b2_scip,CMS750_4__C:D>PSC@25__s0.json.gz,checked_feasible
b2_scip,CMS750_4__C:D>PSC@25__s1.json.gz,checked_feasible
b2_scip,CMS750_4__C:D__s0.json.gz,checked_feasible
b2_scip,CMS750_4__C:D__s1.json.gz,checked_feasible
b2_scip,CMS750_4__C:HEU>HOFF@25__s0.json.gz,checked_feasible
b2_scip,CMS750_4__C:HEU>HOFF@25__s1.json.gz,checked_feasible
b2_scip,CMS750_4__C:HEU__s0.json.gz,checked_feasible
b2_scip,CMS750_4__C:HEU__s1.json.gz,checked_feasible
b2_scip,CMS750_4__C:HOFF>HEU@stall20__s0.json.gz,checked_feasible
b2_scip,CMS750_4__C:HOFF>HEU@stall20__s1.json.gz,checked_feasible
b2_scip,CMS750_4__C:HOFF__s0.json.gz,checked_feasible
b2_scip,CMS750_4__C:HOFF__s1.json.gz,checked_feasible
b2_scip,CMS750_4__C:INF__s0.json.gz,checked_feasible
b2_scip,CMS750_4__C:INF__s1.json.gz,checked_feasible
b2_scip,CMS750_4__C:NOC__s0.json.gz,checked_feasible
b2_scip,CMS750_4__C:NOC__s1.json.gz,checked_feasible
b2_scip,CMS750_4__C:PSC>D@25__s0.json.gz,checked_feasible
b2_scip,CMS750_4__C:PSC>D@25__s1.json.gz,checked_feasible
b2_scip,CMS750_4__C:PSC__s0.json.gz,checked_feasible
b2_scip,CMS750_4__C:PSC__s1.json.gz,checked_feasible
b2_scip,air05__C:D+RST@25__s0.json.gz,checked_feasible
b2_scip,air05__C:D+RST@25__s1.json.gz,checked_feasible
b2_scip,air05__C:D+RST@stall20__s0.json.gz,checked_feasible
b2_scip,air05__C:D+RST@stall20__s1.json.gz,checked_feasible
b2_scip,air05__C:D>PSC@25__s0.json.gz,checked_feasible
b2_scip,air05__C:D>PSC@25__s1.json.gz,checked_feasible
b2_scip,air05__C:D__s0.json.gz,checked_feasible
b2_scip,air05__C:D__s1.json.gz,checked_feasible
b2_scip,air05__C:HEU>HOFF@25__s0.json.gz,checked_feasible
b2_scip,air05__C:HEU>HOFF@25__s1.json.gz,checked_feasible
b2_scip,air05__C:HEU__s0.json.gz,checked_feasible
b2_scip,air05__C:HEU__s1.json.gz,checked_feasible
b2_scip,air05__C:HOFF>HEU@stall20__s0.json.gz,checked_feasible
b2_scip,air05__C:HOFF>HEU@stall20__s1.json.gz,checked_feasible
b2_scip,air05__C:HOFF__s0.json.gz,checked_feasible
b2_scip,air05__C:HOFF__s1.json.gz,checked_feasible
b2_scip,air05__C:INF__s0.json.gz,checked_feasible
b2_scip,air05__C:INF__s1.json.gz,checked_feasible
b2_scip,air05__C:NOC__s0.json.gz,checked_feasible
b2_scip,air05__C:NOC__s1.json.gz,checked_feasible
b2_scip,air05__C:PSC>D@25__s0.json.gz,checked_feasible
b2_scip,air05__C:PSC>D@25__s1.json.gz,checked_feasible
b2_scip,air05__C:PSC__s0.json.gz,checked_feasible
b2_scip,air05__C:PSC__s1.json.gz,checked_feasible
b2_scip,binkar10_1__C:D+RST@25__s0.json.gz,checked_feasible
b2_scip,binkar10_1__C:D+RST@25__s1.json.gz,checked_feasible
b2_scip,binkar10_1__C:D+RST@stall20__s0.json.gz,checked_feasible
b2_scip,binkar10_1__C:D+RST@stall20__s1.json.gz,checked_feasible
b2_scip,binkar10_1__C:D>PSC@25__s0.json.gz,checked_feasible
b2_scip,binkar10_1__C:D>PSC@25__s1.json.gz,checked_feasible
b2_scip,binkar10_1__C:D__s0.json.gz,checked_feasible
b2_scip,binkar10_1__C:D__s1.json.gz,checked_feasible
b2_scip,binkar10_1__C:HEU>HOFF@25__s0.json.gz,checked_feasible
b2_scip,binkar10_1__C:HEU>HOFF@25__s1.json.gz,checked_feasible
b2_scip,binkar10_1__C:HEU__s0.json.gz,checked_feasible
b2_scip,binkar10_1__C:HEU__s1.json.gz,checked_feasible
b2_scip,binkar10_1__C:HOFF>HEU@stall20__s0.json.gz,checked_feasible
b2_scip,binkar10_1__C:HOFF>HEU@stall20__s1.json.gz,checked_feasible
b2_scip,binkar10_1__C:HOFF__s0.json.gz,checked_feasible
b2_scip,binkar10_1__C:HOFF__s1.json.gz,checked_feasible
b2_scip,binkar10_1__C:INF__s0.json.gz,checked_feasible
b2_scip,binkar10_1__C:INF__s1.json.gz,checked_feasible
b2_scip,binkar10_1__C:NOC__s0.json.gz,checked_feasible
b2_scip,binkar10_1__C:NOC__s1.json.gz,checked_feasible
b2_scip,binkar10_1__C:PSC>D@25__s0.json.gz,checked_feasible
b2_scip,binkar10_1__C:PSC>D@25__s1.json.gz,checked_feasible
b2_scip,binkar10_1__C:PSC__s0.json.gz,checked_feasible
b2_scip,binkar10_1__C:PSC__s1.json.gz,checked_feasible
b2_scip,cbs-cta__C:D+RST@25__s0.json.gz,checked_feasible
b2_scip,cbs-cta__C:D+RST@25__s1.json.gz,checked_feasible
b2_scip,cbs-cta__C:D+RST@stall20__s0.json.gz,checked_feasible
b2_scip,cbs-cta__C:D+RST@stall20__s1.json.gz,checked_feasible
b2_scip,cbs-cta__C:D>PSC@25__s0.json.gz,checked_feasible
b2_scip,cbs-cta__C:D>PSC@25__s1.json.gz,checked_feasible
b2_scip,cbs-cta__C:D__s0.json.gz,checked_feasible
b2_scip,cbs-cta__C:D__s1.json.gz,checked_feasible
b2_scip,cbs-cta__C:D__s2.json.gz,checked_feasible
b2_scip,cbs-cta__C:D__s3.json.gz,checked_feasible
b2_scip,cbs-cta__C:D__s4.json.gz,checked_feasible
b2_scip,cbs-cta__C:HEU>HOFF@25__s0.json.gz,checked_feasible
b2_scip,cbs-cta__C:HEU>HOFF@25__s1.json.gz,checked_feasible
b2_scip,cbs-cta__C:HEU__s0.json.gz,checked_feasible
b2_scip,cbs-cta__C:HEU__s1.json.gz,checked_feasible
b2_scip,cbs-cta__C:HEU__s2.json.gz,checked_feasible
b2_scip,cbs-cta__C:HEU__s3.json.gz,checked_feasible
b2_scip,cbs-cta__C:HEU__s4.json.gz,checked_feasible
b2_scip,cbs-cta__C:HOFF>HEU@stall20__s0.json.gz,checked_feasible
b2_scip,cbs-cta__C:HOFF>HEU@stall20__s1.json.gz,checked_feasible
b2_scip,cbs-cta__C:INF__s0.json.gz,checked_feasible
b2_scip,cbs-cta__C:INF__s1.json.gz,checked_feasible
b2_scip,cbs-cta__C:INF__s2.json.gz,checked_feasible
b2_scip,cbs-cta__C:INF__s3.json.gz,checked_feasible
b2_scip,cbs-cta__C:INF__s4.json.gz,checked_feasible
b2_scip,cbs-cta__C:NOC__s0.json.gz,checked_feasible
b2_scip,cbs-cta__C:NOC__s1.json.gz,checked_feasible
b2_scip,cbs-cta__C:NOC__s2.json.gz,checked_feasible
b2_scip,cbs-cta__C:NOC__s3.json.gz,checked_feasible
b2_scip,cbs-cta__C:NOC__s4.json.gz,checked_feasible
b2_scip,cbs-cta__C:PSC>D@25__s0.json.gz,checked_feasible
b2_scip,cbs-cta__C:PSC>D@25__s1.json.gz,checked_feasible
b2_scip,cbs-cta__C:PSC__s0.json.gz,checked_feasible
b2_scip,cbs-cta__C:PSC__s1.json.gz,checked_feasible
b2_scip,cbs-cta__C:PSC__s2.json.gz,checked_feasible
b2_scip,cbs-cta__C:PSC__s3.json.gz,checked_feasible
b2_scip,cbs-cta__C:PSC__s4.json.gz,checked_feasible
b2_scip,cod105__C:D+RST@25__s0.json.gz,checked_feasible
b2_scip,cod105__C:D+RST@25__s1.json.gz,checked_feasible
b2_scip,cod105__C:D+RST@stall20__s0.json.gz,checked_feasible
b2_scip,cod105__C:D+RST@stall20__s1.json.gz,checked_feasible
b2_scip,cod105__C:D>PSC@25__s0.json.gz,checked_feasible
b2_scip,cod105__C:D>PSC@25__s1.json.gz,checked_feasible
b2_scip,cod105__C:D__s0.json.gz,checked_feasible
b2_scip,cod105__C:D__s1.json.gz,checked_feasible
b2_scip,cod105__C:D__s2.json.gz,checked_feasible
b2_scip,cod105__C:D__s3.json.gz,checked_feasible
b2_scip,cod105__C:D__s4.json.gz,checked_feasible
b2_scip,cod105__C:HEU>HOFF@25__s0.json.gz,checked_feasible
b2_scip,cod105__C:HEU>HOFF@25__s1.json.gz,checked_feasible
b2_scip,cod105__C:HEU__s0.json.gz,checked_feasible
b2_scip,cod105__C:HEU__s1.json.gz,checked_feasible
b2_scip,cod105__C:HEU__s2.json.gz,checked_feasible
b2_scip,cod105__C:HEU__s3.json.gz,checked_feasible
b2_scip,cod105__C:HEU__s4.json.gz,checked_feasible
b2_scip,cod105__C:HOFF>HEU@stall20__s0.json.gz,checked_feasible
b2_scip,cod105__C:HOFF>HEU@stall20__s1.json.gz,checked_feasible
b2_scip,cod105__C:HOFF__s0.json.gz,checked_feasible
b2_scip,cod105__C:HOFF__s1.json.gz,checked_feasible
b2_scip,cod105__C:HOFF__s2.json.gz,checked_feasible
b2_scip,cod105__C:HOFF__s3.json.gz,checked_feasible
b2_scip,cod105__C:HOFF__s4.json.gz,checked_feasible
b2_scip,cod105__C:INF__s0.json.gz,checked_feasible
b2_scip,cod105__C:INF__s1.json.gz,checked_feasible
b2_scip,cod105__C:INF__s2.json.gz,checked_feasible
b2_scip,cod105__C:INF__s3.json.gz,checked_feasible
b2_scip,cod105__C:INF__s4.json.gz,checked_feasible
b2_scip,cod105__C:NOC__s0.json.gz,checked_feasible
b2_scip,cod105__C:NOC__s1.json.gz,checked_feasible
b2_scip,cod105__C:NOC__s2.json.gz,checked_feasible
b2_scip,cod105__C:NOC__s3.json.gz,checked_feasible
b2_scip,cod105__C:NOC__s4.json.gz,checked_feasible
b2_scip,cod105__C:PSC>D@25__s0.json.gz,checked_feasible
b2_scip,cod105__C:PSC>D@25__s1.json.gz,checked_feasible
b2_scip,cod105__C:PSC__s0.json.gz,checked_feasible
b2_scip,cod105__C:PSC__s1.json.gz,checked_feasible
b2_scip,cod105__C:PSC__s2.json.gz,checked_feasible
b2_scip,cod105__C:PSC__s3.json.gz,checked_feasible
b2_scip,cod105__C:PSC__s4.json.gz,checked_feasible
b2_scip,comp21-2idx__C:D+RST@25__s0.json.gz,checked_feasible
b2_scip,comp21-2idx__C:D+RST@25__s1.json.gz,checked_feasible
b2_scip,comp21-2idx__C:D+RST@stall20__s0.json.gz,checked_feasible
b2_scip,comp21-2idx__C:D+RST@stall20__s1.json.gz,checked_feasible
b2_scip,comp21-2idx__C:D>PSC@25__s0.json.gz,checked_feasible
b2_scip,comp21-2idx__C:D>PSC@25__s1.json.gz,checked_feasible
b2_scip,comp21-2idx__C:D__s0.json.gz,checked_feasible
b2_scip,comp21-2idx__C:D__s1.json.gz,checked_feasible
b2_scip,comp21-2idx__C:HEU>HOFF@25__s0.json.gz,checked_feasible
b2_scip,comp21-2idx__C:HEU>HOFF@25__s1.json.gz,checked_feasible
b2_scip,comp21-2idx__C:HEU__s0.json.gz,checked_feasible
b2_scip,comp21-2idx__C:HEU__s1.json.gz,checked_feasible
b2_scip,comp21-2idx__C:HOFF>HEU@stall20__s0.json.gz,checked_feasible
b2_scip,comp21-2idx__C:HOFF>HEU@stall20__s1.json.gz,checked_feasible
b2_scip,comp21-2idx__C:INF__s0.json.gz,checked_feasible
b2_scip,comp21-2idx__C:INF__s1.json.gz,checked_feasible
b2_scip,comp21-2idx__C:NOC__s0.json.gz,checked_feasible
b2_scip,comp21-2idx__C:NOC__s1.json.gz,checked_feasible
b2_scip,comp21-2idx__C:PSC>D@25__s0.json.gz,checked_feasible
b2_scip,comp21-2idx__C:PSC>D@25__s1.json.gz,checked_feasible
b2_scip,comp21-2idx__C:PSC__s0.json.gz,checked_feasible
b2_scip,comp21-2idx__C:PSC__s1.json.gz,checked_feasible
b2_scip,dano3_3__C:D+RST@25__s0.json.gz,checked_feasible
b2_scip,dano3_3__C:D+RST@25__s1.json.gz,checked_feasible
b2_scip,dano3_3__C:D+RST@stall20__s0.json.gz,checked_feasible
b2_scip,dano3_3__C:D+RST@stall20__s1.json.gz,checked_feasible
b2_scip,dano3_3__C:D>PSC@25__s0.json.gz,checked_feasible
b2_scip,dano3_3__C:D>PSC@25__s1.json.gz,checked_feasible
b2_scip,dano3_3__C:D__s0.json.gz,checked_feasible
b2_scip,dano3_3__C:D__s1.json.gz,checked_feasible
b2_scip,dano3_3__C:D__s2.json.gz,checked_feasible
b2_scip,dano3_3__C:D__s3.json.gz,checked_feasible
b2_scip,dano3_3__C:D__s4.json.gz,checked_feasible
b2_scip,dano3_3__C:HEU>HOFF@25__s0.json.gz,checked_feasible
b2_scip,dano3_3__C:HEU>HOFF@25__s1.json.gz,checked_feasible
b2_scip,dano3_3__C:HEU__s0.json.gz,checked_feasible
b2_scip,dano3_3__C:HEU__s1.json.gz,checked_feasible
b2_scip,dano3_3__C:HEU__s2.json.gz,checked_feasible
b2_scip,dano3_3__C:HEU__s3.json.gz,checked_feasible
b2_scip,dano3_3__C:HEU__s4.json.gz,checked_feasible
b2_scip,dano3_3__C:HOFF>HEU@stall20__s0.json.gz,checked_feasible
b2_scip,dano3_3__C:HOFF>HEU@stall20__s1.json.gz,checked_feasible
b2_scip,dano3_3__C:HOFF__s0.json.gz,checked_feasible
b2_scip,dano3_3__C:HOFF__s1.json.gz,checked_feasible
b2_scip,dano3_3__C:HOFF__s2.json.gz,checked_feasible
b2_scip,dano3_3__C:HOFF__s3.json.gz,checked_feasible
b2_scip,dano3_3__C:HOFF__s4.json.gz,checked_feasible
b2_scip,dano3_3__C:INF__s0.json.gz,checked_feasible
b2_scip,dano3_3__C:INF__s1.json.gz,checked_feasible
b2_scip,dano3_3__C:INF__s2.json.gz,checked_feasible
b2_scip,dano3_3__C:INF__s3.json.gz,checked_feasible
b2_scip,dano3_3__C:INF__s4.json.gz,checked_feasible
b2_scip,dano3_3__C:NOC__s0.json.gz,checked_feasible
b2_scip,dano3_3__C:NOC__s1.json.gz,checked_feasible
b2_scip,dano3_3__C:NOC__s2.json.gz,checked_feasible
b2_scip,dano3_3__C:NOC__s3.json.gz,checked_feasible
b2_scip,dano3_3__C:NOC__s4.json.gz,checked_feasible
b2_scip,dano3_3__C:PSC>D@25__s0.json.gz,checked_feasible
b2_scip,dano3_3__C:PSC>D@25__s1.json.gz,checked_feasible
b2_scip,dano3_3__C:PSC__s0.json.gz,checked_feasible
b2_scip,dano3_3__C:PSC__s1.json.gz,checked_feasible
b2_scip,dano3_3__C:PSC__s2.json.gz,checked_feasible
b2_scip,dano3_3__C:PSC__s3.json.gz,checked_feasible
b2_scip,dano3_3__C:PSC__s4.json.gz,checked_feasible
b2_scip,dws008-01__C:D__s0.json.gz,checked_feasible
b2_scip,dws008-01__C:HEU__s1.json.gz,checked_feasible
b2_scip,dws008-01__C:HOFF>HEU@stall20__s0.json.gz,checked_feasible
b2_scip,dws008-01__C:HOFF>HEU@stall20__s1.json.gz,checked_feasible
b2_scip,dws008-01__C:NOC__s1.json.gz,checked_feasible
b2_scip,eil33-2__C:D+RST@25__s0.json.gz,checked_feasible
b2_scip,eil33-2__C:D+RST@25__s1.json.gz,checked_feasible
b2_scip,eil33-2__C:D+RST@stall20__s0.json.gz,checked_feasible
b2_scip,eil33-2__C:D+RST@stall20__s1.json.gz,checked_feasible
b2_scip,eil33-2__C:D>PSC@25__s0.json.gz,checked_feasible
b2_scip,eil33-2__C:D>PSC@25__s1.json.gz,checked_feasible
b2_scip,eil33-2__C:D__s0.json.gz,checked_feasible
b2_scip,eil33-2__C:D__s1.json.gz,checked_feasible
b2_scip,eil33-2__C:HEU>HOFF@25__s0.json.gz,checked_feasible
b2_scip,eil33-2__C:HEU>HOFF@25__s1.json.gz,checked_feasible
b2_scip,eil33-2__C:HEU__s0.json.gz,checked_feasible
b2_scip,eil33-2__C:HEU__s1.json.gz,checked_feasible
b2_scip,eil33-2__C:HOFF>HEU@stall20__s0.json.gz,checked_feasible
b2_scip,eil33-2__C:HOFF>HEU@stall20__s1.json.gz,checked_feasible
b2_scip,eil33-2__C:HOFF__s0.json.gz,checked_feasible
b2_scip,eil33-2__C:HOFF__s1.json.gz,checked_feasible
b2_scip,eil33-2__C:INF__s0.json.gz,checked_feasible
b2_scip,eil33-2__C:INF__s1.json.gz,checked_feasible
b2_scip,eil33-2__C:NOC__s0.json.gz,checked_feasible
b2_scip,eil33-2__C:NOC__s1.json.gz,checked_feasible
b2_scip,eil33-2__C:PSC>D@25__s0.json.gz,checked_feasible
b2_scip,eil33-2__C:PSC>D@25__s1.json.gz,checked_feasible
b2_scip,eil33-2__C:PSC__s0.json.gz,checked_feasible
b2_scip,eil33-2__C:PSC__s1.json.gz,checked_feasible
b2_scip,gen-ip054__C:D+RST@25__s0.json.gz,checked_feasible
b2_scip,gen-ip054__C:D+RST@25__s1.json.gz,checked_feasible
b2_scip,gen-ip054__C:D+RST@stall20__s0.json.gz,checked_feasible
b2_scip,gen-ip054__C:D+RST@stall20__s1.json.gz,checked_feasible
b2_scip,gen-ip054__C:D>PSC@25__s0.json.gz,checked_feasible
b2_scip,gen-ip054__C:D>PSC@25__s1.json.gz,checked_feasible
b2_scip,gen-ip054__C:D__s0.json.gz,checked_feasible
b2_scip,gen-ip054__C:D__s1.json.gz,checked_feasible
b2_scip,gen-ip054__C:HEU>HOFF@25__s0.json.gz,checked_feasible
b2_scip,gen-ip054__C:HEU>HOFF@25__s1.json.gz,checked_feasible
b2_scip,gen-ip054__C:HEU__s0.json.gz,checked_feasible
b2_scip,gen-ip054__C:HEU__s1.json.gz,checked_feasible
b2_scip,gen-ip054__C:HOFF>HEU@stall20__s0.json.gz,checked_feasible
b2_scip,gen-ip054__C:HOFF>HEU@stall20__s1.json.gz,checked_feasible
b2_scip,gen-ip054__C:HOFF__s0.json.gz,checked_feasible
b2_scip,gen-ip054__C:HOFF__s1.json.gz,checked_feasible
b2_scip,gen-ip054__C:INF__s0.json.gz,checked_feasible
b2_scip,gen-ip054__C:INF__s1.json.gz,checked_feasible
b2_scip,gen-ip054__C:NOC__s0.json.gz,checked_feasible
b2_scip,gen-ip054__C:NOC__s1.json.gz,checked_feasible
b2_scip,gen-ip054__C:PSC>D@25__s0.json.gz,checked_feasible
b2_scip,gen-ip054__C:PSC>D@25__s1.json.gz,checked_feasible
b2_scip,gen-ip054__C:PSC__s0.json.gz,checked_feasible
b2_scip,gen-ip054__C:PSC__s1.json.gz,checked_feasible
b2_scip,glass-sc__C:D+RST@25__s0.json.gz,checked_feasible
b2_scip,glass-sc__C:D+RST@25__s1.json.gz,checked_feasible
b2_scip,glass-sc__C:D+RST@stall20__s0.json.gz,checked_feasible
b2_scip,glass-sc__C:D+RST@stall20__s1.json.gz,checked_feasible
b2_scip,glass-sc__C:D>PSC@25__s0.json.gz,checked_feasible
b2_scip,glass-sc__C:D>PSC@25__s1.json.gz,checked_feasible
b2_scip,glass-sc__C:D__s0.json.gz,checked_feasible
b2_scip,glass-sc__C:D__s1.json.gz,checked_feasible
b2_scip,glass-sc__C:HEU>HOFF@25__s0.json.gz,checked_feasible
b2_scip,glass-sc__C:HEU>HOFF@25__s1.json.gz,checked_feasible
b2_scip,glass-sc__C:HEU__s0.json.gz,checked_feasible
b2_scip,glass-sc__C:HEU__s1.json.gz,checked_feasible
b2_scip,glass-sc__C:HOFF>HEU@stall20__s0.json.gz,checked_feasible
b2_scip,glass-sc__C:HOFF>HEU@stall20__s1.json.gz,checked_feasible
b2_scip,glass-sc__C:HOFF__s0.json.gz,checked_feasible
b2_scip,glass-sc__C:HOFF__s1.json.gz,checked_feasible
b2_scip,glass-sc__C:INF__s0.json.gz,checked_feasible
b2_scip,glass-sc__C:INF__s1.json.gz,checked_feasible
b2_scip,glass-sc__C:NOC__s0.json.gz,checked_feasible
b2_scip,glass-sc__C:NOC__s1.json.gz,checked_feasible
b2_scip,glass-sc__C:PSC>D@25__s0.json.gz,checked_feasible
b2_scip,glass-sc__C:PSC>D@25__s1.json.gz,checked_feasible
b2_scip,glass-sc__C:PSC__s0.json.gz,checked_feasible
b2_scip,glass-sc__C:PSC__s1.json.gz,checked_feasible
b2_scip,graphdraw-domain__C:D+RST@25__s0.json.gz,checked_feasible
b2_scip,graphdraw-domain__C:D+RST@25__s1.json.gz,checked_feasible
b2_scip,graphdraw-domain__C:D+RST@stall20__s0.json.gz,checked_feasible
b2_scip,graphdraw-domain__C:D+RST@stall20__s1.json.gz,checked_feasible
b2_scip,graphdraw-domain__C:D>PSC@25__s0.json.gz,checked_feasible
b2_scip,graphdraw-domain__C:D>PSC@25__s1.json.gz,checked_feasible
b2_scip,graphdraw-domain__C:D__s0.json.gz,checked_feasible
b2_scip,graphdraw-domain__C:D__s1.json.gz,checked_feasible
b2_scip,graphdraw-domain__C:HEU>HOFF@25__s0.json.gz,checked_feasible
b2_scip,graphdraw-domain__C:HEU>HOFF@25__s1.json.gz,checked_feasible
b2_scip,graphdraw-domain__C:HEU__s0.json.gz,checked_feasible
b2_scip,graphdraw-domain__C:HEU__s1.json.gz,checked_feasible
b2_scip,graphdraw-domain__C:HOFF>HEU@stall20__s0.json.gz,checked_feasible
b2_scip,graphdraw-domain__C:HOFF>HEU@stall20__s1.json.gz,checked_feasible
b2_scip,graphdraw-domain__C:HOFF__s0.json.gz,checked_feasible
b2_scip,graphdraw-domain__C:HOFF__s1.json.gz,checked_feasible
b2_scip,graphdraw-domain__C:INF__s0.json.gz,checked_feasible
b2_scip,graphdraw-domain__C:INF__s1.json.gz,checked_feasible
b2_scip,graphdraw-domain__C:NOC__s0.json.gz,checked_feasible
b2_scip,graphdraw-domain__C:NOC__s1.json.gz,checked_feasible
b2_scip,graphdraw-domain__C:PSC>D@25__s0.json.gz,checked_feasible
b2_scip,graphdraw-domain__C:PSC>D@25__s1.json.gz,checked_feasible
b2_scip,graphdraw-domain__C:PSC__s0.json.gz,checked_feasible
b2_scip,graphdraw-domain__C:PSC__s1.json.gz,checked_feasible
b2_scip,h80x6320d__C:D+RST@25__s0.json.gz,checked_feasible
b2_scip,h80x6320d__C:D+RST@25__s1.json.gz,checked_feasible
b2_scip,h80x6320d__C:D+RST@stall20__s0.json.gz,checked_feasible
b2_scip,h80x6320d__C:D+RST@stall20__s1.json.gz,checked_feasible
b2_scip,h80x6320d__C:D>PSC@25__s0.json.gz,checked_feasible
b2_scip,h80x6320d__C:D>PSC@25__s1.json.gz,checked_feasible
b2_scip,h80x6320d__C:D__s0.json.gz,checked_feasible
b2_scip,h80x6320d__C:D__s1.json.gz,checked_feasible
b2_scip,h80x6320d__C:D__s2.json.gz,checked_feasible
b2_scip,h80x6320d__C:D__s3.json.gz,checked_feasible
b2_scip,h80x6320d__C:D__s4.json.gz,checked_feasible
b2_scip,h80x6320d__C:HEU>HOFF@25__s0.json.gz,checked_feasible
b2_scip,h80x6320d__C:HEU>HOFF@25__s1.json.gz,checked_feasible
b2_scip,h80x6320d__C:HEU__s0.json.gz,checked_feasible
b2_scip,h80x6320d__C:HEU__s1.json.gz,checked_feasible
b2_scip,h80x6320d__C:HEU__s2.json.gz,checked_feasible
b2_scip,h80x6320d__C:HEU__s3.json.gz,checked_feasible
b2_scip,h80x6320d__C:HEU__s4.json.gz,checked_feasible
b2_scip,h80x6320d__C:HOFF>HEU@stall20__s0.json.gz,checked_feasible
b2_scip,h80x6320d__C:HOFF>HEU@stall20__s1.json.gz,checked_feasible
b2_scip,h80x6320d__C:HOFF__s0.json.gz,checked_feasible
b2_scip,h80x6320d__C:HOFF__s1.json.gz,checked_feasible
b2_scip,h80x6320d__C:HOFF__s2.json.gz,checked_feasible
b2_scip,h80x6320d__C:HOFF__s3.json.gz,checked_feasible
b2_scip,h80x6320d__C:HOFF__s4.json.gz,checked_feasible
b2_scip,h80x6320d__C:INF__s0.json.gz,checked_feasible
b2_scip,h80x6320d__C:INF__s1.json.gz,checked_feasible
b2_scip,h80x6320d__C:INF__s2.json.gz,checked_feasible
b2_scip,h80x6320d__C:INF__s3.json.gz,checked_feasible
b2_scip,h80x6320d__C:INF__s4.json.gz,checked_feasible
b2_scip,h80x6320d__C:NOC__s0.json.gz,checked_feasible
b2_scip,h80x6320d__C:NOC__s1.json.gz,checked_feasible
b2_scip,h80x6320d__C:NOC__s2.json.gz,checked_feasible
b2_scip,h80x6320d__C:NOC__s3.json.gz,checked_feasible
b2_scip,h80x6320d__C:NOC__s4.json.gz,checked_feasible
b2_scip,h80x6320d__C:PSC>D@25__s0.json.gz,checked_feasible
b2_scip,h80x6320d__C:PSC>D@25__s1.json.gz,checked_feasible
b2_scip,h80x6320d__C:PSC__s0.json.gz,checked_feasible
b2_scip,h80x6320d__C:PSC__s1.json.gz,checked_feasible
b2_scip,h80x6320d__C:PSC__s2.json.gz,checked_feasible
b2_scip,h80x6320d__C:PSC__s3.json.gz,checked_feasible
b2_scip,h80x6320d__C:PSC__s4.json.gz,checked_feasible
b2_scip,hypothyroid-k1__C:D+RST@25__s0.json.gz,checked_feasible
b2_scip,hypothyroid-k1__C:D+RST@25__s1.json.gz,checked_feasible
b2_scip,hypothyroid-k1__C:D+RST@stall20__s0.json.gz,checked_feasible
b2_scip,hypothyroid-k1__C:D+RST@stall20__s1.json.gz,checked_feasible
b2_scip,hypothyroid-k1__C:D>PSC@25__s0.json.gz,checked_feasible
b2_scip,hypothyroid-k1__C:D>PSC@25__s1.json.gz,checked_feasible
b2_scip,hypothyroid-k1__C:D__s0.json.gz,checked_feasible
b2_scip,hypothyroid-k1__C:D__s1.json.gz,checked_feasible
b2_scip,hypothyroid-k1__C:HEU>HOFF@25__s0.json.gz,checked_feasible
b2_scip,hypothyroid-k1__C:HEU>HOFF@25__s1.json.gz,checked_feasible
b2_scip,hypothyroid-k1__C:HEU__s0.json.gz,checked_feasible
b2_scip,hypothyroid-k1__C:HEU__s1.json.gz,checked_feasible
b2_scip,hypothyroid-k1__C:HOFF>HEU@stall20__s0.json.gz,checked_feasible
b2_scip,hypothyroid-k1__C:HOFF>HEU@stall20__s1.json.gz,checked_feasible
b2_scip,hypothyroid-k1__C:HOFF__s0.json.gz,checked_feasible
b2_scip,hypothyroid-k1__C:HOFF__s1.json.gz,checked_feasible
b2_scip,hypothyroid-k1__C:INF__s0.json.gz,checked_feasible
b2_scip,hypothyroid-k1__C:INF__s1.json.gz,checked_feasible
b2_scip,hypothyroid-k1__C:NOC__s0.json.gz,checked_feasible
b2_scip,hypothyroid-k1__C:NOC__s1.json.gz,checked_feasible
b2_scip,hypothyroid-k1__C:PSC>D@25__s0.json.gz,checked_feasible
b2_scip,hypothyroid-k1__C:PSC>D@25__s1.json.gz,checked_feasible
b2_scip,hypothyroid-k1__C:PSC__s0.json.gz,checked_feasible
b2_scip,hypothyroid-k1__C:PSC__s1.json.gz,checked_feasible
b2_scip,ic97_potential__C:D+RST@25__s0.json.gz,checked_feasible
b2_scip,ic97_potential__C:D+RST@25__s1.json.gz,checked_feasible
b2_scip,ic97_potential__C:D+RST@stall20__s0.json.gz,checked_feasible
b2_scip,ic97_potential__C:D+RST@stall20__s1.json.gz,checked_feasible
b2_scip,ic97_potential__C:D>PSC@25__s0.json.gz,checked_feasible
b2_scip,ic97_potential__C:D>PSC@25__s1.json.gz,checked_feasible
b2_scip,ic97_potential__C:D__s0.json.gz,checked_feasible
b2_scip,ic97_potential__C:D__s1.json.gz,checked_feasible
b2_scip,ic97_potential__C:HEU>HOFF@25__s0.json.gz,checked_feasible
b2_scip,ic97_potential__C:HEU>HOFF@25__s1.json.gz,checked_feasible
b2_scip,ic97_potential__C:HEU__s0.json.gz,checked_feasible
b2_scip,ic97_potential__C:HEU__s1.json.gz,checked_feasible
b2_scip,ic97_potential__C:HOFF>HEU@stall20__s0.json.gz,checked_feasible
b2_scip,ic97_potential__C:HOFF>HEU@stall20__s1.json.gz,checked_feasible
b2_scip,ic97_potential__C:HOFF__s0.json.gz,checked_feasible
b2_scip,ic97_potential__C:HOFF__s1.json.gz,checked_feasible
b2_scip,ic97_potential__C:INF__s0.json.gz,checked_feasible
b2_scip,ic97_potential__C:INF__s1.json.gz,checked_feasible
b2_scip,ic97_potential__C:NOC__s0.json.gz,checked_feasible
b2_scip,ic97_potential__C:NOC__s1.json.gz,checked_feasible
b2_scip,ic97_potential__C:PSC>D@25__s0.json.gz,checked_feasible
b2_scip,ic97_potential__C:PSC>D@25__s1.json.gz,checked_feasible
b2_scip,ic97_potential__C:PSC__s0.json.gz,checked_feasible
b2_scip,ic97_potential__C:PSC__s1.json.gz,checked_feasible
b2_scip,istanbul-no-cutoff__C:D+RST@25__s0.json.gz,checked_feasible
b2_scip,istanbul-no-cutoff__C:D+RST@25__s1.json.gz,checked_feasible
b2_scip,istanbul-no-cutoff__C:D+RST@stall20__s0.json.gz,checked_feasible
b2_scip,istanbul-no-cutoff__C:D+RST@stall20__s1.json.gz,checked_feasible
b2_scip,istanbul-no-cutoff__C:D>PSC@25__s0.json.gz,checked_feasible
b2_scip,istanbul-no-cutoff__C:D>PSC@25__s1.json.gz,checked_feasible
b2_scip,istanbul-no-cutoff__C:D__s0.json.gz,checked_feasible
b2_scip,istanbul-no-cutoff__C:D__s1.json.gz,checked_feasible
b2_scip,istanbul-no-cutoff__C:D__s2.json.gz,checked_feasible
b2_scip,istanbul-no-cutoff__C:D__s3.json.gz,checked_feasible
b2_scip,istanbul-no-cutoff__C:D__s4.json.gz,checked_feasible
b2_scip,istanbul-no-cutoff__C:HEU>HOFF@25__s0.json.gz,checked_feasible
b2_scip,istanbul-no-cutoff__C:HEU>HOFF@25__s1.json.gz,checked_feasible
b2_scip,istanbul-no-cutoff__C:HEU__s0.json.gz,checked_feasible
b2_scip,istanbul-no-cutoff__C:HEU__s1.json.gz,checked_feasible
b2_scip,istanbul-no-cutoff__C:HEU__s2.json.gz,checked_feasible
b2_scip,istanbul-no-cutoff__C:HEU__s3.json.gz,checked_feasible
b2_scip,istanbul-no-cutoff__C:HEU__s4.json.gz,checked_feasible
b2_scip,istanbul-no-cutoff__C:HOFF>HEU@stall20__s0.json.gz,checked_feasible
b2_scip,istanbul-no-cutoff__C:HOFF>HEU@stall20__s1.json.gz,checked_feasible
b2_scip,istanbul-no-cutoff__C:HOFF__s0.json.gz,checked_feasible
b2_scip,istanbul-no-cutoff__C:HOFF__s1.json.gz,checked_feasible
b2_scip,istanbul-no-cutoff__C:HOFF__s2.json.gz,checked_feasible
b2_scip,istanbul-no-cutoff__C:HOFF__s3.json.gz,checked_feasible
b2_scip,istanbul-no-cutoff__C:HOFF__s4.json.gz,checked_feasible
b2_scip,istanbul-no-cutoff__C:INF__s0.json.gz,checked_feasible
b2_scip,istanbul-no-cutoff__C:INF__s1.json.gz,checked_feasible
b2_scip,istanbul-no-cutoff__C:INF__s2.json.gz,checked_feasible
b2_scip,istanbul-no-cutoff__C:INF__s3.json.gz,checked_feasible
b2_scip,istanbul-no-cutoff__C:INF__s4.json.gz,checked_feasible
b2_scip,istanbul-no-cutoff__C:NOC__s0.json.gz,checked_feasible
b2_scip,istanbul-no-cutoff__C:NOC__s1.json.gz,checked_feasible
b2_scip,istanbul-no-cutoff__C:NOC__s2.json.gz,checked_feasible
b2_scip,istanbul-no-cutoff__C:NOC__s3.json.gz,checked_feasible
b2_scip,istanbul-no-cutoff__C:NOC__s4.json.gz,checked_feasible
b2_scip,istanbul-no-cutoff__C:PSC>D@25__s0.json.gz,checked_feasible
b2_scip,istanbul-no-cutoff__C:PSC>D@25__s1.json.gz,checked_feasible
b2_scip,istanbul-no-cutoff__C:PSC__s0.json.gz,checked_feasible
b2_scip,istanbul-no-cutoff__C:PSC__s1.json.gz,checked_feasible
b2_scip,istanbul-no-cutoff__C:PSC__s2.json.gz,checked_feasible
b2_scip,istanbul-no-cutoff__C:PSC__s3.json.gz,checked_feasible
b2_scip,istanbul-no-cutoff__C:PSC__s4.json.gz,checked_feasible
b2_scip,neos-1445765__C:D+RST@25__s0.json.gz,checked_feasible
b2_scip,neos-1445765__C:D+RST@25__s1.json.gz,checked_feasible
b2_scip,neos-1445765__C:D+RST@stall20__s0.json.gz,checked_feasible
b2_scip,neos-1445765__C:D+RST@stall20__s1.json.gz,checked_feasible
b2_scip,neos-1445765__C:D>PSC@25__s0.json.gz,checked_feasible
b2_scip,neos-1445765__C:D>PSC@25__s1.json.gz,checked_feasible
b2_scip,neos-1445765__C:D__s0.json.gz,checked_feasible
b2_scip,neos-1445765__C:D__s1.json.gz,checked_feasible
b2_scip,neos-1445765__C:D__s2.json.gz,checked_feasible
b2_scip,neos-1445765__C:D__s3.json.gz,checked_feasible
b2_scip,neos-1445765__C:D__s4.json.gz,checked_feasible
b2_scip,neos-1445765__C:HEU>HOFF@25__s0.json.gz,checked_feasible
b2_scip,neos-1445765__C:HEU>HOFF@25__s1.json.gz,checked_feasible
b2_scip,neos-1445765__C:HEU__s0.json.gz,checked_feasible
b2_scip,neos-1445765__C:HEU__s1.json.gz,checked_feasible
b2_scip,neos-1445765__C:HEU__s2.json.gz,checked_feasible
b2_scip,neos-1445765__C:HEU__s3.json.gz,checked_feasible
b2_scip,neos-1445765__C:HEU__s4.json.gz,checked_feasible
b2_scip,neos-1445765__C:HOFF>HEU@stall20__s0.json.gz,checked_feasible
b2_scip,neos-1445765__C:HOFF>HEU@stall20__s1.json.gz,checked_feasible
b2_scip,neos-1445765__C:HOFF__s0.json.gz,checked_feasible
b2_scip,neos-1445765__C:HOFF__s1.json.gz,checked_feasible
b2_scip,neos-1445765__C:HOFF__s2.json.gz,checked_feasible
b2_scip,neos-1445765__C:HOFF__s3.json.gz,checked_feasible
b2_scip,neos-1445765__C:HOFF__s4.json.gz,checked_feasible
b2_scip,neos-1445765__C:INF__s0.json.gz,checked_feasible
b2_scip,neos-1445765__C:INF__s1.json.gz,checked_feasible
b2_scip,neos-1445765__C:INF__s2.json.gz,checked_feasible
b2_scip,neos-1445765__C:INF__s3.json.gz,checked_feasible
b2_scip,neos-1445765__C:INF__s4.json.gz,checked_feasible
b2_scip,neos-1445765__C:NOC__s0.json.gz,checked_feasible
b2_scip,neos-1445765__C:NOC__s1.json.gz,checked_feasible
b2_scip,neos-1445765__C:NOC__s2.json.gz,checked_feasible
b2_scip,neos-1445765__C:NOC__s3.json.gz,checked_feasible
b2_scip,neos-1445765__C:NOC__s4.json.gz,checked_feasible
b2_scip,neos-1445765__C:PSC>D@25__s0.json.gz,checked_feasible
b2_scip,neos-1445765__C:PSC>D@25__s1.json.gz,checked_feasible
b2_scip,neos-1445765__C:PSC__s0.json.gz,checked_feasible
b2_scip,neos-1445765__C:PSC__s1.json.gz,checked_feasible
b2_scip,neos-1445765__C:PSC__s2.json.gz,checked_feasible
b2_scip,neos-1445765__C:PSC__s3.json.gz,checked_feasible
b2_scip,neos-1445765__C:PSC__s4.json.gz,checked_feasible
b2_scip,neos-1456979__C:D+RST@25__s0.json.gz,checked_feasible
b2_scip,neos-1456979__C:D+RST@25__s1.json.gz,checked_feasible
b2_scip,neos-1456979__C:D+RST@stall20__s0.json.gz,checked_feasible
b2_scip,neos-1456979__C:D+RST@stall20__s1.json.gz,checked_feasible
b2_scip,neos-1456979__C:D>PSC@25__s0.json.gz,checked_feasible
b2_scip,neos-1456979__C:D>PSC@25__s1.json.gz,checked_feasible
b2_scip,neos-1456979__C:D__s0.json.gz,checked_feasible
b2_scip,neos-1456979__C:D__s1.json.gz,checked_feasible
b2_scip,neos-1456979__C:D__s2.json.gz,checked_feasible
b2_scip,neos-1456979__C:D__s3.json.gz,checked_feasible
b2_scip,neos-1456979__C:D__s4.json.gz,checked_feasible
b2_scip,neos-1456979__C:HEU>HOFF@25__s0.json.gz,checked_feasible
b2_scip,neos-1456979__C:HEU>HOFF@25__s1.json.gz,checked_feasible
b2_scip,neos-1456979__C:HEU__s0.json.gz,checked_feasible
b2_scip,neos-1456979__C:HEU__s1.json.gz,checked_feasible
b2_scip,neos-1456979__C:HEU__s2.json.gz,checked_feasible
b2_scip,neos-1456979__C:HEU__s3.json.gz,checked_feasible
b2_scip,neos-1456979__C:HEU__s4.json.gz,checked_feasible
b2_scip,neos-1456979__C:HOFF>HEU@stall20__s0.json.gz,checked_feasible
b2_scip,neos-1456979__C:HOFF>HEU@stall20__s1.json.gz,checked_feasible
b2_scip,neos-1456979__C:HOFF__s0.json.gz,checked_feasible
b2_scip,neos-1456979__C:HOFF__s1.json.gz,checked_feasible
b2_scip,neos-1456979__C:HOFF__s2.json.gz,checked_feasible
b2_scip,neos-1456979__C:HOFF__s3.json.gz,checked_feasible
b2_scip,neos-1456979__C:HOFF__s4.json.gz,checked_feasible
b2_scip,neos-1456979__C:INF__s0.json.gz,checked_feasible
b2_scip,neos-1456979__C:INF__s1.json.gz,checked_feasible
b2_scip,neos-1456979__C:INF__s2.json.gz,checked_feasible
b2_scip,neos-1456979__C:INF__s3.json.gz,checked_feasible
b2_scip,neos-1456979__C:INF__s4.json.gz,checked_feasible
b2_scip,neos-1456979__C:NOC__s0.json.gz,checked_feasible
b2_scip,neos-1456979__C:NOC__s2.json.gz,checked_feasible
b2_scip,neos-1456979__C:NOC__s3.json.gz,checked_feasible
b2_scip,neos-1456979__C:NOC__s4.json.gz,checked_feasible
b2_scip,neos-1456979__C:PSC>D@25__s0.json.gz,checked_feasible
b2_scip,neos-1456979__C:PSC>D@25__s1.json.gz,checked_feasible
b2_scip,neos-1456979__C:PSC__s0.json.gz,checked_feasible
b2_scip,neos-1456979__C:PSC__s1.json.gz,checked_feasible
b2_scip,neos-1456979__C:PSC__s2.json.gz,checked_feasible
b2_scip,neos-1456979__C:PSC__s3.json.gz,checked_feasible
b2_scip,neos-1456979__C:PSC__s4.json.gz,checked_feasible
b2_scip,neos-3046615-murg__C:D+RST@25__s0.json.gz,checked_feasible
b2_scip,neos-3046615-murg__C:D+RST@25__s1.json.gz,checked_feasible
b2_scip,neos-3046615-murg__C:D+RST@stall20__s0.json.gz,checked_feasible
b2_scip,neos-3046615-murg__C:D+RST@stall20__s1.json.gz,checked_feasible
b2_scip,neos-3046615-murg__C:D>PSC@25__s0.json.gz,checked_feasible
b2_scip,neos-3046615-murg__C:D>PSC@25__s1.json.gz,checked_feasible
b2_scip,neos-3046615-murg__C:D__s0.json.gz,checked_feasible
b2_scip,neos-3046615-murg__C:D__s1.json.gz,checked_feasible
b2_scip,neos-3046615-murg__C:HEU>HOFF@25__s0.json.gz,checked_infeasible
b2_scip,neos-3046615-murg__C:HEU>HOFF@25__s1.json.gz,checked_infeasible
b2_scip,neos-3046615-murg__C:HEU__s0.json.gz,checked_infeasible
b2_scip,neos-3046615-murg__C:HEU__s1.json.gz,checked_infeasible
b2_scip,neos-3046615-murg__C:HOFF>HEU@stall20__s0.json.gz,checked_feasible
b2_scip,neos-3046615-murg__C:HOFF>HEU@stall20__s1.json.gz,checked_feasible
b2_scip,neos-3046615-murg__C:HOFF__s0.json.gz,checked_feasible
b2_scip,neos-3046615-murg__C:HOFF__s1.json.gz,checked_feasible
b2_scip,neos-3046615-murg__C:INF__s0.json.gz,checked_feasible
b2_scip,neos-3046615-murg__C:INF__s1.json.gz,checked_feasible
b2_scip,neos-3046615-murg__C:NOC__s0.json.gz,checked_feasible
b2_scip,neos-3046615-murg__C:NOC__s1.json.gz,checked_feasible
b2_scip,neos-3046615-murg__C:PSC>D@25__s0.json.gz,checked_feasible
b2_scip,neos-3046615-murg__C:PSC>D@25__s1.json.gz,checked_feasible
b2_scip,neos-3046615-murg__C:PSC__s0.json.gz,checked_feasible
b2_scip,neos-3046615-murg__C:PSC__s1.json.gz,checked_feasible
b2_scip,neos-4722843-widden__C:D+RST@25__s0.json.gz,checked_feasible
b2_scip,neos-4722843-widden__C:D+RST@25__s1.json.gz,checked_feasible
b2_scip,neos-4722843-widden__C:D+RST@stall20__s0.json.gz,checked_feasible
b2_scip,neos-4722843-widden__C:D+RST@stall20__s1.json.gz,checked_feasible
b2_scip,neos-4722843-widden__C:D>PSC@25__s0.json.gz,checked_feasible
b2_scip,neos-4722843-widden__C:D>PSC@25__s1.json.gz,checked_feasible
b2_scip,neos-4722843-widden__C:D__s0.json.gz,checked_feasible
b2_scip,neos-4722843-widden__C:D__s1.json.gz,checked_feasible
b2_scip,neos-4722843-widden__C:D__s2.json.gz,checked_feasible
b2_scip,neos-4722843-widden__C:D__s3.json.gz,checked_feasible
b2_scip,neos-4722843-widden__C:D__s4.json.gz,checked_feasible
b2_scip,neos-4722843-widden__C:HEU>HOFF@25__s0.json.gz,checked_feasible
b2_scip,neos-4722843-widden__C:HEU>HOFF@25__s1.json.gz,checked_feasible
b2_scip,neos-4722843-widden__C:HEU__s0.json.gz,checked_feasible
b2_scip,neos-4722843-widden__C:HEU__s1.json.gz,checked_feasible
b2_scip,neos-4722843-widden__C:HEU__s2.json.gz,checked_feasible
b2_scip,neos-4722843-widden__C:HEU__s3.json.gz,checked_feasible
b2_scip,neos-4722843-widden__C:HEU__s4.json.gz,checked_feasible
b2_scip,neos-4722843-widden__C:INF__s0.json.gz,checked_feasible
b2_scip,neos-4722843-widden__C:INF__s1.json.gz,checked_feasible
b2_scip,neos-4722843-widden__C:INF__s2.json.gz,checked_feasible
b2_scip,neos-4722843-widden__C:INF__s3.json.gz,checked_feasible
b2_scip,neos-4722843-widden__C:INF__s4.json.gz,checked_feasible
b2_scip,neos-4722843-widden__C:NOC__s0.json.gz,checked_feasible
b2_scip,neos-4722843-widden__C:NOC__s1.json.gz,checked_feasible
b2_scip,neos-4722843-widden__C:NOC__s2.json.gz,checked_feasible
b2_scip,neos-4722843-widden__C:NOC__s3.json.gz,checked_feasible
b2_scip,neos-4722843-widden__C:NOC__s4.json.gz,checked_feasible
b2_scip,neos-4722843-widden__C:PSC>D@25__s0.json.gz,checked_feasible
b2_scip,neos-4722843-widden__C:PSC>D@25__s1.json.gz,checked_feasible
b2_scip,neos-4722843-widden__C:PSC__s0.json.gz,checked_feasible
b2_scip,neos-4722843-widden__C:PSC__s1.json.gz,checked_feasible
b2_scip,neos-4722843-widden__C:PSC__s2.json.gz,checked_feasible
b2_scip,neos-4722843-widden__C:PSC__s3.json.gz,checked_feasible
b2_scip,neos-4722843-widden__C:PSC__s4.json.gz,checked_feasible
b2_scip,neos-860300__C:D+RST@25__s0.json.gz,checked_feasible
b2_scip,neos-860300__C:D+RST@25__s1.json.gz,checked_feasible
b2_scip,neos-860300__C:D+RST@stall20__s0.json.gz,checked_feasible
b2_scip,neos-860300__C:D+RST@stall20__s1.json.gz,checked_feasible
b2_scip,neos-860300__C:D>PSC@25__s0.json.gz,checked_feasible
b2_scip,neos-860300__C:D>PSC@25__s1.json.gz,checked_feasible
b2_scip,neos-860300__C:D__s0.json.gz,checked_feasible
b2_scip,neos-860300__C:D__s1.json.gz,checked_feasible
b2_scip,neos-860300__C:D__s2.json.gz,checked_feasible
b2_scip,neos-860300__C:D__s3.json.gz,checked_feasible
b2_scip,neos-860300__C:D__s4.json.gz,checked_feasible
b2_scip,neos-860300__C:HEU>HOFF@25__s0.json.gz,checked_feasible
b2_scip,neos-860300__C:HEU>HOFF@25__s1.json.gz,checked_feasible
b2_scip,neos-860300__C:HEU__s0.json.gz,checked_feasible
b2_scip,neos-860300__C:HEU__s1.json.gz,checked_feasible
b2_scip,neos-860300__C:HEU__s2.json.gz,checked_feasible
b2_scip,neos-860300__C:HEU__s3.json.gz,checked_feasible
b2_scip,neos-860300__C:HEU__s4.json.gz,checked_feasible
b2_scip,neos-860300__C:HOFF>HEU@stall20__s0.json.gz,checked_feasible
b2_scip,neos-860300__C:HOFF>HEU@stall20__s1.json.gz,checked_feasible
b2_scip,neos-860300__C:HOFF__s0.json.gz,checked_feasible
b2_scip,neos-860300__C:HOFF__s1.json.gz,checked_feasible
b2_scip,neos-860300__C:HOFF__s2.json.gz,checked_feasible
b2_scip,neos-860300__C:HOFF__s3.json.gz,checked_feasible
b2_scip,neos-860300__C:HOFF__s4.json.gz,checked_feasible
b2_scip,neos-860300__C:INF__s0.json.gz,checked_feasible
b2_scip,neos-860300__C:INF__s1.json.gz,checked_feasible
b2_scip,neos-860300__C:INF__s2.json.gz,checked_feasible
b2_scip,neos-860300__C:INF__s3.json.gz,checked_feasible
b2_scip,neos-860300__C:INF__s4.json.gz,checked_feasible
b2_scip,neos-860300__C:NOC__s0.json.gz,checked_feasible
b2_scip,neos-860300__C:NOC__s1.json.gz,checked_feasible
b2_scip,neos-860300__C:NOC__s2.json.gz,checked_feasible
b2_scip,neos-860300__C:NOC__s3.json.gz,checked_feasible
b2_scip,neos-860300__C:NOC__s4.json.gz,checked_feasible
b2_scip,neos-860300__C:PSC>D@25__s0.json.gz,checked_feasible
b2_scip,neos-860300__C:PSC>D@25__s1.json.gz,checked_feasible
b2_scip,neos-860300__C:PSC__s0.json.gz,checked_feasible
b2_scip,neos-860300__C:PSC__s1.json.gz,checked_feasible
b2_scip,neos-860300__C:PSC__s2.json.gz,checked_feasible
b2_scip,neos-860300__C:PSC__s3.json.gz,checked_feasible
b2_scip,neos-860300__C:PSC__s4.json.gz,checked_feasible
b2_scip,neos-873061__C:D+RST@25__s0.json.gz,checked_feasible
b2_scip,neos-873061__C:D+RST@25__s1.json.gz,checked_feasible
b2_scip,neos-873061__C:D+RST@stall20__s0.json.gz,checked_feasible
b2_scip,neos-873061__C:D+RST@stall20__s1.json.gz,checked_feasible
b2_scip,neos-873061__C:D>PSC@25__s0.json.gz,checked_feasible
b2_scip,neos-873061__C:D>PSC@25__s1.json.gz,checked_feasible
b2_scip,neos-873061__C:D__s0.json.gz,checked_feasible
b2_scip,neos-873061__C:D__s1.json.gz,checked_feasible
b2_scip,neos-873061__C:D__s2.json.gz,checked_feasible
b2_scip,neos-873061__C:D__s3.json.gz,checked_feasible
b2_scip,neos-873061__C:D__s4.json.gz,checked_feasible
b2_scip,neos-873061__C:HEU>HOFF@25__s0.json.gz,checked_feasible
b2_scip,neos-873061__C:HEU>HOFF@25__s1.json.gz,checked_feasible
b2_scip,neos-873061__C:HEU__s0.json.gz,checked_feasible
b2_scip,neos-873061__C:HEU__s1.json.gz,checked_feasible
b2_scip,neos-873061__C:HEU__s2.json.gz,checked_feasible
b2_scip,neos-873061__C:HEU__s3.json.gz,checked_feasible
b2_scip,neos-873061__C:HEU__s4.json.gz,checked_feasible
b2_scip,neos-873061__C:INF__s0.json.gz,checked_feasible
b2_scip,neos-873061__C:INF__s1.json.gz,checked_feasible
b2_scip,neos-873061__C:INF__s2.json.gz,checked_feasible
b2_scip,neos-873061__C:INF__s3.json.gz,checked_feasible
b2_scip,neos-873061__C:INF__s4.json.gz,checked_feasible
b2_scip,neos-873061__C:NOC__s0.json.gz,checked_feasible
b2_scip,neos-873061__C:NOC__s1.json.gz,checked_feasible
b2_scip,neos-873061__C:NOC__s2.json.gz,checked_feasible
b2_scip,neos-873061__C:NOC__s3.json.gz,checked_feasible
b2_scip,neos-873061__C:NOC__s4.json.gz,checked_feasible
b2_scip,neos-873061__C:PSC>D@25__s0.json.gz,checked_feasible
b2_scip,neos-873061__C:PSC>D@25__s1.json.gz,checked_feasible
b2_scip,neos-873061__C:PSC__s0.json.gz,checked_feasible
b2_scip,neos-873061__C:PSC__s1.json.gz,checked_feasible
b2_scip,neos-873061__C:PSC__s2.json.gz,checked_feasible
b2_scip,neos-873061__C:PSC__s3.json.gz,checked_feasible
b2_scip,neos-873061__C:PSC__s4.json.gz,checked_feasible
b2_scip,neos17__C:D+RST@25__s0.json.gz,checked_feasible
b2_scip,neos17__C:D+RST@25__s1.json.gz,checked_feasible
b2_scip,neos17__C:D+RST@stall20__s0.json.gz,checked_feasible
b2_scip,neos17__C:D+RST@stall20__s1.json.gz,checked_feasible
b2_scip,neos17__C:D>PSC@25__s0.json.gz,checked_feasible
b2_scip,neos17__C:D>PSC@25__s1.json.gz,checked_feasible
b2_scip,neos17__C:D__s0.json.gz,checked_feasible
b2_scip,neos17__C:D__s1.json.gz,checked_feasible
b2_scip,neos17__C:D__s2.json.gz,checked_feasible
b2_scip,neos17__C:D__s3.json.gz,checked_feasible
b2_scip,neos17__C:D__s4.json.gz,checked_feasible
b2_scip,neos17__C:HEU>HOFF@25__s0.json.gz,checked_feasible
b2_scip,neos17__C:HEU>HOFF@25__s1.json.gz,checked_feasible
b2_scip,neos17__C:HEU__s0.json.gz,checked_feasible
b2_scip,neos17__C:HEU__s1.json.gz,checked_feasible
b2_scip,neos17__C:HEU__s2.json.gz,checked_feasible
b2_scip,neos17__C:HEU__s3.json.gz,checked_feasible
b2_scip,neos17__C:HEU__s4.json.gz,checked_feasible
b2_scip,neos17__C:HOFF>HEU@stall20__s0.json.gz,checked_feasible
b2_scip,neos17__C:HOFF>HEU@stall20__s1.json.gz,checked_feasible
b2_scip,neos17__C:HOFF__s0.json.gz,checked_feasible
b2_scip,neos17__C:HOFF__s1.json.gz,checked_feasible
b2_scip,neos17__C:HOFF__s2.json.gz,checked_feasible
b2_scip,neos17__C:HOFF__s3.json.gz,checked_feasible
b2_scip,neos17__C:HOFF__s4.json.gz,checked_feasible
b2_scip,neos17__C:INF__s0.json.gz,checked_feasible
b2_scip,neos17__C:INF__s1.json.gz,checked_feasible
b2_scip,neos17__C:INF__s2.json.gz,checked_feasible
b2_scip,neos17__C:INF__s3.json.gz,checked_feasible
b2_scip,neos17__C:INF__s4.json.gz,checked_feasible
b2_scip,neos17__C:NOC__s0.json.gz,checked_feasible
b2_scip,neos17__C:NOC__s1.json.gz,checked_feasible
b2_scip,neos17__C:NOC__s2.json.gz,checked_feasible
b2_scip,neos17__C:NOC__s3.json.gz,checked_feasible
b2_scip,neos17__C:NOC__s4.json.gz,checked_feasible
b2_scip,neos17__C:PSC>D@25__s0.json.gz,checked_feasible
b2_scip,neos17__C:PSC>D@25__s1.json.gz,checked_feasible
b2_scip,neos17__C:PSC__s0.json.gz,checked_feasible
b2_scip,neos17__C:PSC__s1.json.gz,checked_feasible
b2_scip,neos17__C:PSC__s2.json.gz,checked_feasible
b2_scip,neos17__C:PSC__s3.json.gz,checked_feasible
b2_scip,neos17__C:PSC__s4.json.gz,checked_feasible
b2_scip,neos5__C:D+RST@25__s0.json.gz,checked_feasible
b2_scip,neos5__C:D+RST@25__s1.json.gz,checked_feasible
b2_scip,neos5__C:D+RST@stall20__s0.json.gz,checked_feasible
b2_scip,neos5__C:D+RST@stall20__s1.json.gz,checked_feasible
b2_scip,neos5__C:D>PSC@25__s0.json.gz,checked_feasible
b2_scip,neos5__C:D>PSC@25__s1.json.gz,checked_feasible
b2_scip,neos5__C:D__s0.json.gz,checked_feasible
b2_scip,neos5__C:D__s1.json.gz,checked_feasible
b2_scip,neos5__C:HEU>HOFF@25__s0.json.gz,checked_feasible
b2_scip,neos5__C:HEU>HOFF@25__s1.json.gz,checked_feasible
b2_scip,neos5__C:HEU__s0.json.gz,checked_feasible
b2_scip,neos5__C:HEU__s1.json.gz,checked_feasible
b2_scip,neos5__C:HOFF>HEU@stall20__s0.json.gz,checked_feasible
b2_scip,neos5__C:HOFF>HEU@stall20__s1.json.gz,checked_feasible
b2_scip,neos5__C:HOFF__s0.json.gz,checked_feasible
b2_scip,neos5__C:HOFF__s1.json.gz,checked_feasible
b2_scip,neos5__C:INF__s0.json.gz,checked_feasible
b2_scip,neos5__C:INF__s1.json.gz,checked_feasible
b2_scip,neos5__C:NOC__s0.json.gz,checked_feasible
b2_scip,neos5__C:NOC__s1.json.gz,checked_feasible
b2_scip,neos5__C:PSC>D@25__s0.json.gz,checked_feasible
b2_scip,neos5__C:PSC>D@25__s1.json.gz,checked_feasible
b2_scip,neos5__C:PSC__s0.json.gz,checked_feasible
b2_scip,neos5__C:PSC__s1.json.gz,checked_feasible
b2_scip,opm2-z10-s4__C:D+RST@25__s0.json.gz,checked_feasible
b2_scip,opm2-z10-s4__C:D+RST@25__s1.json.gz,checked_feasible
b2_scip,opm2-z10-s4__C:D+RST@stall20__s0.json.gz,checked_feasible
b2_scip,opm2-z10-s4__C:D+RST@stall20__s1.json.gz,checked_feasible
b2_scip,opm2-z10-s4__C:D>PSC@25__s0.json.gz,checked_feasible
b2_scip,opm2-z10-s4__C:D>PSC@25__s1.json.gz,checked_feasible
b2_scip,opm2-z10-s4__C:D__s0.json.gz,checked_feasible
b2_scip,opm2-z10-s4__C:D__s1.json.gz,checked_feasible
b2_scip,opm2-z10-s4__C:D__s2.json.gz,checked_feasible
b2_scip,opm2-z10-s4__C:D__s3.json.gz,checked_feasible
b2_scip,opm2-z10-s4__C:D__s4.json.gz,checked_feasible
b2_scip,opm2-z10-s4__C:HEU>HOFF@25__s0.json.gz,checked_feasible
b2_scip,opm2-z10-s4__C:HEU>HOFF@25__s1.json.gz,checked_feasible
b2_scip,opm2-z10-s4__C:HEU__s0.json.gz,checked_feasible
b2_scip,opm2-z10-s4__C:HEU__s1.json.gz,checked_feasible
b2_scip,opm2-z10-s4__C:HEU__s2.json.gz,checked_feasible
b2_scip,opm2-z10-s4__C:HEU__s3.json.gz,checked_feasible
b2_scip,opm2-z10-s4__C:HEU__s4.json.gz,checked_feasible
b2_scip,opm2-z10-s4__C:INF__s0.json.gz,checked_feasible
b2_scip,opm2-z10-s4__C:INF__s1.json.gz,checked_feasible
b2_scip,opm2-z10-s4__C:INF__s2.json.gz,checked_feasible
b2_scip,opm2-z10-s4__C:INF__s3.json.gz,checked_feasible
b2_scip,opm2-z10-s4__C:INF__s4.json.gz,checked_feasible
b2_scip,opm2-z10-s4__C:NOC__s0.json.gz,checked_feasible
b2_scip,opm2-z10-s4__C:NOC__s1.json.gz,checked_feasible
b2_scip,opm2-z10-s4__C:NOC__s2.json.gz,checked_feasible
b2_scip,opm2-z10-s4__C:NOC__s3.json.gz,checked_feasible
b2_scip,opm2-z10-s4__C:NOC__s4.json.gz,checked_feasible
b2_scip,opm2-z10-s4__C:PSC>D@25__s0.json.gz,checked_feasible
b2_scip,opm2-z10-s4__C:PSC>D@25__s1.json.gz,checked_feasible
b2_scip,opm2-z10-s4__C:PSC__s0.json.gz,checked_feasible
b2_scip,opm2-z10-s4__C:PSC__s1.json.gz,checked_feasible
b2_scip,opm2-z10-s4__C:PSC__s2.json.gz,checked_feasible
b2_scip,opm2-z10-s4__C:PSC__s3.json.gz,checked_feasible
b2_scip,opm2-z10-s4__C:PSC__s4.json.gz,checked_feasible
b2_scip,piperout-27__C:D+RST@25__s0.json.gz,checked_feasible
b2_scip,piperout-27__C:D+RST@25__s1.json.gz,checked_feasible
b2_scip,piperout-27__C:D+RST@stall20__s0.json.gz,checked_feasible
b2_scip,piperout-27__C:D+RST@stall20__s1.json.gz,checked_feasible
b2_scip,piperout-27__C:D>PSC@25__s0.json.gz,checked_feasible
b2_scip,piperout-27__C:D>PSC@25__s1.json.gz,checked_feasible
b2_scip,piperout-27__C:D__s0.json.gz,checked_feasible
b2_scip,piperout-27__C:D__s1.json.gz,checked_feasible
b2_scip,piperout-27__C:D__s2.json.gz,checked_feasible
b2_scip,piperout-27__C:D__s3.json.gz,checked_feasible
b2_scip,piperout-27__C:D__s4.json.gz,checked_feasible
b2_scip,piperout-27__C:HEU>HOFF@25__s0.json.gz,checked_feasible
b2_scip,piperout-27__C:HEU>HOFF@25__s1.json.gz,checked_feasible
b2_scip,piperout-27__C:HEU__s0.json.gz,checked_feasible
b2_scip,piperout-27__C:HEU__s1.json.gz,checked_feasible
b2_scip,piperout-27__C:HEU__s2.json.gz,checked_feasible
b2_scip,piperout-27__C:HEU__s3.json.gz,checked_feasible
b2_scip,piperout-27__C:HEU__s4.json.gz,checked_feasible
b2_scip,piperout-27__C:HOFF>HEU@stall20__s0.json.gz,checked_feasible
b2_scip,piperout-27__C:HOFF>HEU@stall20__s1.json.gz,checked_feasible
b2_scip,piperout-27__C:HOFF__s0.json.gz,checked_feasible
b2_scip,piperout-27__C:HOFF__s1.json.gz,checked_feasible
b2_scip,piperout-27__C:HOFF__s2.json.gz,checked_feasible
b2_scip,piperout-27__C:HOFF__s3.json.gz,checked_feasible
b2_scip,piperout-27__C:HOFF__s4.json.gz,checked_feasible
b2_scip,piperout-27__C:INF__s0.json.gz,checked_feasible
b2_scip,piperout-27__C:INF__s1.json.gz,checked_feasible
b2_scip,piperout-27__C:INF__s2.json.gz,checked_feasible
b2_scip,piperout-27__C:INF__s3.json.gz,checked_feasible
b2_scip,piperout-27__C:INF__s4.json.gz,checked_feasible
b2_scip,piperout-27__C:NOC__s0.json.gz,checked_feasible
b2_scip,piperout-27__C:NOC__s1.json.gz,checked_feasible
b2_scip,piperout-27__C:NOC__s2.json.gz,checked_feasible
b2_scip,piperout-27__C:NOC__s3.json.gz,checked_feasible
b2_scip,piperout-27__C:NOC__s4.json.gz,checked_feasible
b2_scip,piperout-27__C:PSC>D@25__s0.json.gz,checked_feasible
b2_scip,piperout-27__C:PSC>D@25__s1.json.gz,checked_feasible
b2_scip,piperout-27__C:PSC__s0.json.gz,checked_feasible
b2_scip,piperout-27__C:PSC__s1.json.gz,checked_feasible
b2_scip,piperout-27__C:PSC__s2.json.gz,checked_feasible
b2_scip,piperout-27__C:PSC__s3.json.gz,checked_feasible
b2_scip,piperout-27__C:PSC__s4.json.gz,checked_feasible
b2_scip,pk1__C:D+RST@25__s0.json.gz,checked_feasible
b2_scip,pk1__C:D+RST@25__s1.json.gz,checked_feasible
b2_scip,pk1__C:D+RST@stall20__s0.json.gz,checked_feasible
b2_scip,pk1__C:D+RST@stall20__s1.json.gz,checked_feasible
b2_scip,pk1__C:D>PSC@25__s0.json.gz,checked_feasible
b2_scip,pk1__C:D>PSC@25__s1.json.gz,checked_feasible
b2_scip,pk1__C:D__s0.json.gz,checked_feasible
b2_scip,pk1__C:D__s1.json.gz,checked_feasible
b2_scip,pk1__C:HEU>HOFF@25__s0.json.gz,checked_feasible
b2_scip,pk1__C:HEU>HOFF@25__s1.json.gz,checked_feasible
b2_scip,pk1__C:HEU__s0.json.gz,checked_feasible
b2_scip,pk1__C:HEU__s1.json.gz,checked_feasible
b2_scip,pk1__C:HOFF>HEU@stall20__s0.json.gz,checked_feasible
b2_scip,pk1__C:HOFF>HEU@stall20__s1.json.gz,checked_feasible
b2_scip,pk1__C:HOFF__s0.json.gz,checked_feasible
b2_scip,pk1__C:HOFF__s1.json.gz,checked_feasible
b2_scip,pk1__C:INF__s0.json.gz,checked_feasible
b2_scip,pk1__C:INF__s1.json.gz,checked_feasible
b2_scip,pk1__C:NOC__s0.json.gz,checked_feasible
b2_scip,pk1__C:NOC__s1.json.gz,checked_feasible
b2_scip,pk1__C:PSC>D@25__s0.json.gz,checked_feasible
b2_scip,pk1__C:PSC>D@25__s1.json.gz,checked_feasible
b2_scip,pk1__C:PSC__s0.json.gz,checked_feasible
b2_scip,pk1__C:PSC__s1.json.gz,checked_feasible
b2_scip,rail507__C:D+RST@25__s0.json.gz,checked_feasible
b2_scip,rail507__C:D+RST@25__s1.json.gz,checked_feasible
b2_scip,rail507__C:D+RST@stall20__s0.json.gz,checked_feasible
b2_scip,rail507__C:D+RST@stall20__s1.json.gz,checked_feasible
b2_scip,rail507__C:D>PSC@25__s0.json.gz,checked_feasible
b2_scip,rail507__C:D>PSC@25__s1.json.gz,checked_feasible
b2_scip,rail507__C:D__s0.json.gz,checked_feasible
b2_scip,rail507__C:D__s1.json.gz,checked_feasible
b2_scip,rail507__C:HEU>HOFF@25__s0.json.gz,checked_feasible
b2_scip,rail507__C:HEU>HOFF@25__s1.json.gz,checked_feasible
b2_scip,rail507__C:HEU__s0.json.gz,checked_feasible
b2_scip,rail507__C:HEU__s1.json.gz,checked_feasible
b2_scip,rail507__C:HOFF>HEU@stall20__s0.json.gz,checked_feasible
b2_scip,rail507__C:HOFF>HEU@stall20__s1.json.gz,checked_feasible
b2_scip,rail507__C:HOFF__s0.json.gz,checked_feasible
b2_scip,rail507__C:HOFF__s1.json.gz,checked_feasible
b2_scip,rail507__C:INF__s0.json.gz,checked_feasible
b2_scip,rail507__C:INF__s1.json.gz,checked_feasible
b2_scip,rail507__C:NOC__s0.json.gz,checked_feasible
b2_scip,rail507__C:NOC__s1.json.gz,checked_feasible
b2_scip,rail507__C:PSC>D@25__s0.json.gz,checked_feasible
b2_scip,rail507__C:PSC>D@25__s1.json.gz,checked_feasible
b2_scip,rail507__C:PSC__s0.json.gz,checked_feasible
b2_scip,rail507__C:PSC__s1.json.gz,checked_feasible
b2_scip,roll3000__C:D+RST@25__s0.json.gz,checked_feasible
b2_scip,roll3000__C:D+RST@25__s1.json.gz,checked_feasible
b2_scip,roll3000__C:D+RST@stall20__s0.json.gz,checked_feasible
b2_scip,roll3000__C:D+RST@stall20__s1.json.gz,checked_feasible
b2_scip,roll3000__C:D>PSC@25__s0.json.gz,checked_feasible
b2_scip,roll3000__C:D>PSC@25__s1.json.gz,checked_feasible
b2_scip,roll3000__C:D__s0.json.gz,checked_feasible
b2_scip,roll3000__C:D__s1.json.gz,checked_feasible
b2_scip,roll3000__C:HEU>HOFF@25__s0.json.gz,checked_feasible
b2_scip,roll3000__C:HEU>HOFF@25__s1.json.gz,checked_feasible
b2_scip,roll3000__C:HEU__s0.json.gz,checked_feasible
b2_scip,roll3000__C:HEU__s1.json.gz,checked_feasible
b2_scip,roll3000__C:HOFF>HEU@stall20__s0.json.gz,checked_feasible
b2_scip,roll3000__C:HOFF>HEU@stall20__s1.json.gz,checked_feasible
b2_scip,roll3000__C:HOFF__s0.json.gz,checked_feasible
b2_scip,roll3000__C:HOFF__s1.json.gz,checked_feasible
b2_scip,roll3000__C:INF__s0.json.gz,checked_feasible
b2_scip,roll3000__C:INF__s1.json.gz,checked_feasible
b2_scip,roll3000__C:NOC__s0.json.gz,checked_feasible
b2_scip,roll3000__C:NOC__s1.json.gz,checked_feasible
b2_scip,roll3000__C:PSC>D@25__s0.json.gz,checked_feasible
b2_scip,roll3000__C:PSC>D@25__s1.json.gz,checked_feasible
b2_scip,roll3000__C:PSC__s0.json.gz,checked_feasible
b2_scip,roll3000__C:PSC__s1.json.gz,checked_feasible
b2_scip,s100__C:D+RST@25__s0.json.gz,checked_feasible
b2_scip,s100__C:D+RST@25__s1.json.gz,checked_feasible
b2_scip,s100__C:D+RST@stall20__s0.json.gz,checked_feasible
b2_scip,s100__C:D+RST@stall20__s1.json.gz,checked_feasible
b2_scip,s100__C:D>PSC@25__s0.json.gz,checked_feasible
b2_scip,s100__C:D>PSC@25__s1.json.gz,checked_feasible
b2_scip,s100__C:D__s0.json.gz,checked_feasible
b2_scip,s100__C:D__s1.json.gz,checked_feasible
b2_scip,s100__C:D__s2.json.gz,checked_feasible
b2_scip,s100__C:D__s3.json.gz,checked_feasible
b2_scip,s100__C:D__s4.json.gz,checked_feasible
b2_scip,s100__C:HEU>HOFF@25__s0.json.gz,checked_feasible
b2_scip,s100__C:HEU>HOFF@25__s1.json.gz,checked_feasible
b2_scip,s100__C:HEU__s0.json.gz,checked_feasible
b2_scip,s100__C:HEU__s1.json.gz,checked_feasible
b2_scip,s100__C:HEU__s2.json.gz,checked_feasible
b2_scip,s100__C:HEU__s3.json.gz,checked_feasible
b2_scip,s100__C:HEU__s4.json.gz,checked_feasible
b2_scip,s100__C:INF__s0.json.gz,checked_feasible
b2_scip,s100__C:INF__s1.json.gz,checked_feasible
b2_scip,s100__C:INF__s2.json.gz,checked_feasible
b2_scip,s100__C:INF__s3.json.gz,checked_feasible
b2_scip,s100__C:INF__s4.json.gz,checked_feasible
b2_scip,s100__C:NOC__s0.json.gz,checked_feasible
b2_scip,s100__C:NOC__s1.json.gz,checked_feasible
b2_scip,s100__C:NOC__s2.json.gz,checked_feasible
b2_scip,s100__C:NOC__s3.json.gz,checked_feasible
b2_scip,s100__C:NOC__s4.json.gz,checked_feasible
b2_scip,s100__C:PSC>D@25__s0.json.gz,checked_feasible
b2_scip,s100__C:PSC>D@25__s1.json.gz,checked_feasible
b2_scip,s100__C:PSC__s0.json.gz,checked_feasible
b2_scip,s100__C:PSC__s1.json.gz,checked_feasible
b2_scip,s100__C:PSC__s2.json.gz,checked_feasible
b2_scip,s100__C:PSC__s3.json.gz,checked_feasible
b2_scip,s100__C:PSC__s4.json.gz,checked_feasible
b2_scip,seymour__C:D+RST@25__s0.json.gz,checked_feasible
b2_scip,seymour__C:D+RST@25__s1.json.gz,checked_feasible
b2_scip,seymour__C:D+RST@stall20__s0.json.gz,checked_feasible
b2_scip,seymour__C:D+RST@stall20__s1.json.gz,checked_feasible
b2_scip,seymour__C:D>PSC@25__s0.json.gz,checked_feasible
b2_scip,seymour__C:D>PSC@25__s1.json.gz,checked_feasible
b2_scip,seymour__C:D__s0.json.gz,checked_feasible
b2_scip,seymour__C:D__s1.json.gz,checked_feasible
b2_scip,seymour__C:HEU>HOFF@25__s0.json.gz,checked_feasible
b2_scip,seymour__C:HEU>HOFF@25__s1.json.gz,checked_feasible
b2_scip,seymour__C:HEU__s0.json.gz,checked_feasible
b2_scip,seymour__C:HEU__s1.json.gz,checked_feasible
b2_scip,seymour__C:HOFF>HEU@stall20__s0.json.gz,checked_feasible
b2_scip,seymour__C:HOFF>HEU@stall20__s1.json.gz,checked_feasible
b2_scip,seymour__C:HOFF__s0.json.gz,checked_feasible
b2_scip,seymour__C:HOFF__s1.json.gz,checked_feasible
b2_scip,seymour__C:INF__s0.json.gz,checked_feasible
b2_scip,seymour__C:INF__s1.json.gz,checked_feasible
b2_scip,seymour__C:NOC__s0.json.gz,checked_feasible
b2_scip,seymour__C:NOC__s1.json.gz,checked_feasible
b2_scip,seymour__C:PSC>D@25__s0.json.gz,checked_feasible
b2_scip,seymour__C:PSC>D@25__s1.json.gz,checked_feasible
b2_scip,seymour__C:PSC__s0.json.gz,checked_feasible
b2_scip,seymour__C:PSC__s1.json.gz,checked_feasible
b2_scip,snp-02-004-104__C:D+RST@25__s0.json.gz,checked_feasible
b2_scip,snp-02-004-104__C:D+RST@25__s1.json.gz,checked_feasible
b2_scip,snp-02-004-104__C:D+RST@stall20__s0.json.gz,checked_feasible
b2_scip,snp-02-004-104__C:D+RST@stall20__s1.json.gz,checked_feasible
b2_scip,snp-02-004-104__C:D>PSC@25__s0.json.gz,checked_feasible
b2_scip,snp-02-004-104__C:D>PSC@25__s1.json.gz,checked_feasible
b2_scip,snp-02-004-104__C:D__s0.json.gz,checked_feasible
b2_scip,snp-02-004-104__C:D__s1.json.gz,checked_feasible
b2_scip,snp-02-004-104__C:D__s2.json.gz,checked_feasible
b2_scip,snp-02-004-104__C:D__s3.json.gz,checked_feasible
b2_scip,snp-02-004-104__C:D__s4.json.gz,checked_feasible
b2_scip,snp-02-004-104__C:HEU>HOFF@25__s0.json.gz,checked_feasible
b2_scip,snp-02-004-104__C:HEU>HOFF@25__s1.json.gz,checked_feasible
b2_scip,snp-02-004-104__C:HEU__s0.json.gz,checked_feasible
b2_scip,snp-02-004-104__C:HEU__s1.json.gz,checked_feasible
b2_scip,snp-02-004-104__C:HEU__s2.json.gz,checked_feasible
b2_scip,snp-02-004-104__C:HEU__s3.json.gz,checked_feasible
b2_scip,snp-02-004-104__C:HEU__s4.json.gz,checked_feasible
b2_scip,snp-02-004-104__C:HOFF>HEU@stall20__s0.json.gz,checked_feasible
b2_scip,snp-02-004-104__C:HOFF>HEU@stall20__s1.json.gz,checked_feasible
b2_scip,snp-02-004-104__C:INF__s0.json.gz,checked_feasible
b2_scip,snp-02-004-104__C:INF__s1.json.gz,checked_feasible
b2_scip,snp-02-004-104__C:INF__s2.json.gz,checked_feasible
b2_scip,snp-02-004-104__C:INF__s3.json.gz,checked_feasible
b2_scip,snp-02-004-104__C:INF__s4.json.gz,checked_feasible
b2_scip,snp-02-004-104__C:NOC__s0.json.gz,checked_feasible
b2_scip,snp-02-004-104__C:NOC__s1.json.gz,checked_feasible
b2_scip,snp-02-004-104__C:NOC__s2.json.gz,checked_feasible
b2_scip,snp-02-004-104__C:NOC__s3.json.gz,checked_feasible
b2_scip,snp-02-004-104__C:NOC__s4.json.gz,checked_feasible
b2_scip,snp-02-004-104__C:PSC>D@25__s0.json.gz,checked_feasible
b2_scip,snp-02-004-104__C:PSC>D@25__s1.json.gz,checked_feasible
b2_scip,snp-02-004-104__C:PSC__s0.json.gz,checked_feasible
b2_scip,snp-02-004-104__C:PSC__s1.json.gz,checked_feasible
b2_scip,snp-02-004-104__C:PSC__s2.json.gz,checked_feasible
b2_scip,snp-02-004-104__C:PSC__s3.json.gz,checked_feasible
b2_scip,snp-02-004-104__C:PSC__s4.json.gz,checked_feasible
b2_scip,sp98ar__C:D+RST@25__s0.json.gz,checked_feasible
b2_scip,sp98ar__C:D+RST@25__s1.json.gz,checked_feasible
b2_scip,sp98ar__C:D+RST@stall20__s0.json.gz,checked_feasible
b2_scip,sp98ar__C:D+RST@stall20__s1.json.gz,checked_feasible
b2_scip,sp98ar__C:D>PSC@25__s0.json.gz,checked_feasible
b2_scip,sp98ar__C:D>PSC@25__s1.json.gz,checked_feasible
b2_scip,sp98ar__C:D__s0.json.gz,checked_feasible
b2_scip,sp98ar__C:D__s1.json.gz,checked_feasible
b2_scip,sp98ar__C:HEU>HOFF@25__s0.json.gz,checked_feasible
b2_scip,sp98ar__C:HEU>HOFF@25__s1.json.gz,checked_feasible
b2_scip,sp98ar__C:HEU__s0.json.gz,checked_feasible
b2_scip,sp98ar__C:HEU__s1.json.gz,checked_feasible
b2_scip,sp98ar__C:HOFF>HEU@stall20__s0.json.gz,checked_feasible
b2_scip,sp98ar__C:HOFF>HEU@stall20__s1.json.gz,checked_feasible
b2_scip,sp98ar__C:HOFF__s0.json.gz,checked_feasible
b2_scip,sp98ar__C:HOFF__s1.json.gz,checked_feasible
b2_scip,sp98ar__C:INF__s0.json.gz,checked_feasible
b2_scip,sp98ar__C:INF__s1.json.gz,checked_feasible
b2_scip,sp98ar__C:NOC__s0.json.gz,checked_feasible
b2_scip,sp98ar__C:NOC__s1.json.gz,checked_feasible
b2_scip,sp98ar__C:PSC>D@25__s0.json.gz,checked_feasible
b2_scip,sp98ar__C:PSC>D@25__s1.json.gz,checked_feasible
b2_scip,sp98ar__C:PSC__s0.json.gz,checked_feasible
b2_scip,sp98ar__C:PSC__s1.json.gz,checked_feasible
b2_scip,supportcase18__C:D+RST@25__s0.json.gz,checked_feasible
b2_scip,supportcase18__C:D+RST@25__s1.json.gz,checked_feasible
b2_scip,supportcase18__C:D+RST@stall20__s0.json.gz,checked_feasible
b2_scip,supportcase18__C:D+RST@stall20__s1.json.gz,checked_feasible
b2_scip,supportcase18__C:D>PSC@25__s0.json.gz,checked_feasible
b2_scip,supportcase18__C:D>PSC@25__s1.json.gz,checked_feasible
b2_scip,supportcase18__C:D__s0.json.gz,checked_feasible
b2_scip,supportcase18__C:D__s1.json.gz,checked_feasible
b2_scip,supportcase18__C:HEU>HOFF@25__s0.json.gz,checked_feasible
b2_scip,supportcase18__C:HEU>HOFF@25__s1.json.gz,checked_feasible
b2_scip,supportcase18__C:HEU__s0.json.gz,checked_feasible
b2_scip,supportcase18__C:HEU__s1.json.gz,checked_feasible
b2_scip,supportcase18__C:HOFF>HEU@stall20__s0.json.gz,checked_feasible
b2_scip,supportcase18__C:HOFF>HEU@stall20__s1.json.gz,checked_feasible
b2_scip,supportcase18__C:INF__s0.json.gz,checked_feasible
b2_scip,supportcase18__C:INF__s1.json.gz,checked_feasible
b2_scip,supportcase18__C:NOC__s0.json.gz,checked_feasible
b2_scip,supportcase18__C:NOC__s1.json.gz,checked_feasible
b2_scip,supportcase18__C:PSC>D@25__s0.json.gz,checked_feasible
b2_scip,supportcase18__C:PSC>D@25__s1.json.gz,checked_feasible
b2_scip,supportcase18__C:PSC__s0.json.gz,checked_feasible
b2_scip,supportcase18__C:PSC__s1.json.gz,checked_feasible
b2_scip,supportcase42__C:D+RST@25__s0.json.gz,checked_feasible
b2_scip,supportcase42__C:D+RST@25__s1.json.gz,checked_feasible
b2_scip,supportcase42__C:D+RST@stall20__s0.json.gz,checked_feasible
b2_scip,supportcase42__C:D+RST@stall20__s1.json.gz,checked_feasible
b2_scip,supportcase42__C:D>PSC@25__s0.json.gz,checked_feasible
b2_scip,supportcase42__C:D>PSC@25__s1.json.gz,checked_feasible
b2_scip,supportcase42__C:D__s0.json.gz,checked_feasible
b2_scip,supportcase42__C:D__s1.json.gz,checked_feasible
b2_scip,supportcase42__C:D__s2.json.gz,checked_feasible
b2_scip,supportcase42__C:D__s3.json.gz,checked_feasible
b2_scip,supportcase42__C:D__s4.json.gz,checked_feasible
b2_scip,supportcase42__C:HEU>HOFF@25__s0.json.gz,checked_feasible
b2_scip,supportcase42__C:HEU>HOFF@25__s1.json.gz,checked_feasible
b2_scip,supportcase42__C:HEU__s0.json.gz,checked_feasible
b2_scip,supportcase42__C:HEU__s1.json.gz,checked_feasible
b2_scip,supportcase42__C:HEU__s2.json.gz,checked_feasible
b2_scip,supportcase42__C:HEU__s3.json.gz,checked_feasible
b2_scip,supportcase42__C:HEU__s4.json.gz,checked_feasible
b2_scip,supportcase42__C:HOFF>HEU@stall20__s0.json.gz,checked_feasible
b2_scip,supportcase42__C:HOFF>HEU@stall20__s1.json.gz,checked_feasible
b2_scip,supportcase42__C:INF__s0.json.gz,checked_feasible
b2_scip,supportcase42__C:INF__s1.json.gz,checked_feasible
b2_scip,supportcase42__C:INF__s2.json.gz,checked_feasible
b2_scip,supportcase42__C:INF__s3.json.gz,checked_feasible
b2_scip,supportcase42__C:INF__s4.json.gz,checked_feasible
b2_scip,supportcase42__C:NOC__s0.json.gz,checked_feasible
b2_scip,supportcase42__C:NOC__s1.json.gz,checked_feasible
b2_scip,supportcase42__C:NOC__s2.json.gz,checked_feasible
b2_scip,supportcase42__C:NOC__s3.json.gz,checked_feasible
b2_scip,supportcase42__C:NOC__s4.json.gz,checked_feasible
b2_scip,supportcase42__C:PSC>D@25__s0.json.gz,checked_feasible
b2_scip,supportcase42__C:PSC>D@25__s1.json.gz,checked_feasible
b2_scip,supportcase42__C:PSC__s0.json.gz,checked_feasible
b2_scip,supportcase42__C:PSC__s1.json.gz,checked_feasible
b2_scip,supportcase42__C:PSC__s2.json.gz,checked_feasible
b2_scip,supportcase42__C:PSC__s3.json.gz,checked_feasible
b2_scip,supportcase42__C:PSC__s4.json.gz,checked_feasible
b2_scip,swath3__C:D+RST@25__s0.json.gz,checked_feasible
b2_scip,swath3__C:D+RST@25__s1.json.gz,checked_feasible
b2_scip,swath3__C:D+RST@stall20__s0.json.gz,checked_feasible
b2_scip,swath3__C:D+RST@stall20__s1.json.gz,checked_feasible
b2_scip,swath3__C:D>PSC@25__s0.json.gz,checked_feasible
b2_scip,swath3__C:D>PSC@25__s1.json.gz,checked_feasible
b2_scip,swath3__C:D__s0.json.gz,checked_feasible
b2_scip,swath3__C:D__s1.json.gz,checked_feasible
b2_scip,swath3__C:D__s2.json.gz,checked_feasible
b2_scip,swath3__C:D__s3.json.gz,checked_feasible
b2_scip,swath3__C:D__s4.json.gz,checked_feasible
b2_scip,swath3__C:HEU>HOFF@25__s0.json.gz,checked_feasible
b2_scip,swath3__C:HEU>HOFF@25__s1.json.gz,checked_feasible
b2_scip,swath3__C:HEU__s0.json.gz,checked_feasible
b2_scip,swath3__C:HEU__s1.json.gz,checked_feasible
b2_scip,swath3__C:HEU__s2.json.gz,checked_feasible
b2_scip,swath3__C:HEU__s3.json.gz,checked_feasible
b2_scip,swath3__C:HEU__s4.json.gz,checked_feasible
b2_scip,swath3__C:HOFF>HEU@stall20__s0.json.gz,checked_feasible
b2_scip,swath3__C:HOFF>HEU@stall20__s1.json.gz,checked_feasible
b2_scip,swath3__C:HOFF__s0.json.gz,checked_feasible
b2_scip,swath3__C:HOFF__s1.json.gz,checked_feasible
b2_scip,swath3__C:HOFF__s2.json.gz,checked_feasible
b2_scip,swath3__C:HOFF__s3.json.gz,checked_feasible
b2_scip,swath3__C:HOFF__s4.json.gz,checked_feasible
b2_scip,swath3__C:INF__s0.json.gz,checked_feasible
b2_scip,swath3__C:INF__s1.json.gz,checked_feasible
b2_scip,swath3__C:INF__s2.json.gz,checked_feasible
b2_scip,swath3__C:INF__s3.json.gz,checked_feasible
b2_scip,swath3__C:INF__s4.json.gz,checked_feasible
b2_scip,swath3__C:NOC__s0.json.gz,checked_feasible
b2_scip,swath3__C:NOC__s1.json.gz,checked_feasible
b2_scip,swath3__C:NOC__s2.json.gz,checked_feasible
b2_scip,swath3__C:NOC__s3.json.gz,checked_feasible
b2_scip,swath3__C:NOC__s4.json.gz,checked_feasible
b2_scip,swath3__C:PSC>D@25__s0.json.gz,checked_feasible
b2_scip,swath3__C:PSC>D@25__s1.json.gz,checked_feasible
b2_scip,swath3__C:PSC__s0.json.gz,checked_feasible
b2_scip,swath3__C:PSC__s1.json.gz,checked_feasible
b2_scip,swath3__C:PSC__s2.json.gz,checked_feasible
b2_scip,swath3__C:PSC__s3.json.gz,checked_feasible
b2_scip,swath3__C:PSC__s4.json.gz,checked_feasible
b2_scip,timtab1__C:D+RST@25__s0.json.gz,checked_feasible
b2_scip,timtab1__C:D+RST@25__s1.json.gz,checked_feasible
b2_scip,timtab1__C:D+RST@stall20__s0.json.gz,checked_feasible
b2_scip,timtab1__C:D+RST@stall20__s1.json.gz,checked_feasible
b2_scip,timtab1__C:D>PSC@25__s0.json.gz,checked_feasible
b2_scip,timtab1__C:D>PSC@25__s1.json.gz,checked_feasible
b2_scip,timtab1__C:D__s0.json.gz,checked_feasible
b2_scip,timtab1__C:D__s1.json.gz,checked_feasible
b2_scip,timtab1__C:HEU>HOFF@25__s0.json.gz,checked_feasible
b2_scip,timtab1__C:HEU>HOFF@25__s1.json.gz,checked_feasible
b2_scip,timtab1__C:HEU__s0.json.gz,checked_feasible
b2_scip,timtab1__C:HEU__s1.json.gz,checked_feasible
b2_scip,timtab1__C:HOFF>HEU@stall20__s0.json.gz,checked_feasible
b2_scip,timtab1__C:HOFF>HEU@stall20__s1.json.gz,checked_feasible
b2_scip,timtab1__C:HOFF__s0.json.gz,checked_feasible
b2_scip,timtab1__C:HOFF__s1.json.gz,checked_feasible
b2_scip,timtab1__C:INF__s0.json.gz,checked_feasible
b2_scip,timtab1__C:INF__s1.json.gz,checked_feasible
b2_scip,timtab1__C:NOC__s0.json.gz,checked_feasible
b2_scip,timtab1__C:NOC__s1.json.gz,checked_feasible
b2_scip,timtab1__C:PSC>D@25__s0.json.gz,checked_feasible
b2_scip,timtab1__C:PSC>D@25__s1.json.gz,checked_feasible
b2_scip,timtab1__C:PSC__s0.json.gz,checked_feasible
b2_scip,timtab1__C:PSC__s1.json.gz,checked_feasible
b2_scip,tr12-30__C:D+RST@25__s0.json.gz,checked_feasible
b2_scip,tr12-30__C:D+RST@25__s1.json.gz,checked_feasible
b2_scip,tr12-30__C:D+RST@stall20__s0.json.gz,checked_feasible
b2_scip,tr12-30__C:D+RST@stall20__s1.json.gz,checked_feasible
b2_scip,tr12-30__C:D>PSC@25__s0.json.gz,checked_feasible
b2_scip,tr12-30__C:D>PSC@25__s1.json.gz,checked_feasible
b2_scip,tr12-30__C:D__s0.json.gz,checked_feasible
b2_scip,tr12-30__C:D__s1.json.gz,checked_feasible
b2_scip,tr12-30__C:HEU>HOFF@25__s0.json.gz,checked_feasible
b2_scip,tr12-30__C:HEU>HOFF@25__s1.json.gz,checked_feasible
b2_scip,tr12-30__C:HEU__s0.json.gz,checked_feasible
b2_scip,tr12-30__C:HEU__s1.json.gz,checked_feasible
b2_scip,tr12-30__C:HOFF>HEU@stall20__s0.json.gz,checked_feasible
b2_scip,tr12-30__C:HOFF>HEU@stall20__s1.json.gz,checked_feasible
b2_scip,tr12-30__C:HOFF__s0.json.gz,checked_feasible
b2_scip,tr12-30__C:HOFF__s1.json.gz,checked_feasible
b2_scip,tr12-30__C:INF__s0.json.gz,checked_feasible
b2_scip,tr12-30__C:INF__s1.json.gz,checked_feasible
b2_scip,tr12-30__C:NOC__s0.json.gz,checked_feasible
b2_scip,tr12-30__C:NOC__s1.json.gz,checked_feasible
b2_scip,tr12-30__C:PSC>D@25__s0.json.gz,checked_feasible
b2_scip,tr12-30__C:PSC>D@25__s1.json.gz,checked_feasible
b2_scip,tr12-30__C:PSC__s0.json.gz,checked_feasible
b2_scip,tr12-30__C:PSC__s1.json.gz,checked_feasible
b2_scip,traininstance6__C:D+RST@25__s0.json.gz,checked_feasible
b2_scip,traininstance6__C:D+RST@25__s1.json.gz,checked_feasible
b2_scip,traininstance6__C:D+RST@stall20__s0.json.gz,checked_feasible
b2_scip,traininstance6__C:D+RST@stall20__s1.json.gz,checked_feasible
b2_scip,traininstance6__C:D>PSC@25__s0.json.gz,checked_feasible
b2_scip,traininstance6__C:D>PSC@25__s1.json.gz,checked_feasible
b2_scip,traininstance6__C:D__s0.json.gz,checked_feasible
b2_scip,traininstance6__C:D__s1.json.gz,checked_feasible
b2_scip,traininstance6__C:D__s2.json.gz,checked_feasible
b2_scip,traininstance6__C:D__s3.json.gz,checked_feasible
b2_scip,traininstance6__C:D__s4.json.gz,checked_feasible
b2_scip,traininstance6__C:HEU>HOFF@25__s0.json.gz,checked_feasible
b2_scip,traininstance6__C:HEU>HOFF@25__s1.json.gz,checked_feasible
b2_scip,traininstance6__C:HEU__s0.json.gz,checked_feasible
b2_scip,traininstance6__C:HEU__s1.json.gz,checked_feasible
b2_scip,traininstance6__C:HEU__s2.json.gz,checked_feasible
b2_scip,traininstance6__C:HEU__s3.json.gz,checked_feasible
b2_scip,traininstance6__C:HEU__s4.json.gz,checked_feasible
b2_scip,traininstance6__C:HOFF>HEU@stall20__s0.json.gz,checked_feasible
b2_scip,traininstance6__C:HOFF>HEU@stall20__s1.json.gz,checked_feasible
b2_scip,traininstance6__C:HOFF__s0.json.gz,checked_feasible
b2_scip,traininstance6__C:HOFF__s1.json.gz,checked_feasible
b2_scip,traininstance6__C:HOFF__s2.json.gz,checked_feasible
b2_scip,traininstance6__C:HOFF__s3.json.gz,checked_feasible
b2_scip,traininstance6__C:HOFF__s4.json.gz,checked_feasible
b2_scip,traininstance6__C:INF__s0.json.gz,checked_feasible
b2_scip,traininstance6__C:INF__s1.json.gz,checked_feasible
b2_scip,traininstance6__C:INF__s2.json.gz,checked_feasible
b2_scip,traininstance6__C:INF__s3.json.gz,checked_feasible
b2_scip,traininstance6__C:INF__s4.json.gz,checked_feasible
b2_scip,traininstance6__C:NOC__s0.json.gz,checked_feasible
b2_scip,traininstance6__C:NOC__s1.json.gz,checked_feasible
b2_scip,traininstance6__C:NOC__s2.json.gz,checked_feasible
b2_scip,traininstance6__C:NOC__s3.json.gz,checked_feasible
b2_scip,traininstance6__C:NOC__s4.json.gz,checked_feasible
b2_scip,traininstance6__C:PSC>D@25__s0.json.gz,checked_feasible
b2_scip,traininstance6__C:PSC>D@25__s1.json.gz,checked_feasible
b2_scip,traininstance6__C:PSC__s0.json.gz,checked_feasible
b2_scip,traininstance6__C:PSC__s1.json.gz,checked_feasible
b2_scip,traininstance6__C:PSC__s2.json.gz,checked_feasible
b2_scip,traininstance6__C:PSC__s3.json.gz,checked_feasible
b2_scip,traininstance6__C:PSC__s4.json.gz,checked_feasible
b2_scip,uccase12__C:D+RST@25__s0.json.gz,checked_feasible
b2_scip,uccase12__C:D+RST@25__s1.json.gz,checked_feasible
b2_scip,uccase12__C:D+RST@stall20__s0.json.gz,checked_feasible
b2_scip,uccase12__C:D+RST@stall20__s1.json.gz,checked_feasible
b2_scip,uccase12__C:D>PSC@25__s0.json.gz,checked_feasible
b2_scip,uccase12__C:D>PSC@25__s1.json.gz,checked_feasible
b2_scip,uccase12__C:D__s0.json.gz,checked_feasible
b2_scip,uccase12__C:D__s1.json.gz,checked_feasible
b2_scip,uccase12__C:D__s2.json.gz,checked_feasible
b2_scip,uccase12__C:D__s3.json.gz,checked_feasible
b2_scip,uccase12__C:D__s4.json.gz,checked_feasible
b2_scip,uccase12__C:HEU>HOFF@25__s0.json.gz,checked_feasible
b2_scip,uccase12__C:HEU>HOFF@25__s1.json.gz,checked_feasible
b2_scip,uccase12__C:HEU__s0.json.gz,checked_feasible
b2_scip,uccase12__C:HEU__s1.json.gz,checked_feasible
b2_scip,uccase12__C:HEU__s2.json.gz,checked_feasible
b2_scip,uccase12__C:HEU__s3.json.gz,checked_feasible
b2_scip,uccase12__C:HEU__s4.json.gz,checked_feasible
b2_scip,uccase12__C:HOFF>HEU@stall20__s0.json.gz,checked_feasible
b2_scip,uccase12__C:HOFF>HEU@stall20__s1.json.gz,checked_feasible
b2_scip,uccase12__C:INF__s0.json.gz,checked_feasible
b2_scip,uccase12__C:INF__s1.json.gz,checked_feasible
b2_scip,uccase12__C:INF__s2.json.gz,checked_feasible
b2_scip,uccase12__C:INF__s3.json.gz,checked_feasible
b2_scip,uccase12__C:INF__s4.json.gz,checked_feasible
b2_scip,uccase12__C:NOC__s0.json.gz,checked_feasible
b2_scip,uccase12__C:NOC__s1.json.gz,checked_feasible
b2_scip,uccase12__C:NOC__s2.json.gz,checked_feasible
b2_scip,uccase12__C:NOC__s3.json.gz,checked_feasible
b2_scip,uccase12__C:NOC__s4.json.gz,checked_feasible
b2_scip,uccase12__C:PSC>D@25__s0.json.gz,checked_feasible
b2_scip,uccase12__C:PSC>D@25__s1.json.gz,checked_feasible
b2_scip,uccase12__C:PSC__s0.json.gz,checked_feasible
b2_scip,uccase12__C:PSC__s1.json.gz,checked_feasible
b2_scip,uccase12__C:PSC__s2.json.gz,checked_feasible
b2_scip,uccase12__C:PSC__s3.json.gz,checked_feasible
b2_scip,uccase12__C:PSC__s4.json.gz,checked_feasible
b3_scip300,cbs-cta__A:bandit5__s0.json.gz,checked_feasible
b3_scip300,cbs-cta__A:bandit5__s1.json.gz,checked_feasible
b3_scip300,cbs-cta__C:D+RST@25__s0.json.gz,checked_feasible
b3_scip300,cbs-cta__C:D+RST@25__s1.json.gz,checked_feasible
b3_scip300,cbs-cta__C:D+RST@stall20__s0.json.gz,checked_feasible
b3_scip300,cbs-cta__C:D+RST@stall20__s1.json.gz,checked_feasible
b3_scip300,cbs-cta__C:D>PSC@25__s0.json.gz,checked_feasible
b3_scip300,cbs-cta__C:D>PSC@25__s1.json.gz,checked_feasible
b3_scip300,cbs-cta__C:D__s0.json.gz,checked_feasible
b3_scip300,cbs-cta__C:D__s1.json.gz,checked_feasible
b3_scip300,cbs-cta__C:HEU>HOFF@25__s0.json.gz,checked_feasible
b3_scip300,cbs-cta__C:HEU>HOFF@25__s1.json.gz,checked_feasible
b3_scip300,cbs-cta__C:HEU__s0.json.gz,checked_feasible
b3_scip300,cbs-cta__C:HEU__s1.json.gz,checked_feasible
b3_scip300,cbs-cta__C:HOFF>HEU@stall20__s0.json.gz,checked_feasible
b3_scip300,cbs-cta__C:HOFF>HEU@stall20__s1.json.gz,checked_feasible
b3_scip300,cbs-cta__C:INF__s0.json.gz,checked_feasible
b3_scip300,cbs-cta__C:INF__s1.json.gz,checked_feasible
b3_scip300,cbs-cta__C:NOC__s0.json.gz,checked_feasible
b3_scip300,cbs-cta__C:NOC__s1.json.gz,checked_feasible
b3_scip300,cbs-cta__C:PSC>D@25__s0.json.gz,checked_feasible
b3_scip300,cbs-cta__C:PSC>D@25__s1.json.gz,checked_feasible
b3_scip300,cbs-cta__C:PSC__s0.json.gz,checked_feasible
b3_scip300,cbs-cta__C:PSC__s1.json.gz,checked_feasible
b3_scip300,cod105__A:bandit5__s0.json.gz,checked_feasible
b3_scip300,cod105__A:bandit5__s1.json.gz,checked_feasible
b3_scip300,cod105__C:D+RST@25__s0.json.gz,checked_feasible
b3_scip300,cod105__C:D+RST@25__s1.json.gz,checked_feasible
b3_scip300,cod105__C:D+RST@stall20__s0.json.gz,checked_feasible
b3_scip300,cod105__C:D+RST@stall20__s1.json.gz,checked_feasible
b3_scip300,cod105__C:D>PSC@25__s0.json.gz,checked_feasible
b3_scip300,cod105__C:D>PSC@25__s1.json.gz,checked_feasible
b3_scip300,cod105__C:D__s0.json.gz,checked_feasible
b3_scip300,cod105__C:D__s1.json.gz,checked_feasible
b3_scip300,cod105__C:HEU>HOFF@25__s0.json.gz,checked_feasible
b3_scip300,cod105__C:HEU>HOFF@25__s1.json.gz,checked_feasible
b3_scip300,cod105__C:HEU__s0.json.gz,checked_feasible
b3_scip300,cod105__C:HEU__s1.json.gz,checked_feasible
b3_scip300,cod105__C:HOFF>HEU@stall20__s0.json.gz,checked_feasible
b3_scip300,cod105__C:HOFF>HEU@stall20__s1.json.gz,checked_feasible
b3_scip300,cod105__C:HOFF__s0.json.gz,checked_feasible
b3_scip300,cod105__C:HOFF__s1.json.gz,checked_feasible
b3_scip300,cod105__C:INF__s0.json.gz,checked_feasible
b3_scip300,cod105__C:INF__s1.json.gz,checked_feasible
b3_scip300,cod105__C:NOC__s0.json.gz,checked_feasible
b3_scip300,cod105__C:NOC__s1.json.gz,checked_feasible
b3_scip300,cod105__C:PSC>D@25__s0.json.gz,checked_feasible
b3_scip300,cod105__C:PSC>D@25__s1.json.gz,checked_feasible
b3_scip300,cod105__C:PSC__s0.json.gz,checked_feasible
b3_scip300,cod105__C:PSC__s1.json.gz,checked_feasible
b3_scip300,dano3_3__A:bandit5__s0.json.gz,checked_feasible
b3_scip300,dano3_3__A:bandit5__s1.json.gz,checked_feasible
b3_scip300,dano3_3__C:D+RST@25__s0.json.gz,checked_feasible
b3_scip300,dano3_3__C:D+RST@25__s1.json.gz,checked_feasible
b3_scip300,dano3_3__C:D+RST@stall20__s0.json.gz,checked_feasible
b3_scip300,dano3_3__C:D+RST@stall20__s1.json.gz,checked_feasible
b3_scip300,dano3_3__C:D>PSC@25__s0.json.gz,checked_feasible
b3_scip300,dano3_3__C:D>PSC@25__s1.json.gz,checked_feasible
b3_scip300,dano3_3__C:D__s0.json.gz,checked_feasible
b3_scip300,dano3_3__C:D__s1.json.gz,checked_feasible
b3_scip300,dano3_3__C:HEU>HOFF@25__s0.json.gz,checked_feasible
b3_scip300,dano3_3__C:HEU>HOFF@25__s1.json.gz,checked_feasible
b3_scip300,dano3_3__C:HEU__s0.json.gz,checked_feasible
b3_scip300,dano3_3__C:HEU__s1.json.gz,checked_feasible
b3_scip300,dano3_3__C:HOFF>HEU@stall20__s0.json.gz,checked_feasible
b3_scip300,dano3_3__C:HOFF>HEU@stall20__s1.json.gz,checked_feasible
b3_scip300,dano3_3__C:HOFF__s0.json.gz,checked_feasible
b3_scip300,dano3_3__C:HOFF__s1.json.gz,checked_feasible
b3_scip300,dano3_3__C:INF__s0.json.gz,checked_feasible
b3_scip300,dano3_3__C:INF__s1.json.gz,checked_feasible
b3_scip300,dano3_3__C:NOC__s0.json.gz,checked_feasible
b3_scip300,dano3_3__C:NOC__s1.json.gz,checked_feasible
b3_scip300,dano3_3__C:PSC>D@25__s0.json.gz,checked_feasible
b3_scip300,dano3_3__C:PSC>D@25__s1.json.gz,checked_feasible
b3_scip300,dano3_3__C:PSC__s0.json.gz,checked_feasible
b3_scip300,dano3_3__C:PSC__s1.json.gz,checked_feasible
b3_scip300,h80x6320d__A:bandit5__s0.json.gz,checked_feasible
b3_scip300,h80x6320d__A:bandit5__s1.json.gz,checked_feasible
b3_scip300,h80x6320d__C:D+RST@25__s0.json.gz,checked_feasible
b3_scip300,h80x6320d__C:D+RST@25__s1.json.gz,checked_feasible
b3_scip300,h80x6320d__C:D+RST@stall20__s0.json.gz,checked_feasible
b3_scip300,h80x6320d__C:D+RST@stall20__s1.json.gz,checked_feasible
b3_scip300,h80x6320d__C:D>PSC@25__s0.json.gz,checked_feasible
b3_scip300,h80x6320d__C:D>PSC@25__s1.json.gz,checked_feasible
b3_scip300,h80x6320d__C:D__s0.json.gz,checked_feasible
b3_scip300,h80x6320d__C:D__s1.json.gz,checked_feasible
b3_scip300,h80x6320d__C:HEU>HOFF@25__s0.json.gz,checked_feasible
b3_scip300,h80x6320d__C:HEU>HOFF@25__s1.json.gz,checked_feasible
b3_scip300,h80x6320d__C:HEU__s0.json.gz,checked_feasible
b3_scip300,h80x6320d__C:HEU__s1.json.gz,checked_feasible
b3_scip300,h80x6320d__C:HOFF>HEU@stall20__s0.json.gz,checked_feasible
b3_scip300,h80x6320d__C:HOFF>HEU@stall20__s1.json.gz,checked_feasible
b3_scip300,h80x6320d__C:HOFF__s0.json.gz,checked_feasible
b3_scip300,h80x6320d__C:HOFF__s1.json.gz,checked_feasible
b3_scip300,h80x6320d__C:INF__s0.json.gz,checked_feasible
b3_scip300,h80x6320d__C:INF__s1.json.gz,checked_feasible
b3_scip300,h80x6320d__C:NOC__s0.json.gz,checked_feasible
b3_scip300,h80x6320d__C:NOC__s1.json.gz,checked_feasible
b3_scip300,h80x6320d__C:PSC>D@25__s0.json.gz,checked_feasible
b3_scip300,h80x6320d__C:PSC>D@25__s1.json.gz,checked_feasible
b3_scip300,h80x6320d__C:PSC__s0.json.gz,checked_feasible
b3_scip300,h80x6320d__C:PSC__s1.json.gz,checked_feasible
b3_scip300,istanbul-no-cutoff__A:bandit5__s0.json.gz,checked_feasible
b3_scip300,istanbul-no-cutoff__A:bandit5__s1.json.gz,checked_feasible
b3_scip300,istanbul-no-cutoff__C:D+RST@25__s0.json.gz,checked_feasible
b3_scip300,istanbul-no-cutoff__C:D+RST@25__s1.json.gz,checked_feasible
b3_scip300,istanbul-no-cutoff__C:D+RST@stall20__s0.json.gz,checked_feasible
b3_scip300,istanbul-no-cutoff__C:D+RST@stall20__s1.json.gz,checked_feasible
b3_scip300,istanbul-no-cutoff__C:D>PSC@25__s0.json.gz,checked_feasible
b3_scip300,istanbul-no-cutoff__C:D>PSC@25__s1.json.gz,checked_feasible
b3_scip300,istanbul-no-cutoff__C:D__s0.json.gz,checked_feasible
b3_scip300,istanbul-no-cutoff__C:D__s1.json.gz,checked_feasible
b3_scip300,istanbul-no-cutoff__C:HEU>HOFF@25__s0.json.gz,checked_feasible
b3_scip300,istanbul-no-cutoff__C:HEU>HOFF@25__s1.json.gz,checked_feasible
b3_scip300,istanbul-no-cutoff__C:HEU__s0.json.gz,checked_feasible
b3_scip300,istanbul-no-cutoff__C:HEU__s1.json.gz,checked_feasible
b3_scip300,istanbul-no-cutoff__C:HOFF>HEU@stall20__s0.json.gz,checked_feasible
b3_scip300,istanbul-no-cutoff__C:HOFF>HEU@stall20__s1.json.gz,checked_feasible
b3_scip300,istanbul-no-cutoff__C:HOFF__s0.json.gz,checked_feasible
b3_scip300,istanbul-no-cutoff__C:HOFF__s1.json.gz,checked_feasible
b3_scip300,istanbul-no-cutoff__C:INF__s0.json.gz,checked_feasible
b3_scip300,istanbul-no-cutoff__C:INF__s1.json.gz,checked_feasible
b3_scip300,istanbul-no-cutoff__C:NOC__s0.json.gz,checked_feasible
b3_scip300,istanbul-no-cutoff__C:NOC__s1.json.gz,checked_feasible
b3_scip300,istanbul-no-cutoff__C:PSC>D@25__s0.json.gz,checked_feasible
b3_scip300,istanbul-no-cutoff__C:PSC>D@25__s1.json.gz,checked_feasible
b3_scip300,istanbul-no-cutoff__C:PSC__s0.json.gz,checked_feasible
b3_scip300,istanbul-no-cutoff__C:PSC__s1.json.gz,checked_feasible
b3_scip300,neos-1445765__A:bandit5__s0.json.gz,checked_feasible
b3_scip300,neos-1445765__A:bandit5__s1.json.gz,checked_feasible
b3_scip300,neos-1445765__C:D+RST@25__s0.json.gz,checked_feasible
b3_scip300,neos-1445765__C:D+RST@25__s1.json.gz,checked_feasible
b3_scip300,neos-1445765__C:D+RST@stall20__s0.json.gz,checked_feasible
b3_scip300,neos-1445765__C:D+RST@stall20__s1.json.gz,checked_feasible
b3_scip300,neos-1445765__C:D>PSC@25__s0.json.gz,checked_feasible
b3_scip300,neos-1445765__C:D>PSC@25__s1.json.gz,checked_feasible
b3_scip300,neos-1445765__C:D__s0.json.gz,checked_feasible
b3_scip300,neos-1445765__C:D__s1.json.gz,checked_feasible
b3_scip300,neos-1445765__C:HEU>HOFF@25__s0.json.gz,checked_feasible
b3_scip300,neos-1445765__C:HEU>HOFF@25__s1.json.gz,checked_feasible
b3_scip300,neos-1445765__C:HEU__s0.json.gz,checked_feasible
b3_scip300,neos-1445765__C:HEU__s1.json.gz,checked_feasible
b3_scip300,neos-1445765__C:HOFF>HEU@stall20__s0.json.gz,checked_feasible
b3_scip300,neos-1445765__C:HOFF>HEU@stall20__s1.json.gz,checked_feasible
b3_scip300,neos-1445765__C:HOFF__s0.json.gz,checked_feasible
b3_scip300,neos-1445765__C:HOFF__s1.json.gz,checked_feasible
b3_scip300,neos-1445765__C:INF__s0.json.gz,checked_feasible
b3_scip300,neos-1445765__C:INF__s1.json.gz,checked_feasible
b3_scip300,neos-1445765__C:NOC__s0.json.gz,checked_feasible
b3_scip300,neos-1445765__C:NOC__s1.json.gz,checked_feasible
b3_scip300,neos-1445765__C:PSC>D@25__s0.json.gz,checked_feasible
b3_scip300,neos-1445765__C:PSC>D@25__s1.json.gz,checked_feasible
b3_scip300,neos-1445765__C:PSC__s0.json.gz,checked_feasible
b3_scip300,neos-1445765__C:PSC__s1.json.gz,checked_feasible
b3_scip300,neos-1456979__A:bandit5__s0.json.gz,checked_feasible
b3_scip300,neos-1456979__A:bandit5__s1.json.gz,checked_feasible
b3_scip300,neos-1456979__C:D+RST@25__s0.json.gz,checked_feasible
b3_scip300,neos-1456979__C:D+RST@25__s1.json.gz,checked_feasible
b3_scip300,neos-1456979__C:D+RST@stall20__s0.json.gz,checked_feasible
b3_scip300,neos-1456979__C:D+RST@stall20__s1.json.gz,checked_feasible
b3_scip300,neos-1456979__C:D>PSC@25__s0.json.gz,checked_feasible
b3_scip300,neos-1456979__C:D>PSC@25__s1.json.gz,checked_feasible
b3_scip300,neos-1456979__C:D__s0.json.gz,checked_feasible
b3_scip300,neos-1456979__C:D__s1.json.gz,checked_feasible
b3_scip300,neos-1456979__C:HEU>HOFF@25__s0.json.gz,checked_feasible
b3_scip300,neos-1456979__C:HEU>HOFF@25__s1.json.gz,checked_feasible
b3_scip300,neos-1456979__C:HEU__s0.json.gz,checked_feasible
b3_scip300,neos-1456979__C:HEU__s1.json.gz,checked_feasible
b3_scip300,neos-1456979__C:HOFF>HEU@stall20__s0.json.gz,checked_feasible
b3_scip300,neos-1456979__C:HOFF>HEU@stall20__s1.json.gz,checked_feasible
b3_scip300,neos-1456979__C:HOFF__s0.json.gz,checked_feasible
b3_scip300,neos-1456979__C:HOFF__s1.json.gz,checked_feasible
b3_scip300,neos-1456979__C:INF__s0.json.gz,checked_feasible
b3_scip300,neos-1456979__C:INF__s1.json.gz,checked_feasible
b3_scip300,neos-1456979__C:NOC__s0.json.gz,checked_feasible
b3_scip300,neos-1456979__C:PSC>D@25__s0.json.gz,checked_feasible
b3_scip300,neos-1456979__C:PSC>D@25__s1.json.gz,checked_feasible
b3_scip300,neos-1456979__C:PSC__s0.json.gz,checked_feasible
b3_scip300,neos-1456979__C:PSC__s1.json.gz,checked_feasible
b3_scip300,neos-4722843-widden__A:bandit5__s0.json.gz,checked_feasible
b3_scip300,neos-4722843-widden__A:bandit5__s1.json.gz,checked_feasible
b3_scip300,neos-4722843-widden__C:D+RST@25__s0.json.gz,checked_feasible
b3_scip300,neos-4722843-widden__C:D+RST@25__s1.json.gz,checked_feasible
b3_scip300,neos-4722843-widden__C:D+RST@stall20__s0.json.gz,checked_feasible
b3_scip300,neos-4722843-widden__C:D+RST@stall20__s1.json.gz,checked_feasible
b3_scip300,neos-4722843-widden__C:D>PSC@25__s0.json.gz,checked_feasible
b3_scip300,neos-4722843-widden__C:D>PSC@25__s1.json.gz,checked_feasible
b3_scip300,neos-4722843-widden__C:D__s0.json.gz,checked_feasible
b3_scip300,neos-4722843-widden__C:D__s1.json.gz,checked_feasible
b3_scip300,neos-4722843-widden__C:HEU>HOFF@25__s0.json.gz,checked_feasible
b3_scip300,neos-4722843-widden__C:HEU>HOFF@25__s1.json.gz,checked_feasible
b3_scip300,neos-4722843-widden__C:HEU__s0.json.gz,checked_feasible
b3_scip300,neos-4722843-widden__C:HEU__s1.json.gz,checked_feasible
b3_scip300,neos-4722843-widden__C:HOFF>HEU@stall20__s0.json.gz,checked_feasible
b3_scip300,neos-4722843-widden__C:HOFF>HEU@stall20__s1.json.gz,checked_feasible
b3_scip300,neos-4722843-widden__C:HOFF__s0.json.gz,checked_feasible
b3_scip300,neos-4722843-widden__C:HOFF__s1.json.gz,checked_feasible
b3_scip300,neos-4722843-widden__C:INF__s0.json.gz,checked_feasible
b3_scip300,neos-4722843-widden__C:INF__s1.json.gz,checked_feasible
b3_scip300,neos-4722843-widden__C:NOC__s0.json.gz,checked_feasible
b3_scip300,neos-4722843-widden__C:NOC__s1.json.gz,checked_feasible
b3_scip300,neos-4722843-widden__C:PSC>D@25__s0.json.gz,checked_feasible
b3_scip300,neos-4722843-widden__C:PSC>D@25__s1.json.gz,checked_feasible
b3_scip300,neos-4722843-widden__C:PSC__s0.json.gz,checked_feasible
b3_scip300,neos-4722843-widden__C:PSC__s1.json.gz,checked_feasible
b3_scip300,neos-860300__A:bandit5__s0.json.gz,checked_feasible
b3_scip300,neos-860300__A:bandit5__s1.json.gz,checked_feasible
b3_scip300,neos-860300__C:D+RST@25__s0.json.gz,checked_feasible
b3_scip300,neos-860300__C:D+RST@25__s1.json.gz,checked_feasible
b3_scip300,neos-860300__C:D+RST@stall20__s0.json.gz,checked_feasible
b3_scip300,neos-860300__C:D+RST@stall20__s1.json.gz,checked_feasible
b3_scip300,neos-860300__C:D>PSC@25__s0.json.gz,checked_feasible
b3_scip300,neos-860300__C:D>PSC@25__s1.json.gz,checked_feasible
b3_scip300,neos-860300__C:D__s0.json.gz,checked_feasible
b3_scip300,neos-860300__C:D__s1.json.gz,checked_feasible
b3_scip300,neos-860300__C:HEU>HOFF@25__s0.json.gz,checked_feasible
b3_scip300,neos-860300__C:HEU>HOFF@25__s1.json.gz,checked_feasible
b3_scip300,neos-860300__C:HEU__s0.json.gz,checked_feasible
b3_scip300,neos-860300__C:HEU__s1.json.gz,checked_feasible
b3_scip300,neos-860300__C:HOFF>HEU@stall20__s0.json.gz,checked_feasible
b3_scip300,neos-860300__C:HOFF>HEU@stall20__s1.json.gz,checked_feasible
b3_scip300,neos-860300__C:HOFF__s0.json.gz,checked_feasible
b3_scip300,neos-860300__C:HOFF__s1.json.gz,checked_feasible
b3_scip300,neos-860300__C:INF__s0.json.gz,checked_feasible
b3_scip300,neos-860300__C:INF__s1.json.gz,checked_feasible
b3_scip300,neos-860300__C:NOC__s0.json.gz,checked_feasible
b3_scip300,neos-860300__C:NOC__s1.json.gz,checked_feasible
b3_scip300,neos-860300__C:PSC>D@25__s0.json.gz,checked_feasible
b3_scip300,neos-860300__C:PSC>D@25__s1.json.gz,checked_feasible
b3_scip300,neos-860300__C:PSC__s0.json.gz,checked_feasible
b3_scip300,neos-860300__C:PSC__s1.json.gz,checked_feasible
b3_scip300,neos-873061__A:bandit5__s0.json.gz,checked_feasible
b3_scip300,neos-873061__A:bandit5__s1.json.gz,checked_feasible
b3_scip300,neos-873061__C:D+RST@25__s0.json.gz,checked_feasible
b3_scip300,neos-873061__C:D+RST@25__s1.json.gz,checked_feasible
b3_scip300,neos-873061__C:D+RST@stall20__s0.json.gz,checked_feasible
b3_scip300,neos-873061__C:D+RST@stall20__s1.json.gz,checked_feasible
b3_scip300,neos-873061__C:D>PSC@25__s0.json.gz,checked_feasible
b3_scip300,neos-873061__C:D>PSC@25__s1.json.gz,checked_feasible
b3_scip300,neos-873061__C:D__s0.json.gz,checked_feasible
b3_scip300,neos-873061__C:D__s1.json.gz,checked_feasible
b3_scip300,neos-873061__C:HEU>HOFF@25__s0.json.gz,checked_feasible
b3_scip300,neos-873061__C:HEU>HOFF@25__s1.json.gz,checked_feasible
b3_scip300,neos-873061__C:HEU__s0.json.gz,checked_feasible
b3_scip300,neos-873061__C:HEU__s1.json.gz,checked_feasible
b3_scip300,neos-873061__C:INF__s0.json.gz,checked_feasible
b3_scip300,neos-873061__C:INF__s1.json.gz,checked_feasible
b3_scip300,neos-873061__C:NOC__s0.json.gz,checked_feasible
b3_scip300,neos-873061__C:NOC__s1.json.gz,checked_feasible
b3_scip300,neos-873061__C:PSC>D@25__s0.json.gz,checked_feasible
b3_scip300,neos-873061__C:PSC>D@25__s1.json.gz,checked_feasible
b3_scip300,neos-873061__C:PSC__s0.json.gz,checked_feasible
b3_scip300,neos-873061__C:PSC__s1.json.gz,checked_feasible
b3_scip300,neos17__A:bandit5__s0.json.gz,checked_feasible
b3_scip300,neos17__A:bandit5__s1.json.gz,checked_feasible
b3_scip300,neos17__C:D+RST@25__s0.json.gz,checked_feasible
b3_scip300,neos17__C:D+RST@25__s1.json.gz,checked_feasible
b3_scip300,neos17__C:D+RST@stall20__s0.json.gz,checked_feasible
b3_scip300,neos17__C:D+RST@stall20__s1.json.gz,checked_feasible
b3_scip300,neos17__C:D>PSC@25__s0.json.gz,checked_feasible
b3_scip300,neos17__C:D>PSC@25__s1.json.gz,checked_feasible
b3_scip300,neos17__C:D__s0.json.gz,checked_feasible
b3_scip300,neos17__C:D__s1.json.gz,checked_feasible
b3_scip300,neos17__C:HEU>HOFF@25__s0.json.gz,checked_feasible
b3_scip300,neos17__C:HEU>HOFF@25__s1.json.gz,checked_feasible
b3_scip300,neos17__C:HEU__s0.json.gz,checked_feasible
b3_scip300,neos17__C:HEU__s1.json.gz,checked_feasible
b3_scip300,neos17__C:HOFF>HEU@stall20__s0.json.gz,checked_feasible
b3_scip300,neos17__C:HOFF>HEU@stall20__s1.json.gz,checked_feasible
b3_scip300,neos17__C:HOFF__s0.json.gz,checked_feasible
b3_scip300,neos17__C:HOFF__s1.json.gz,checked_feasible
b3_scip300,neos17__C:INF__s0.json.gz,checked_feasible
b3_scip300,neos17__C:INF__s1.json.gz,checked_feasible
b3_scip300,neos17__C:NOC__s0.json.gz,checked_feasible
b3_scip300,neos17__C:NOC__s1.json.gz,checked_feasible
b3_scip300,neos17__C:PSC>D@25__s0.json.gz,checked_feasible
b3_scip300,neos17__C:PSC>D@25__s1.json.gz,checked_feasible
b3_scip300,neos17__C:PSC__s0.json.gz,checked_feasible
b3_scip300,neos17__C:PSC__s1.json.gz,checked_feasible
b3_scip300,opm2-z10-s4__A:bandit5__s0.json.gz,checked_feasible
b3_scip300,opm2-z10-s4__A:bandit5__s1.json.gz,checked_feasible
b3_scip300,opm2-z10-s4__C:D+RST@25__s0.json.gz,checked_feasible
b3_scip300,opm2-z10-s4__C:D+RST@25__s1.json.gz,checked_feasible
b3_scip300,opm2-z10-s4__C:D+RST@stall20__s0.json.gz,checked_feasible
b3_scip300,opm2-z10-s4__C:D+RST@stall20__s1.json.gz,checked_feasible
b3_scip300,opm2-z10-s4__C:D>PSC@25__s0.json.gz,checked_feasible
b3_scip300,opm2-z10-s4__C:D>PSC@25__s1.json.gz,checked_feasible
b3_scip300,opm2-z10-s4__C:D__s0.json.gz,checked_feasible
b3_scip300,opm2-z10-s4__C:D__s1.json.gz,checked_feasible
b3_scip300,opm2-z10-s4__C:HEU>HOFF@25__s0.json.gz,checked_feasible
b3_scip300,opm2-z10-s4__C:HEU>HOFF@25__s1.json.gz,checked_feasible
b3_scip300,opm2-z10-s4__C:HEU__s0.json.gz,checked_feasible
b3_scip300,opm2-z10-s4__C:HEU__s1.json.gz,checked_feasible
b3_scip300,opm2-z10-s4__C:HOFF>HEU@stall20__s0.json.gz,checked_feasible
b3_scip300,opm2-z10-s4__C:INF__s0.json.gz,checked_feasible
b3_scip300,opm2-z10-s4__C:INF__s1.json.gz,checked_feasible
b3_scip300,opm2-z10-s4__C:NOC__s0.json.gz,checked_feasible
b3_scip300,opm2-z10-s4__C:NOC__s1.json.gz,checked_feasible
b3_scip300,opm2-z10-s4__C:PSC>D@25__s0.json.gz,checked_feasible
b3_scip300,opm2-z10-s4__C:PSC>D@25__s1.json.gz,checked_feasible
b3_scip300,opm2-z10-s4__C:PSC__s0.json.gz,checked_feasible
b3_scip300,opm2-z10-s4__C:PSC__s1.json.gz,checked_feasible
b3_scip300,piperout-27__A:bandit5__s0.json.gz,checked_feasible
b3_scip300,piperout-27__A:bandit5__s1.json.gz,checked_feasible
b3_scip300,piperout-27__C:D+RST@25__s0.json.gz,checked_feasible
b3_scip300,piperout-27__C:D+RST@25__s1.json.gz,checked_feasible
b3_scip300,piperout-27__C:D+RST@stall20__s0.json.gz,checked_feasible
b3_scip300,piperout-27__C:D+RST@stall20__s1.json.gz,checked_feasible
b3_scip300,piperout-27__C:D>PSC@25__s0.json.gz,checked_feasible
b3_scip300,piperout-27__C:D>PSC@25__s1.json.gz,checked_feasible
b3_scip300,piperout-27__C:D__s0.json.gz,checked_feasible
b3_scip300,piperout-27__C:D__s1.json.gz,checked_feasible
b3_scip300,piperout-27__C:HEU>HOFF@25__s0.json.gz,checked_feasible
b3_scip300,piperout-27__C:HEU>HOFF@25__s1.json.gz,checked_feasible
b3_scip300,piperout-27__C:HEU__s0.json.gz,checked_feasible
b3_scip300,piperout-27__C:HEU__s1.json.gz,checked_feasible
b3_scip300,piperout-27__C:HOFF>HEU@stall20__s0.json.gz,checked_feasible
b3_scip300,piperout-27__C:HOFF>HEU@stall20__s1.json.gz,checked_feasible
b3_scip300,piperout-27__C:HOFF__s0.json.gz,checked_feasible
b3_scip300,piperout-27__C:HOFF__s1.json.gz,checked_feasible
b3_scip300,piperout-27__C:INF__s0.json.gz,checked_feasible
b3_scip300,piperout-27__C:INF__s1.json.gz,checked_feasible
b3_scip300,piperout-27__C:NOC__s0.json.gz,checked_feasible
b3_scip300,piperout-27__C:NOC__s1.json.gz,checked_feasible
b3_scip300,piperout-27__C:PSC>D@25__s0.json.gz,checked_feasible
b3_scip300,piperout-27__C:PSC>D@25__s1.json.gz,checked_feasible
b3_scip300,piperout-27__C:PSC__s0.json.gz,checked_feasible
b3_scip300,piperout-27__C:PSC__s1.json.gz,checked_feasible
b3_scip300,s100__A:bandit5__s0.json.gz,checked_feasible
b3_scip300,s100__A:bandit5__s1.json.gz,checked_feasible
b3_scip300,s100__C:D+RST@25__s0.json.gz,checked_feasible
b3_scip300,s100__C:D+RST@25__s1.json.gz,checked_feasible
b3_scip300,s100__C:D+RST@stall20__s0.json.gz,checked_feasible
b3_scip300,s100__C:D+RST@stall20__s1.json.gz,checked_feasible
b3_scip300,s100__C:D>PSC@25__s0.json.gz,checked_feasible
b3_scip300,s100__C:D>PSC@25__s1.json.gz,checked_feasible
b3_scip300,s100__C:D__s0.json.gz,checked_feasible
b3_scip300,s100__C:D__s1.json.gz,checked_feasible
b3_scip300,s100__C:HEU>HOFF@25__s0.json.gz,checked_feasible
b3_scip300,s100__C:HEU>HOFF@25__s1.json.gz,checked_feasible
b3_scip300,s100__C:HEU__s0.json.gz,checked_feasible
b3_scip300,s100__C:HEU__s1.json.gz,checked_feasible
b3_scip300,s100__C:INF__s0.json.gz,checked_feasible
b3_scip300,s100__C:INF__s1.json.gz,checked_feasible
b3_scip300,s100__C:NOC__s0.json.gz,checked_feasible
b3_scip300,s100__C:NOC__s1.json.gz,checked_feasible
b3_scip300,s100__C:PSC>D@25__s0.json.gz,checked_feasible
b3_scip300,s100__C:PSC>D@25__s1.json.gz,checked_feasible
b3_scip300,s100__C:PSC__s0.json.gz,checked_feasible
b3_scip300,s100__C:PSC__s1.json.gz,checked_feasible
b3_scip300,snp-02-004-104__A:bandit5__s0.json.gz,checked_feasible
b3_scip300,snp-02-004-104__A:bandit5__s1.json.gz,checked_feasible
b3_scip300,snp-02-004-104__C:D+RST@25__s0.json.gz,checked_feasible
b3_scip300,snp-02-004-104__C:D+RST@stall20__s0.json.gz,checked_feasible
b3_scip300,snp-02-004-104__C:D+RST@stall20__s1.json.gz,checked_feasible
b3_scip300,snp-02-004-104__C:D>PSC@25__s0.json.gz,checked_feasible
b3_scip300,snp-02-004-104__C:D>PSC@25__s1.json.gz,checked_feasible
b3_scip300,snp-02-004-104__C:D__s0.json.gz,checked_feasible
b3_scip300,snp-02-004-104__C:D__s1.json.gz,checked_feasible
b3_scip300,snp-02-004-104__C:HEU>HOFF@25__s0.json.gz,checked_feasible
b3_scip300,snp-02-004-104__C:HEU>HOFF@25__s1.json.gz,checked_feasible
b3_scip300,snp-02-004-104__C:HEU__s0.json.gz,checked_feasible
b3_scip300,snp-02-004-104__C:HEU__s1.json.gz,checked_feasible
b3_scip300,snp-02-004-104__C:HOFF>HEU@stall20__s0.json.gz,checked_feasible
b3_scip300,snp-02-004-104__C:HOFF>HEU@stall20__s1.json.gz,checked_feasible
b3_scip300,snp-02-004-104__C:HOFF__s0.json.gz,checked_feasible
b3_scip300,snp-02-004-104__C:HOFF__s1.json.gz,checked_feasible
b3_scip300,snp-02-004-104__C:INF__s0.json.gz,checked_feasible
b3_scip300,snp-02-004-104__C:INF__s1.json.gz,checked_feasible
b3_scip300,snp-02-004-104__C:NOC__s0.json.gz,checked_feasible
b3_scip300,snp-02-004-104__C:NOC__s1.json.gz,checked_feasible
b3_scip300,snp-02-004-104__C:PSC>D@25__s0.json.gz,checked_feasible
b3_scip300,snp-02-004-104__C:PSC>D@25__s1.json.gz,checked_feasible
b3_scip300,snp-02-004-104__C:PSC__s0.json.gz,checked_feasible
b3_scip300,snp-02-004-104__C:PSC__s1.json.gz,checked_feasible
b3_scip300,supportcase42__A:bandit5__s0.json.gz,checked_feasible
b3_scip300,supportcase42__A:bandit5__s1.json.gz,checked_feasible
b3_scip300,supportcase42__C:D+RST@25__s0.json.gz,checked_feasible
b3_scip300,supportcase42__C:D+RST@25__s1.json.gz,checked_feasible
b3_scip300,supportcase42__C:D+RST@stall20__s0.json.gz,checked_feasible
b3_scip300,supportcase42__C:D+RST@stall20__s1.json.gz,checked_feasible
b3_scip300,supportcase42__C:D>PSC@25__s0.json.gz,checked_feasible
b3_scip300,supportcase42__C:D>PSC@25__s1.json.gz,checked_feasible
b3_scip300,supportcase42__C:D__s0.json.gz,checked_feasible
b3_scip300,supportcase42__C:D__s1.json.gz,checked_feasible
b3_scip300,supportcase42__C:HEU>HOFF@25__s0.json.gz,checked_feasible
b3_scip300,supportcase42__C:HEU>HOFF@25__s1.json.gz,checked_feasible
b3_scip300,supportcase42__C:HEU__s0.json.gz,checked_feasible
b3_scip300,supportcase42__C:HEU__s1.json.gz,checked_feasible
b3_scip300,supportcase42__C:HOFF>HEU@stall20__s0.json.gz,checked_feasible
b3_scip300,supportcase42__C:HOFF>HEU@stall20__s1.json.gz,checked_feasible
b3_scip300,supportcase42__C:INF__s0.json.gz,checked_feasible
b3_scip300,supportcase42__C:INF__s1.json.gz,checked_feasible
b3_scip300,supportcase42__C:NOC__s0.json.gz,checked_feasible
b3_scip300,supportcase42__C:NOC__s1.json.gz,checked_feasible
b3_scip300,supportcase42__C:PSC>D@25__s0.json.gz,checked_feasible
b3_scip300,supportcase42__C:PSC>D@25__s1.json.gz,checked_feasible
b3_scip300,supportcase42__C:PSC__s0.json.gz,checked_feasible
b3_scip300,supportcase42__C:PSC__s1.json.gz,checked_feasible
b3_scip300,swath3__A:bandit5__s0.json.gz,checked_feasible
b3_scip300,swath3__A:bandit5__s1.json.gz,checked_feasible
b3_scip300,swath3__C:D+RST@25__s0.json.gz,checked_feasible
b3_scip300,swath3__C:D+RST@25__s1.json.gz,checked_feasible
b3_scip300,swath3__C:D+RST@stall20__s0.json.gz,checked_feasible
b3_scip300,swath3__C:D+RST@stall20__s1.json.gz,checked_feasible
b3_scip300,swath3__C:D>PSC@25__s0.json.gz,checked_feasible
b3_scip300,swath3__C:D>PSC@25__s1.json.gz,checked_feasible
b3_scip300,swath3__C:D__s0.json.gz,checked_feasible
b3_scip300,swath3__C:D__s1.json.gz,checked_feasible
b3_scip300,swath3__C:HEU>HOFF@25__s0.json.gz,checked_feasible
b3_scip300,swath3__C:HEU>HOFF@25__s1.json.gz,checked_feasible
b3_scip300,swath3__C:HEU__s0.json.gz,checked_feasible
b3_scip300,swath3__C:HEU__s1.json.gz,checked_feasible
b3_scip300,swath3__C:HOFF>HEU@stall20__s0.json.gz,checked_feasible
b3_scip300,swath3__C:HOFF>HEU@stall20__s1.json.gz,checked_feasible
b3_scip300,swath3__C:HOFF__s0.json.gz,checked_feasible
b3_scip300,swath3__C:HOFF__s1.json.gz,checked_feasible
b3_scip300,swath3__C:INF__s0.json.gz,checked_feasible
b3_scip300,swath3__C:INF__s1.json.gz,checked_feasible
b3_scip300,swath3__C:NOC__s0.json.gz,checked_feasible
b3_scip300,swath3__C:NOC__s1.json.gz,checked_feasible
b3_scip300,swath3__C:PSC>D@25__s0.json.gz,checked_feasible
b3_scip300,swath3__C:PSC>D@25__s1.json.gz,checked_feasible
b3_scip300,swath3__C:PSC__s0.json.gz,checked_feasible
b3_scip300,swath3__C:PSC__s1.json.gz,checked_feasible
b3_scip300,traininstance6__A:bandit5__s0.json.gz,checked_feasible
b3_scip300,traininstance6__A:bandit5__s1.json.gz,checked_feasible
b3_scip300,traininstance6__C:D+RST@25__s0.json.gz,checked_feasible
b3_scip300,traininstance6__C:D+RST@25__s1.json.gz,checked_feasible
b3_scip300,traininstance6__C:D+RST@stall20__s0.json.gz,checked_feasible
b3_scip300,traininstance6__C:D+RST@stall20__s1.json.gz,checked_feasible
b3_scip300,traininstance6__C:D>PSC@25__s0.json.gz,checked_feasible
b3_scip300,traininstance6__C:D>PSC@25__s1.json.gz,checked_feasible
b3_scip300,traininstance6__C:D__s0.json.gz,checked_feasible
b3_scip300,traininstance6__C:D__s1.json.gz,checked_feasible
b3_scip300,traininstance6__C:HEU>HOFF@25__s0.json.gz,checked_feasible
b3_scip300,traininstance6__C:HEU>HOFF@25__s1.json.gz,checked_feasible
b3_scip300,traininstance6__C:HEU__s0.json.gz,checked_feasible
b3_scip300,traininstance6__C:HEU__s1.json.gz,checked_feasible
b3_scip300,traininstance6__C:HOFF>HEU@stall20__s0.json.gz,checked_feasible
b3_scip300,traininstance6__C:HOFF>HEU@stall20__s1.json.gz,checked_feasible
b3_scip300,traininstance6__C:HOFF__s0.json.gz,checked_feasible
b3_scip300,traininstance6__C:HOFF__s1.json.gz,checked_feasible
b3_scip300,traininstance6__C:INF__s0.json.gz,checked_feasible
b3_scip300,traininstance6__C:INF__s1.json.gz,checked_feasible
b3_scip300,traininstance6__C:NOC__s0.json.gz,checked_feasible
b3_scip300,traininstance6__C:NOC__s1.json.gz,checked_feasible
b3_scip300,traininstance6__C:PSC>D@25__s0.json.gz,checked_feasible
b3_scip300,traininstance6__C:PSC>D@25__s1.json.gz,checked_feasible
b3_scip300,traininstance6__C:PSC__s0.json.gz,checked_feasible
b3_scip300,traininstance6__C:PSC__s1.json.gz,checked_feasible
b3_scip300,uccase12__A:bandit5__s0.json.gz,checked_feasible
b3_scip300,uccase12__A:bandit5__s1.json.gz,checked_feasible
b3_scip300,uccase12__C:D+RST@25__s0.json.gz,checked_feasible
b3_scip300,uccase12__C:D+RST@25__s1.json.gz,checked_feasible
b3_scip300,uccase12__C:D+RST@stall20__s0.json.gz,checked_feasible
b3_scip300,uccase12__C:D+RST@stall20__s1.json.gz,checked_feasible
b3_scip300,uccase12__C:D>PSC@25__s0.json.gz,checked_feasible
b3_scip300,uccase12__C:D>PSC@25__s1.json.gz,checked_feasible
b3_scip300,uccase12__C:D__s0.json.gz,checked_feasible
b3_scip300,uccase12__C:D__s1.json.gz,checked_feasible
b3_scip300,uccase12__C:HEU>HOFF@25__s0.json.gz,checked_feasible
b3_scip300,uccase12__C:HEU>HOFF@25__s1.json.gz,checked_feasible
b3_scip300,uccase12__C:HEU__s0.json.gz,checked_feasible
b3_scip300,uccase12__C:HEU__s1.json.gz,checked_feasible
b3_scip300,uccase12__C:HOFF>HEU@stall20__s0.json.gz,checked_feasible
b3_scip300,uccase12__C:HOFF>HEU@stall20__s1.json.gz,checked_feasible
b3_scip300,uccase12__C:INF__s0.json.gz,checked_feasible
b3_scip300,uccase12__C:INF__s1.json.gz,checked_feasible
b3_scip300,uccase12__C:NOC__s0.json.gz,checked_feasible
b3_scip300,uccase12__C:NOC__s1.json.gz,checked_feasible
b3_scip300,uccase12__C:PSC>D@25__s0.json.gz,checked_feasible
b3_scip300,uccase12__C:PSC>D@25__s1.json.gz,checked_feasible
b3_scip300,uccase12__C:PSC__s0.json.gz,checked_feasible
b3_scip300,uccase12__C:PSC__s1.json.gz,checked_feasible
diag_train,item_placement_0__C:D__s0.json.gz,checked_feasible
diag_train,item_placement_0__C:HEU__s0.json.gz,checked_feasible
diag_train,item_placement_0__C:INF__s0.json.gz,checked_feasible
diag_train,item_placement_0__C:NOC__s0.json.gz,checked_feasible
diag_train,item_placement_0__C:PSC__s0.json.gz,checked_feasible
diag_train,item_placement_10__C:D__s0.json.gz,checked_feasible
diag_train,item_placement_10__C:HEU__s0.json.gz,checked_feasible
diag_train,item_placement_10__C:INF__s0.json.gz,checked_feasible
diag_train,item_placement_10__C:NOC__s0.json.gz,checked_feasible
diag_train,item_placement_10__C:PSC__s0.json.gz,checked_feasible
diag_train,item_placement_11__C:D__s0.json.gz,checked_feasible
diag_train,item_placement_11__C:HEU__s0.json.gz,checked_feasible
diag_train,item_placement_11__C:INF__s0.json.gz,checked_feasible
diag_train,item_placement_11__C:NOC__s0.json.gz,checked_feasible
diag_train,item_placement_11__C:PSC__s0.json.gz,checked_feasible
diag_train,item_placement_12__C:D__s0.json.gz,checked_feasible
diag_train,item_placement_12__C:HEU__s0.json.gz,checked_feasible
diag_train,item_placement_12__C:INF__s0.json.gz,checked_feasible
diag_train,item_placement_12__C:NOC__s0.json.gz,checked_feasible
diag_train,item_placement_12__C:PSC__s0.json.gz,checked_feasible
diag_train,item_placement_13__C:D__s0.json.gz,checked_feasible
diag_train,item_placement_13__C:HEU__s0.json.gz,checked_feasible
diag_train,item_placement_13__C:INF__s0.json.gz,checked_feasible
diag_train,item_placement_13__C:NOC__s0.json.gz,checked_feasible
diag_train,item_placement_13__C:PSC__s0.json.gz,checked_feasible
diag_train,item_placement_14__C:D__s0.json.gz,checked_feasible
diag_train,item_placement_14__C:HEU__s0.json.gz,checked_feasible
diag_train,item_placement_14__C:INF__s0.json.gz,checked_feasible
diag_train,item_placement_14__C:NOC__s0.json.gz,checked_feasible
diag_train,item_placement_14__C:PSC__s0.json.gz,checked_feasible
diag_train,item_placement_15__C:D__s0.json.gz,checked_feasible
diag_train,item_placement_15__C:HEU__s0.json.gz,checked_feasible
diag_train,item_placement_15__C:INF__s0.json.gz,checked_feasible
diag_train,item_placement_15__C:NOC__s0.json.gz,checked_feasible
diag_train,item_placement_15__C:PSC__s0.json.gz,checked_feasible
diag_train,item_placement_16__C:D__s0.json.gz,checked_feasible
diag_train,item_placement_16__C:HEU__s0.json.gz,checked_feasible
diag_train,item_placement_16__C:INF__s0.json.gz,checked_feasible
diag_train,item_placement_16__C:NOC__s0.json.gz,checked_feasible
diag_train,item_placement_16__C:PSC__s0.json.gz,checked_feasible
diag_train,item_placement_17__C:D__s0.json.gz,checked_feasible
diag_train,item_placement_17__C:HEU__s0.json.gz,checked_feasible
diag_train,item_placement_17__C:INF__s0.json.gz,checked_feasible
diag_train,item_placement_17__C:NOC__s0.json.gz,checked_feasible
diag_train,item_placement_17__C:PSC__s0.json.gz,checked_feasible
diag_train,item_placement_18__C:D__s0.json.gz,checked_feasible
diag_train,item_placement_18__C:HEU__s0.json.gz,checked_feasible
diag_train,item_placement_18__C:INF__s0.json.gz,checked_feasible
diag_train,item_placement_18__C:NOC__s0.json.gz,checked_feasible
diag_train,item_placement_18__C:PSC__s0.json.gz,checked_feasible
diag_train,item_placement_19__C:D__s0.json.gz,checked_feasible
diag_train,item_placement_19__C:HEU__s0.json.gz,checked_feasible
diag_train,item_placement_19__C:INF__s0.json.gz,checked_feasible
diag_train,item_placement_19__C:NOC__s0.json.gz,checked_feasible
diag_train,item_placement_19__C:PSC__s0.json.gz,checked_feasible
diag_train,item_placement_1__C:D__s0.json.gz,checked_feasible
diag_train,item_placement_1__C:HEU__s0.json.gz,checked_feasible
diag_train,item_placement_1__C:INF__s0.json.gz,checked_feasible
diag_train,item_placement_1__C:NOC__s0.json.gz,checked_feasible
diag_train,item_placement_1__C:PSC__s0.json.gz,checked_feasible
diag_train,item_placement_20__C:D__s0.json.gz,checked_feasible
diag_train,item_placement_20__C:HEU__s0.json.gz,checked_feasible
diag_train,item_placement_20__C:INF__s0.json.gz,checked_feasible
diag_train,item_placement_20__C:NOC__s0.json.gz,checked_feasible
diag_train,item_placement_20__C:PSC__s0.json.gz,checked_feasible
diag_train,item_placement_21__C:D__s0.json.gz,checked_feasible
diag_train,item_placement_21__C:HEU__s0.json.gz,checked_feasible
diag_train,item_placement_21__C:INF__s0.json.gz,checked_feasible
diag_train,item_placement_21__C:NOC__s0.json.gz,checked_feasible
diag_train,item_placement_21__C:PSC__s0.json.gz,checked_feasible
diag_train,item_placement_22__C:D__s0.json.gz,checked_feasible
diag_train,item_placement_22__C:HEU__s0.json.gz,checked_feasible
diag_train,item_placement_22__C:INF__s0.json.gz,checked_feasible
diag_train,item_placement_22__C:NOC__s0.json.gz,checked_feasible
diag_train,item_placement_22__C:PSC__s0.json.gz,checked_feasible
diag_train,item_placement_23__C:D__s0.json.gz,checked_feasible
diag_train,item_placement_23__C:HEU__s0.json.gz,checked_feasible
diag_train,item_placement_23__C:INF__s0.json.gz,checked_feasible
diag_train,item_placement_23__C:NOC__s0.json.gz,checked_feasible
diag_train,item_placement_23__C:PSC__s0.json.gz,checked_feasible
diag_train,item_placement_24__C:D__s0.json.gz,checked_feasible
diag_train,item_placement_24__C:HEU__s0.json.gz,checked_feasible
diag_train,item_placement_24__C:INF__s0.json.gz,checked_feasible
diag_train,item_placement_24__C:NOC__s0.json.gz,checked_feasible
diag_train,item_placement_24__C:PSC__s0.json.gz,checked_feasible
diag_train,item_placement_25__C:D__s0.json.gz,checked_feasible
diag_train,item_placement_25__C:HEU__s0.json.gz,checked_feasible
diag_train,item_placement_25__C:INF__s0.json.gz,checked_feasible
diag_train,item_placement_25__C:NOC__s0.json.gz,checked_feasible
diag_train,item_placement_25__C:PSC__s0.json.gz,checked_feasible
diag_train,item_placement_26__C:D__s0.json.gz,checked_feasible
diag_train,item_placement_26__C:HEU__s0.json.gz,checked_feasible
diag_train,item_placement_26__C:INF__s0.json.gz,checked_feasible
diag_train,item_placement_26__C:NOC__s0.json.gz,checked_feasible
diag_train,item_placement_26__C:PSC__s0.json.gz,checked_feasible
diag_train,item_placement_27__C:D__s0.json.gz,checked_feasible
diag_train,item_placement_27__C:HEU__s0.json.gz,checked_feasible
diag_train,item_placement_27__C:INF__s0.json.gz,checked_feasible
diag_train,item_placement_27__C:NOC__s0.json.gz,checked_feasible
diag_train,item_placement_27__C:PSC__s0.json.gz,checked_feasible
diag_train,item_placement_28__C:D__s0.json.gz,checked_feasible
diag_train,item_placement_28__C:HEU__s0.json.gz,checked_feasible
diag_train,item_placement_28__C:INF__s0.json.gz,checked_feasible
diag_train,item_placement_28__C:NOC__s0.json.gz,checked_feasible
diag_train,item_placement_28__C:PSC__s0.json.gz,checked_feasible
diag_train,item_placement_29__C:D__s0.json.gz,checked_feasible
diag_train,item_placement_29__C:HEU__s0.json.gz,checked_feasible
diag_train,item_placement_29__C:INF__s0.json.gz,checked_feasible
diag_train,item_placement_29__C:NOC__s0.json.gz,checked_feasible
diag_train,item_placement_29__C:PSC__s0.json.gz,checked_feasible
diag_train,item_placement_2__C:D__s0.json.gz,checked_feasible
diag_train,item_placement_2__C:HEU__s0.json.gz,checked_feasible
diag_train,item_placement_2__C:INF__s0.json.gz,checked_feasible
diag_train,item_placement_2__C:NOC__s0.json.gz,checked_feasible
diag_train,item_placement_2__C:PSC__s0.json.gz,checked_feasible
diag_train,item_placement_3__C:D__s0.json.gz,checked_feasible
diag_train,item_placement_3__C:HEU__s0.json.gz,checked_feasible
diag_train,item_placement_3__C:INF__s0.json.gz,checked_feasible
diag_train,item_placement_3__C:NOC__s0.json.gz,checked_feasible
diag_train,item_placement_3__C:PSC__s0.json.gz,checked_feasible
diag_train,item_placement_4__C:D__s0.json.gz,checked_feasible
diag_train,item_placement_4__C:HEU__s0.json.gz,checked_feasible
diag_train,item_placement_4__C:INF__s0.json.gz,checked_feasible
diag_train,item_placement_4__C:NOC__s0.json.gz,checked_feasible
diag_train,item_placement_4__C:PSC__s0.json.gz,checked_feasible
diag_train,item_placement_5__C:D__s0.json.gz,checked_feasible
diag_train,item_placement_5__C:HEU__s0.json.gz,checked_feasible
diag_train,item_placement_5__C:INF__s0.json.gz,checked_feasible
diag_train,item_placement_5__C:NOC__s0.json.gz,checked_feasible
diag_train,item_placement_5__C:PSC__s0.json.gz,checked_feasible
diag_train,item_placement_6__C:D__s0.json.gz,checked_feasible
diag_train,item_placement_6__C:HEU__s0.json.gz,checked_feasible
diag_train,item_placement_6__C:INF__s0.json.gz,checked_feasible
diag_train,item_placement_6__C:NOC__s0.json.gz,checked_feasible
diag_train,item_placement_6__C:PSC__s0.json.gz,checked_feasible
diag_train,item_placement_7__C:D__s0.json.gz,checked_feasible
diag_train,item_placement_7__C:HEU__s0.json.gz,checked_feasible
diag_train,item_placement_7__C:INF__s0.json.gz,checked_feasible
diag_train,item_placement_7__C:NOC__s0.json.gz,checked_feasible
diag_train,item_placement_7__C:PSC__s0.json.gz,checked_feasible
diag_train,item_placement_8__C:D__s0.json.gz,checked_feasible
diag_train,item_placement_8__C:HEU__s0.json.gz,checked_feasible
diag_train,item_placement_8__C:INF__s0.json.gz,checked_feasible
diag_train,item_placement_8__C:NOC__s0.json.gz,checked_feasible
diag_train,item_placement_8__C:PSC__s0.json.gz,checked_feasible
diag_train,item_placement_9__C:D__s0.json.gz,checked_feasible
diag_train,item_placement_9__C:HEU__s0.json.gz,checked_feasible
diag_train,item_placement_9__C:INF__s0.json.gz,checked_feasible
diag_train,item_placement_9__C:NOC__s0.json.gz,checked_feasible
diag_train,item_placement_9__C:PSC__s0.json.gz,checked_feasible
diag_train,load_balancing_0__C:D__s0.json.gz,checked_feasible
diag_train,load_balancing_0__C:HEU__s0.json.gz,checked_feasible
diag_train,load_balancing_0__C:HOFF__s0.json.gz,checked_feasible
diag_train,load_balancing_0__C:INF__s0.json.gz,checked_feasible
diag_train,load_balancing_0__C:NOC__s0.json.gz,checked_feasible
diag_train,load_balancing_0__C:PSC__s0.json.gz,checked_feasible
diag_train,load_balancing_10__C:D__s0.json.gz,checked_feasible
diag_train,load_balancing_10__C:HEU__s0.json.gz,checked_feasible
diag_train,load_balancing_10__C:HOFF__s0.json.gz,checked_feasible
diag_train,load_balancing_10__C:INF__s0.json.gz,checked_feasible
diag_train,load_balancing_10__C:NOC__s0.json.gz,checked_feasible
diag_train,load_balancing_10__C:PSC__s0.json.gz,checked_feasible
diag_train,load_balancing_11__C:D__s0.json.gz,checked_feasible
diag_train,load_balancing_11__C:HEU__s0.json.gz,checked_feasible
diag_train,load_balancing_11__C:HOFF__s0.json.gz,checked_feasible
diag_train,load_balancing_11__C:INF__s0.json.gz,checked_feasible
diag_train,load_balancing_11__C:NOC__s0.json.gz,checked_feasible
diag_train,load_balancing_11__C:PSC__s0.json.gz,checked_feasible
diag_train,load_balancing_12__C:D__s0.json.gz,checked_feasible
diag_train,load_balancing_12__C:HEU__s0.json.gz,checked_feasible
diag_train,load_balancing_12__C:HOFF__s0.json.gz,checked_feasible
diag_train,load_balancing_12__C:INF__s0.json.gz,checked_feasible
diag_train,load_balancing_12__C:NOC__s0.json.gz,checked_feasible
diag_train,load_balancing_12__C:PSC__s0.json.gz,checked_feasible
diag_train,load_balancing_13__C:D__s0.json.gz,checked_feasible
diag_train,load_balancing_13__C:HEU__s0.json.gz,checked_feasible
diag_train,load_balancing_13__C:HOFF__s0.json.gz,checked_feasible
diag_train,load_balancing_13__C:INF__s0.json.gz,checked_feasible
diag_train,load_balancing_13__C:NOC__s0.json.gz,checked_feasible
diag_train,load_balancing_13__C:PSC__s0.json.gz,checked_feasible
diag_train,load_balancing_14__C:D__s0.json.gz,checked_feasible
diag_train,load_balancing_14__C:HEU__s0.json.gz,checked_feasible
diag_train,load_balancing_14__C:HOFF__s0.json.gz,checked_feasible
diag_train,load_balancing_14__C:INF__s0.json.gz,checked_feasible
diag_train,load_balancing_14__C:NOC__s0.json.gz,checked_feasible
diag_train,load_balancing_14__C:PSC__s0.json.gz,checked_feasible
diag_train,load_balancing_15__C:D__s0.json.gz,checked_feasible
diag_train,load_balancing_15__C:HEU__s0.json.gz,checked_feasible
diag_train,load_balancing_15__C:HOFF__s0.json.gz,checked_feasible
diag_train,load_balancing_15__C:INF__s0.json.gz,checked_feasible
diag_train,load_balancing_15__C:NOC__s0.json.gz,checked_feasible
diag_train,load_balancing_15__C:PSC__s0.json.gz,checked_feasible
diag_train,load_balancing_16__C:D__s0.json.gz,checked_feasible
diag_train,load_balancing_16__C:HEU__s0.json.gz,checked_feasible
diag_train,load_balancing_16__C:HOFF__s0.json.gz,checked_feasible
diag_train,load_balancing_16__C:INF__s0.json.gz,checked_feasible
diag_train,load_balancing_16__C:NOC__s0.json.gz,checked_feasible
diag_train,load_balancing_16__C:PSC__s0.json.gz,checked_feasible
diag_train,load_balancing_17__C:D__s0.json.gz,checked_feasible
diag_train,load_balancing_17__C:HEU__s0.json.gz,checked_feasible
diag_train,load_balancing_17__C:HOFF__s0.json.gz,checked_feasible
diag_train,load_balancing_17__C:INF__s0.json.gz,checked_feasible
diag_train,load_balancing_17__C:NOC__s0.json.gz,checked_feasible
diag_train,load_balancing_17__C:PSC__s0.json.gz,checked_feasible
diag_train,load_balancing_18__C:D__s0.json.gz,checked_feasible
diag_train,load_balancing_18__C:HEU__s0.json.gz,checked_feasible
diag_train,load_balancing_18__C:HOFF__s0.json.gz,checked_feasible
diag_train,load_balancing_18__C:INF__s0.json.gz,checked_feasible
diag_train,load_balancing_18__C:NOC__s0.json.gz,checked_feasible
diag_train,load_balancing_18__C:PSC__s0.json.gz,checked_feasible
diag_train,load_balancing_19__C:D__s0.json.gz,checked_feasible
diag_train,load_balancing_19__C:HEU__s0.json.gz,checked_feasible
diag_train,load_balancing_19__C:HOFF__s0.json.gz,checked_feasible
diag_train,load_balancing_19__C:INF__s0.json.gz,checked_feasible
diag_train,load_balancing_19__C:NOC__s0.json.gz,checked_feasible
diag_train,load_balancing_19__C:PSC__s0.json.gz,checked_feasible
diag_train,load_balancing_1__C:D__s0.json.gz,checked_feasible
diag_train,load_balancing_1__C:HEU__s0.json.gz,checked_feasible
diag_train,load_balancing_1__C:HOFF__s0.json.gz,checked_feasible
diag_train,load_balancing_1__C:INF__s0.json.gz,checked_feasible
diag_train,load_balancing_1__C:NOC__s0.json.gz,checked_feasible
diag_train,load_balancing_1__C:PSC__s0.json.gz,checked_feasible
diag_train,load_balancing_20__C:D__s0.json.gz,checked_feasible
diag_train,load_balancing_20__C:HEU__s0.json.gz,checked_feasible
diag_train,load_balancing_20__C:HOFF__s0.json.gz,checked_feasible
diag_train,load_balancing_20__C:INF__s0.json.gz,checked_feasible
diag_train,load_balancing_20__C:NOC__s0.json.gz,checked_feasible
diag_train,load_balancing_20__C:PSC__s0.json.gz,checked_feasible
diag_train,load_balancing_21__C:D__s0.json.gz,checked_feasible
diag_train,load_balancing_21__C:HEU__s0.json.gz,checked_feasible
diag_train,load_balancing_21__C:HOFF__s0.json.gz,checked_feasible
diag_train,load_balancing_21__C:INF__s0.json.gz,checked_feasible
diag_train,load_balancing_21__C:NOC__s0.json.gz,checked_feasible
diag_train,load_balancing_21__C:PSC__s0.json.gz,checked_feasible
diag_train,load_balancing_22__C:D__s0.json.gz,checked_feasible
diag_train,load_balancing_22__C:HEU__s0.json.gz,checked_feasible
diag_train,load_balancing_22__C:HOFF__s0.json.gz,checked_feasible
diag_train,load_balancing_22__C:INF__s0.json.gz,checked_feasible
diag_train,load_balancing_22__C:NOC__s0.json.gz,checked_feasible
diag_train,load_balancing_22__C:PSC__s0.json.gz,checked_feasible
diag_train,load_balancing_23__C:D__s0.json.gz,checked_feasible
diag_train,load_balancing_23__C:HEU__s0.json.gz,checked_feasible
diag_train,load_balancing_23__C:HOFF__s0.json.gz,checked_feasible
diag_train,load_balancing_23__C:INF__s0.json.gz,checked_feasible
diag_train,load_balancing_23__C:NOC__s0.json.gz,checked_feasible
diag_train,load_balancing_23__C:PSC__s0.json.gz,checked_feasible
diag_train,load_balancing_24__C:D__s0.json.gz,checked_feasible
diag_train,load_balancing_24__C:HEU__s0.json.gz,checked_feasible
diag_train,load_balancing_24__C:HOFF__s0.json.gz,checked_feasible
diag_train,load_balancing_24__C:INF__s0.json.gz,checked_feasible
diag_train,load_balancing_24__C:NOC__s0.json.gz,checked_feasible
diag_train,load_balancing_24__C:PSC__s0.json.gz,checked_feasible
diag_train,load_balancing_25__C:D__s0.json.gz,checked_feasible
diag_train,load_balancing_25__C:HEU__s0.json.gz,checked_feasible
diag_train,load_balancing_25__C:HOFF__s0.json.gz,checked_feasible
diag_train,load_balancing_25__C:INF__s0.json.gz,checked_feasible
diag_train,load_balancing_25__C:NOC__s0.json.gz,checked_feasible
diag_train,load_balancing_25__C:PSC__s0.json.gz,checked_feasible
diag_train,load_balancing_26__C:D__s0.json.gz,checked_feasible
diag_train,load_balancing_26__C:HEU__s0.json.gz,checked_feasible
diag_train,load_balancing_26__C:HOFF__s0.json.gz,checked_feasible
diag_train,load_balancing_26__C:INF__s0.json.gz,checked_feasible
diag_train,load_balancing_26__C:NOC__s0.json.gz,checked_feasible
diag_train,load_balancing_26__C:PSC__s0.json.gz,checked_feasible
diag_train,load_balancing_27__C:D__s0.json.gz,checked_feasible
diag_train,load_balancing_27__C:HEU__s0.json.gz,checked_feasible
diag_train,load_balancing_27__C:HOFF__s0.json.gz,checked_feasible
diag_train,load_balancing_27__C:INF__s0.json.gz,checked_feasible
diag_train,load_balancing_27__C:NOC__s0.json.gz,checked_feasible
diag_train,load_balancing_27__C:PSC__s0.json.gz,checked_feasible
diag_train,load_balancing_28__C:D__s0.json.gz,checked_feasible
diag_train,load_balancing_28__C:HEU__s0.json.gz,checked_feasible
diag_train,load_balancing_28__C:HOFF__s0.json.gz,checked_feasible
diag_train,load_balancing_28__C:INF__s0.json.gz,checked_feasible
diag_train,load_balancing_28__C:NOC__s0.json.gz,checked_feasible
diag_train,load_balancing_28__C:PSC__s0.json.gz,checked_feasible
diag_train,load_balancing_29__C:D__s0.json.gz,checked_feasible
diag_train,load_balancing_29__C:HEU__s0.json.gz,checked_feasible
diag_train,load_balancing_29__C:HOFF__s0.json.gz,checked_feasible
diag_train,load_balancing_29__C:INF__s0.json.gz,checked_feasible
diag_train,load_balancing_29__C:NOC__s0.json.gz,checked_feasible
diag_train,load_balancing_29__C:PSC__s0.json.gz,checked_feasible
diag_train,load_balancing_2__C:D__s0.json.gz,checked_feasible
diag_train,load_balancing_2__C:HEU__s0.json.gz,checked_feasible
diag_train,load_balancing_2__C:HOFF__s0.json.gz,checked_feasible
diag_train,load_balancing_2__C:INF__s0.json.gz,checked_feasible
diag_train,load_balancing_2__C:NOC__s0.json.gz,checked_feasible
diag_train,load_balancing_2__C:PSC__s0.json.gz,checked_feasible
diag_train,load_balancing_3__C:D__s0.json.gz,checked_feasible
diag_train,load_balancing_3__C:HEU__s0.json.gz,checked_feasible
diag_train,load_balancing_3__C:HOFF__s0.json.gz,checked_feasible
diag_train,load_balancing_3__C:INF__s0.json.gz,checked_feasible
diag_train,load_balancing_3__C:NOC__s0.json.gz,checked_feasible
diag_train,load_balancing_3__C:PSC__s0.json.gz,checked_feasible
diag_train,load_balancing_4__C:D__s0.json.gz,checked_feasible
diag_train,load_balancing_4__C:HEU__s0.json.gz,checked_feasible
diag_train,load_balancing_4__C:HOFF__s0.json.gz,checked_feasible
diag_train,load_balancing_4__C:INF__s0.json.gz,checked_feasible
diag_train,load_balancing_4__C:NOC__s0.json.gz,checked_feasible
diag_train,load_balancing_4__C:PSC__s0.json.gz,checked_feasible
diag_train,load_balancing_5__C:D__s0.json.gz,checked_feasible
diag_train,load_balancing_5__C:HEU__s0.json.gz,checked_feasible
diag_train,load_balancing_5__C:HOFF__s0.json.gz,checked_feasible
diag_train,load_balancing_5__C:INF__s0.json.gz,checked_feasible
diag_train,load_balancing_5__C:NOC__s0.json.gz,checked_feasible
diag_train,load_balancing_5__C:PSC__s0.json.gz,checked_feasible
diag_train,load_balancing_6__C:D__s0.json.gz,checked_feasible
diag_train,load_balancing_6__C:HEU__s0.json.gz,checked_feasible
diag_train,load_balancing_6__C:HOFF__s0.json.gz,checked_feasible
diag_train,load_balancing_6__C:INF__s0.json.gz,checked_feasible
diag_train,load_balancing_6__C:NOC__s0.json.gz,checked_feasible
diag_train,load_balancing_6__C:PSC__s0.json.gz,checked_feasible
diag_train,load_balancing_7__C:D__s0.json.gz,checked_feasible
diag_train,load_balancing_7__C:HEU__s0.json.gz,checked_feasible
diag_train,load_balancing_7__C:HOFF__s0.json.gz,checked_feasible
diag_train,load_balancing_7__C:INF__s0.json.gz,checked_feasible
diag_train,load_balancing_7__C:NOC__s0.json.gz,checked_feasible
diag_train,load_balancing_7__C:PSC__s0.json.gz,checked_feasible
diag_train,load_balancing_8__C:D__s0.json.gz,checked_feasible
diag_train,load_balancing_8__C:HEU__s0.json.gz,checked_feasible
diag_train,load_balancing_8__C:HOFF__s0.json.gz,checked_feasible
diag_train,load_balancing_8__C:INF__s0.json.gz,checked_feasible
diag_train,load_balancing_8__C:NOC__s0.json.gz,checked_feasible
diag_train,load_balancing_8__C:PSC__s0.json.gz,checked_feasible
diag_train,load_balancing_9__C:D__s0.json.gz,checked_feasible
diag_train,load_balancing_9__C:HEU__s0.json.gz,checked_feasible
diag_train,load_balancing_9__C:HOFF__s0.json.gz,checked_feasible
diag_train,load_balancing_9__C:INF__s0.json.gz,checked_feasible
diag_train,load_balancing_9__C:NOC__s0.json.gz,checked_feasible
diag_train,load_balancing_9__C:PSC__s0.json.gz,checked_feasible
llm_agents,item_placement_9910__A:default__s0.json.gz,checked_feasible
llm_agents,item_placement_9910__A:default__s1.json.gz,checked_feasible
llm_agents,item_placement_9910__A:gpt6luna__s0.json.gz,checked_feasible
llm_agents,item_placement_9910__A:laya__s0.json.gz,checked_feasible
llm_agents,item_placement_9910__A:laya__s1.json.gz,checked_feasible
llm_agents,item_placement_9910__A:llm+laya__s0.json.gz,checked_feasible
llm_agents,item_placement_9910__A:llm+laya__s1.json.gz,checked_feasible
llm_agents,item_placement_9910__A:llm__s0.json.gz,checked_feasible
llm_agents,item_placement_9910__A:llm__s1.json.gz,checked_feasible
llm_agents,item_placement_9910__C:HEU__s0.json.gz,checked_feasible
llm_agents,item_placement_9910__C:HEU__s1.json.gz,checked_feasible
llm_agents,item_placement_9911__A:default__s0.json.gz,checked_feasible
llm_agents,item_placement_9911__A:default__s1.json.gz,checked_feasible
llm_agents,item_placement_9911__A:gpt6luna__s0.json.gz,checked_feasible
llm_agents,item_placement_9911__A:laya__s0.json.gz,checked_feasible
llm_agents,item_placement_9911__A:laya__s1.json.gz,checked_feasible
llm_agents,item_placement_9911__A:llm+laya__s0.json.gz,checked_feasible
llm_agents,item_placement_9911__A:llm+laya__s1.json.gz,checked_feasible
llm_agents,item_placement_9911__A:llm__s0.json.gz,checked_feasible
llm_agents,item_placement_9911__A:llm__s1.json.gz,checked_feasible
llm_agents,item_placement_9911__C:HEU__s0.json.gz,checked_feasible
llm_agents,item_placement_9911__C:HEU__s1.json.gz,checked_feasible
llm_agents,item_placement_9912__A:default__s0.json.gz,checked_feasible
llm_agents,item_placement_9912__A:default__s1.json.gz,checked_feasible
llm_agents,item_placement_9912__A:gpt6luna__s0.json.gz,checked_feasible
llm_agents,item_placement_9912__A:laya__s0.json.gz,checked_feasible
llm_agents,item_placement_9912__A:laya__s1.json.gz,checked_feasible
llm_agents,item_placement_9912__A:llm+laya__s0.json.gz,checked_feasible
llm_agents,item_placement_9912__A:llm+laya__s1.json.gz,checked_feasible
llm_agents,item_placement_9912__A:llm__s0.json.gz,checked_feasible
llm_agents,item_placement_9912__A:llm__s1.json.gz,checked_feasible
llm_agents,item_placement_9912__C:HEU__s0.json.gz,checked_feasible
llm_agents,item_placement_9912__C:HEU__s1.json.gz,checked_feasible
llm_agents,item_placement_9913__A:default__s0.json.gz,checked_feasible
llm_agents,item_placement_9913__A:default__s1.json.gz,checked_feasible
llm_agents,item_placement_9913__A:gpt6luna__s0.json.gz,checked_feasible
llm_agents,item_placement_9913__A:laya__s0.json.gz,checked_feasible
llm_agents,item_placement_9913__A:laya__s1.json.gz,checked_feasible
llm_agents,item_placement_9913__A:llm+laya__s0.json.gz,checked_feasible
llm_agents,item_placement_9913__A:llm+laya__s1.json.gz,checked_feasible
llm_agents,item_placement_9913__A:llm__s0.json.gz,checked_feasible
llm_agents,item_placement_9913__A:llm__s1.json.gz,checked_feasible
llm_agents,item_placement_9913__C:HEU__s0.json.gz,checked_feasible
llm_agents,item_placement_9913__C:HEU__s1.json.gz,checked_feasible
llm_agents,item_placement_9914__A:default__s0.json.gz,checked_feasible
llm_agents,item_placement_9914__A:default__s1.json.gz,checked_feasible
llm_agents,item_placement_9914__A:gpt6luna__s0.json.gz,checked_feasible
llm_agents,item_placement_9914__A:laya__s0.json.gz,checked_feasible
llm_agents,item_placement_9914__A:laya__s1.json.gz,checked_feasible
llm_agents,item_placement_9914__A:llm+laya__s0.json.gz,checked_feasible
llm_agents,item_placement_9914__A:llm+laya__s1.json.gz,checked_feasible
llm_agents,item_placement_9914__A:llm__s0.json.gz,checked_feasible
llm_agents,item_placement_9914__A:llm__s1.json.gz,checked_feasible
llm_agents,item_placement_9914__C:HEU__s0.json.gz,checked_feasible
llm_agents,item_placement_9914__C:HEU__s1.json.gz,checked_feasible
llm_agents,item_placement_9915__A:default__s0.json.gz,checked_feasible
llm_agents,item_placement_9915__A:default__s1.json.gz,checked_feasible
llm_agents,item_placement_9915__A:gpt6luna__s0.json.gz,checked_feasible
llm_agents,item_placement_9915__A:laya__s0.json.gz,checked_feasible
llm_agents,item_placement_9915__A:laya__s1.json.gz,checked_feasible
llm_agents,item_placement_9915__A:llm+laya__s0.json.gz,checked_feasible
llm_agents,item_placement_9915__A:llm+laya__s1.json.gz,checked_feasible
llm_agents,item_placement_9915__A:llm__s0.json.gz,checked_feasible
llm_agents,item_placement_9915__A:llm__s1.json.gz,checked_feasible
llm_agents,item_placement_9915__C:HEU__s0.json.gz,checked_feasible
llm_agents,item_placement_9915__C:HEU__s1.json.gz,checked_feasible
llm_agents,item_placement_9916__A:default__s0.json.gz,checked_feasible
llm_agents,item_placement_9916__A:default__s1.json.gz,checked_feasible
llm_agents,item_placement_9916__A:gpt6luna__s0.json.gz,checked_feasible
llm_agents,item_placement_9916__A:laya__s0.json.gz,checked_feasible
llm_agents,item_placement_9916__A:laya__s1.json.gz,checked_feasible
llm_agents,item_placement_9916__A:llm+laya__s0.json.gz,checked_feasible
llm_agents,item_placement_9916__A:llm+laya__s1.json.gz,checked_feasible
llm_agents,item_placement_9916__A:llm__s0.json.gz,checked_feasible
llm_agents,item_placement_9916__A:llm__s1.json.gz,checked_feasible
llm_agents,item_placement_9916__C:HEU__s0.json.gz,checked_feasible
llm_agents,item_placement_9916__C:HEU__s1.json.gz,checked_feasible
llm_agents,item_placement_9917__A:default__s0.json.gz,checked_feasible
llm_agents,item_placement_9917__A:default__s1.json.gz,checked_feasible
llm_agents,item_placement_9917__A:gpt6luna__s0.json.gz,checked_feasible
llm_agents,item_placement_9917__A:laya__s0.json.gz,checked_feasible
llm_agents,item_placement_9917__A:laya__s1.json.gz,checked_feasible
llm_agents,item_placement_9917__A:llm+laya__s0.json.gz,checked_feasible
llm_agents,item_placement_9917__A:llm+laya__s1.json.gz,checked_feasible
llm_agents,item_placement_9917__A:llm__s0.json.gz,checked_feasible
llm_agents,item_placement_9917__A:llm__s1.json.gz,checked_feasible
llm_agents,item_placement_9917__C:HEU__s0.json.gz,checked_feasible
llm_agents,item_placement_9917__C:HEU__s1.json.gz,checked_feasible
llm_agents,item_placement_9918__A:default__s0.json.gz,checked_feasible
llm_agents,item_placement_9918__A:default__s1.json.gz,checked_feasible
llm_agents,item_placement_9918__A:gpt6luna__s0.json.gz,checked_feasible
llm_agents,item_placement_9918__A:laya__s0.json.gz,checked_feasible
llm_agents,item_placement_9918__A:laya__s1.json.gz,checked_feasible
llm_agents,item_placement_9918__A:llm+laya__s0.json.gz,checked_feasible
llm_agents,item_placement_9918__A:llm+laya__s1.json.gz,checked_feasible
llm_agents,item_placement_9918__A:llm__s0.json.gz,checked_feasible
llm_agents,item_placement_9918__A:llm__s1.json.gz,checked_feasible
llm_agents,item_placement_9918__C:HEU__s0.json.gz,checked_feasible
llm_agents,item_placement_9918__C:HEU__s1.json.gz,checked_feasible
llm_agents,item_placement_9919__A:default__s0.json.gz,checked_feasible
llm_agents,item_placement_9919__A:default__s1.json.gz,checked_feasible
llm_agents,item_placement_9919__A:gpt6luna__s0.json.gz,checked_feasible
llm_agents,item_placement_9919__A:laya__s0.json.gz,checked_feasible
llm_agents,item_placement_9919__A:laya__s1.json.gz,checked_feasible
llm_agents,item_placement_9919__A:llm+laya__s0.json.gz,checked_feasible
llm_agents,item_placement_9919__A:llm+laya__s1.json.gz,checked_feasible
llm_agents,item_placement_9919__A:llm__s0.json.gz,checked_feasible
llm_agents,item_placement_9919__A:llm__s1.json.gz,checked_feasible
llm_agents,item_placement_9919__C:HEU__s0.json.gz,checked_feasible
llm_agents,item_placement_9919__C:HEU__s1.json.gz,checked_feasible
llm_agents,item_placement_9920__A:default__s0.json.gz,checked_feasible
llm_agents,item_placement_9920__A:default__s1.json.gz,checked_feasible
llm_agents,item_placement_9920__A:gpt6luna__s0.json.gz,checked_feasible
llm_agents,item_placement_9920__A:laya__s0.json.gz,checked_feasible
llm_agents,item_placement_9920__A:laya__s1.json.gz,checked_feasible
llm_agents,item_placement_9920__A:llm+laya__s0.json.gz,checked_feasible
llm_agents,item_placement_9920__A:llm+laya__s1.json.gz,checked_feasible
llm_agents,item_placement_9920__A:llm__s0.json.gz,checked_feasible
llm_agents,item_placement_9920__A:llm__s1.json.gz,checked_feasible
llm_agents,item_placement_9920__C:HEU__s0.json.gz,checked_feasible
llm_agents,item_placement_9920__C:HEU__s1.json.gz,checked_feasible
llm_agents,item_placement_9921__A:default__s0.json.gz,checked_feasible
llm_agents,item_placement_9921__A:default__s1.json.gz,checked_feasible
llm_agents,item_placement_9921__A:gpt6luna__s0.json.gz,checked_feasible
llm_agents,item_placement_9921__A:laya__s0.json.gz,checked_feasible
llm_agents,item_placement_9921__A:laya__s1.json.gz,checked_feasible
llm_agents,item_placement_9921__A:llm+laya__s0.json.gz,checked_feasible
llm_agents,item_placement_9921__A:llm+laya__s1.json.gz,checked_feasible
llm_agents,item_placement_9921__A:llm__s0.json.gz,checked_feasible
llm_agents,item_placement_9921__A:llm__s1.json.gz,checked_feasible
llm_agents,item_placement_9921__C:HEU__s0.json.gz,checked_feasible
llm_agents,item_placement_9921__C:HEU__s1.json.gz,checked_feasible
llm_agents,item_placement_9922__A:default__s0.json.gz,checked_feasible
llm_agents,item_placement_9922__A:default__s1.json.gz,checked_feasible
llm_agents,item_placement_9922__A:gpt6luna__s0.json.gz,checked_feasible
llm_agents,item_placement_9922__A:laya__s0.json.gz,checked_feasible
llm_agents,item_placement_9922__A:laya__s1.json.gz,checked_feasible
llm_agents,item_placement_9922__A:llm+laya__s0.json.gz,checked_feasible
llm_agents,item_placement_9922__A:llm+laya__s1.json.gz,checked_feasible
llm_agents,item_placement_9922__A:llm__s0.json.gz,checked_feasible
llm_agents,item_placement_9922__A:llm__s1.json.gz,checked_feasible
llm_agents,item_placement_9922__C:HEU__s0.json.gz,checked_feasible
llm_agents,item_placement_9922__C:HEU__s1.json.gz,checked_feasible
llm_agents,item_placement_9923__A:default__s0.json.gz,checked_feasible
llm_agents,item_placement_9923__A:default__s1.json.gz,checked_feasible
llm_agents,item_placement_9923__A:gpt6luna__s0.json.gz,checked_feasible
llm_agents,item_placement_9923__A:laya__s0.json.gz,checked_feasible
llm_agents,item_placement_9923__A:laya__s1.json.gz,checked_feasible
llm_agents,item_placement_9923__A:llm+laya__s0.json.gz,checked_feasible
llm_agents,item_placement_9923__A:llm+laya__s1.json.gz,checked_feasible
llm_agents,item_placement_9923__A:llm__s0.json.gz,checked_feasible
llm_agents,item_placement_9923__A:llm__s1.json.gz,checked_feasible
llm_agents,item_placement_9923__C:HEU__s0.json.gz,checked_feasible
llm_agents,item_placement_9923__C:HEU__s1.json.gz,checked_feasible
llm_agents,item_placement_9924__A:default__s0.json.gz,checked_feasible
llm_agents,item_placement_9924__A:default__s1.json.gz,checked_feasible
llm_agents,item_placement_9924__A:gpt6luna__s0.json.gz,checked_feasible
llm_agents,item_placement_9924__A:laya__s0.json.gz,checked_feasible
llm_agents,item_placement_9924__A:laya__s1.json.gz,checked_feasible
llm_agents,item_placement_9924__A:llm+laya__s0.json.gz,checked_feasible
llm_agents,item_placement_9924__A:llm+laya__s1.json.gz,checked_feasible
llm_agents,item_placement_9924__A:llm__s0.json.gz,checked_feasible
llm_agents,item_placement_9924__A:llm__s1.json.gz,checked_feasible
llm_agents,item_placement_9924__C:HEU__s0.json.gz,checked_feasible
llm_agents,item_placement_9924__C:HEU__s1.json.gz,checked_feasible
llm_agents,load_balancing_9910__A:default__s0.json.gz,checked_feasible
llm_agents,load_balancing_9910__A:default__s1.json.gz,checked_feasible
llm_agents,load_balancing_9910__A:gpt6luna__s0.json.gz,checked_feasible
llm_agents,load_balancing_9910__A:laya__s0.json.gz,checked_feasible
llm_agents,load_balancing_9910__A:laya__s1.json.gz,checked_feasible
llm_agents,load_balancing_9910__A:llm+laya__s0.json.gz,checked_feasible
llm_agents,load_balancing_9910__A:llm+laya__s1.json.gz,checked_feasible
llm_agents,load_balancing_9910__A:llm__s0.json.gz,checked_feasible
llm_agents,load_balancing_9910__A:llm__s1.json.gz,checked_feasible
llm_agents,load_balancing_9910__C:HEU__s0.json.gz,checked_feasible
llm_agents,load_balancing_9910__C:HEU__s1.json.gz,checked_feasible
llm_agents,load_balancing_9911__A:default__s0.json.gz,checked_feasible
llm_agents,load_balancing_9911__A:default__s1.json.gz,checked_feasible
llm_agents,load_balancing_9911__A:gpt6luna__s0.json.gz,checked_feasible
llm_agents,load_balancing_9911__A:laya__s0.json.gz,checked_feasible
llm_agents,load_balancing_9911__A:laya__s1.json.gz,checked_feasible
llm_agents,load_balancing_9911__A:llm+laya__s0.json.gz,checked_feasible
llm_agents,load_balancing_9911__A:llm+laya__s1.json.gz,checked_feasible
llm_agents,load_balancing_9911__A:llm__s0.json.gz,checked_feasible
llm_agents,load_balancing_9911__A:llm__s1.json.gz,checked_feasible
llm_agents,load_balancing_9911__C:HEU__s0.json.gz,checked_feasible
llm_agents,load_balancing_9911__C:HEU__s1.json.gz,checked_feasible
llm_agents,load_balancing_9912__A:default__s0.json.gz,checked_feasible
llm_agents,load_balancing_9912__A:default__s1.json.gz,checked_feasible
llm_agents,load_balancing_9912__A:gpt6luna__s0.json.gz,checked_feasible
llm_agents,load_balancing_9912__A:laya__s0.json.gz,checked_feasible
llm_agents,load_balancing_9912__A:laya__s1.json.gz,checked_feasible
llm_agents,load_balancing_9912__A:llm+laya__s0.json.gz,checked_feasible
llm_agents,load_balancing_9912__A:llm+laya__s1.json.gz,checked_feasible
llm_agents,load_balancing_9912__A:llm__s0.json.gz,checked_feasible
llm_agents,load_balancing_9912__A:llm__s1.json.gz,checked_feasible
llm_agents,load_balancing_9912__C:HEU__s0.json.gz,checked_feasible
llm_agents,load_balancing_9912__C:HEU__s1.json.gz,checked_feasible
llm_agents,load_balancing_9913__A:default__s0.json.gz,checked_feasible
llm_agents,load_balancing_9913__A:default__s1.json.gz,checked_feasible
llm_agents,load_balancing_9913__A:gpt6luna__s0.json.gz,checked_feasible
llm_agents,load_balancing_9913__A:laya__s0.json.gz,checked_feasible
llm_agents,load_balancing_9913__A:laya__s1.json.gz,checked_feasible
llm_agents,load_balancing_9913__A:llm+laya__s0.json.gz,checked_feasible
llm_agents,load_balancing_9913__A:llm+laya__s1.json.gz,checked_feasible
llm_agents,load_balancing_9913__A:llm__s0.json.gz,checked_feasible
llm_agents,load_balancing_9913__A:llm__s1.json.gz,checked_feasible
llm_agents,load_balancing_9913__C:HEU__s0.json.gz,checked_feasible
llm_agents,load_balancing_9913__C:HEU__s1.json.gz,checked_feasible
llm_agents,load_balancing_9914__A:default__s0.json.gz,checked_feasible
llm_agents,load_balancing_9914__A:default__s1.json.gz,checked_feasible
llm_agents,load_balancing_9914__A:gpt6luna__s0.json.gz,checked_feasible
llm_agents,load_balancing_9914__A:laya__s0.json.gz,checked_feasible
llm_agents,load_balancing_9914__A:laya__s1.json.gz,checked_feasible
llm_agents,load_balancing_9914__A:llm+laya__s0.json.gz,checked_feasible
llm_agents,load_balancing_9914__A:llm+laya__s1.json.gz,checked_feasible
llm_agents,load_balancing_9914__A:llm__s0.json.gz,checked_feasible
llm_agents,load_balancing_9914__A:llm__s1.json.gz,checked_feasible
llm_agents,load_balancing_9914__C:HEU__s0.json.gz,checked_feasible
llm_agents,load_balancing_9914__C:HEU__s1.json.gz,checked_feasible
llm_agents,load_balancing_9915__A:default__s0.json.gz,checked_feasible
llm_agents,load_balancing_9915__A:default__s1.json.gz,checked_feasible
llm_agents,load_balancing_9915__A:gpt6luna__s0.json.gz,checked_feasible
llm_agents,load_balancing_9915__A:laya__s0.json.gz,checked_feasible
llm_agents,load_balancing_9915__A:laya__s1.json.gz,checked_feasible
llm_agents,load_balancing_9915__A:llm+laya__s0.json.gz,checked_feasible
llm_agents,load_balancing_9915__A:llm+laya__s1.json.gz,checked_feasible
llm_agents,load_balancing_9915__A:llm__s0.json.gz,checked_feasible
llm_agents,load_balancing_9915__A:llm__s1.json.gz,checked_feasible
llm_agents,load_balancing_9915__C:HEU__s0.json.gz,checked_feasible
llm_agents,load_balancing_9915__C:HEU__s1.json.gz,checked_feasible
llm_agents,load_balancing_9916__A:default__s0.json.gz,checked_feasible
llm_agents,load_balancing_9916__A:default__s1.json.gz,checked_feasible
llm_agents,load_balancing_9916__A:gpt6luna__s0.json.gz,checked_feasible
llm_agents,load_balancing_9916__A:laya__s0.json.gz,checked_feasible
llm_agents,load_balancing_9916__A:laya__s1.json.gz,checked_feasible
llm_agents,load_balancing_9916__A:llm+laya__s0.json.gz,checked_feasible
llm_agents,load_balancing_9916__A:llm+laya__s1.json.gz,checked_feasible
llm_agents,load_balancing_9916__A:llm__s0.json.gz,checked_feasible
llm_agents,load_balancing_9916__A:llm__s1.json.gz,checked_feasible
llm_agents,load_balancing_9916__C:HEU__s0.json.gz,checked_feasible
llm_agents,load_balancing_9916__C:HEU__s1.json.gz,checked_feasible
llm_agents,load_balancing_9917__A:default__s0.json.gz,checked_feasible
llm_agents,load_balancing_9917__A:default__s1.json.gz,checked_feasible
llm_agents,load_balancing_9917__A:gpt6luna__s0.json.gz,checked_feasible
llm_agents,load_balancing_9917__A:laya__s0.json.gz,checked_feasible
llm_agents,load_balancing_9917__A:laya__s1.json.gz,checked_feasible
llm_agents,load_balancing_9917__A:llm+laya__s0.json.gz,checked_feasible
llm_agents,load_balancing_9917__A:llm+laya__s1.json.gz,checked_feasible
llm_agents,load_balancing_9917__A:llm__s0.json.gz,checked_feasible
llm_agents,load_balancing_9917__A:llm__s1.json.gz,checked_feasible
llm_agents,load_balancing_9917__C:HEU__s0.json.gz,checked_feasible
llm_agents,load_balancing_9917__C:HEU__s1.json.gz,checked_feasible
llm_agents,load_balancing_9918__A:default__s0.json.gz,checked_feasible
llm_agents,load_balancing_9918__A:default__s1.json.gz,checked_feasible
llm_agents,load_balancing_9918__A:gpt6luna__s0.json.gz,checked_feasible
llm_agents,load_balancing_9918__A:laya__s0.json.gz,checked_feasible
llm_agents,load_balancing_9918__A:laya__s1.json.gz,checked_feasible
llm_agents,load_balancing_9918__A:llm+laya__s0.json.gz,checked_feasible
llm_agents,load_balancing_9918__A:llm+laya__s1.json.gz,checked_feasible
llm_agents,load_balancing_9918__A:llm__s0.json.gz,checked_feasible
llm_agents,load_balancing_9918__A:llm__s1.json.gz,checked_feasible
llm_agents,load_balancing_9918__C:HEU__s0.json.gz,checked_feasible
llm_agents,load_balancing_9918__C:HEU__s1.json.gz,checked_feasible
llm_agents,load_balancing_9919__A:default__s0.json.gz,checked_feasible
llm_agents,load_balancing_9919__A:default__s1.json.gz,checked_feasible
llm_agents,load_balancing_9919__A:gpt6luna__s0.json.gz,checked_feasible
llm_agents,load_balancing_9919__A:laya__s0.json.gz,checked_feasible
llm_agents,load_balancing_9919__A:laya__s1.json.gz,checked_feasible
llm_agents,load_balancing_9919__A:llm+laya__s0.json.gz,checked_feasible
llm_agents,load_balancing_9919__A:llm+laya__s1.json.gz,checked_feasible
llm_agents,load_balancing_9919__A:llm__s0.json.gz,checked_feasible
llm_agents,load_balancing_9919__A:llm__s1.json.gz,checked_feasible
llm_agents,load_balancing_9919__C:HEU__s0.json.gz,checked_feasible
llm_agents,load_balancing_9919__C:HEU__s1.json.gz,checked_feasible
llm_agents,load_balancing_9920__A:default__s0.json.gz,checked_feasible
llm_agents,load_balancing_9920__A:default__s1.json.gz,checked_feasible
llm_agents,load_balancing_9920__A:gpt6luna__s0.json.gz,checked_feasible
llm_agents,load_balancing_9920__A:laya__s0.json.gz,checked_feasible
llm_agents,load_balancing_9920__A:laya__s1.json.gz,checked_feasible
llm_agents,load_balancing_9920__A:llm+laya__s0.json.gz,checked_feasible
llm_agents,load_balancing_9920__A:llm+laya__s1.json.gz,checked_feasible
llm_agents,load_balancing_9920__A:llm__s0.json.gz,checked_feasible
llm_agents,load_balancing_9920__A:llm__s1.json.gz,checked_feasible
llm_agents,load_balancing_9920__C:HEU__s0.json.gz,checked_feasible
llm_agents,load_balancing_9920__C:HEU__s1.json.gz,checked_feasible
llm_agents,load_balancing_9921__A:default__s0.json.gz,checked_feasible
llm_agents,load_balancing_9921__A:default__s1.json.gz,checked_feasible
llm_agents,load_balancing_9921__A:gpt6luna__s0.json.gz,checked_feasible
llm_agents,load_balancing_9921__A:laya__s0.json.gz,checked_feasible
llm_agents,load_balancing_9921__A:laya__s1.json.gz,checked_feasible
llm_agents,load_balancing_9921__A:llm+laya__s0.json.gz,checked_feasible
llm_agents,load_balancing_9921__A:llm+laya__s1.json.gz,checked_feasible
llm_agents,load_balancing_9921__A:llm__s0.json.gz,checked_feasible
llm_agents,load_balancing_9921__A:llm__s1.json.gz,checked_feasible
llm_agents,load_balancing_9921__C:HEU__s0.json.gz,checked_feasible
llm_agents,load_balancing_9921__C:HEU__s1.json.gz,checked_feasible
llm_agents,load_balancing_9922__A:default__s0.json.gz,checked_feasible
llm_agents,load_balancing_9922__A:default__s1.json.gz,checked_feasible
llm_agents,load_balancing_9922__A:gpt6luna__s0.json.gz,checked_feasible
llm_agents,load_balancing_9922__A:laya__s0.json.gz,checked_feasible
llm_agents,load_balancing_9922__A:laya__s1.json.gz,checked_feasible
llm_agents,load_balancing_9922__A:llm+laya__s0.json.gz,checked_feasible
llm_agents,load_balancing_9922__A:llm+laya__s1.json.gz,checked_feasible
llm_agents,load_balancing_9922__A:llm__s0.json.gz,checked_feasible
llm_agents,load_balancing_9922__A:llm__s1.json.gz,checked_feasible
llm_agents,load_balancing_9922__C:HEU__s0.json.gz,checked_feasible
llm_agents,load_balancing_9922__C:HEU__s1.json.gz,checked_feasible
llm_agents,load_balancing_9923__A:default__s0.json.gz,checked_feasible
llm_agents,load_balancing_9923__A:default__s1.json.gz,checked_feasible
llm_agents,load_balancing_9923__A:gpt6luna__s0.json.gz,checked_feasible
llm_agents,load_balancing_9923__A:laya__s0.json.gz,checked_feasible
llm_agents,load_balancing_9923__A:laya__s1.json.gz,checked_feasible
llm_agents,load_balancing_9923__A:llm+laya__s0.json.gz,checked_feasible
llm_agents,load_balancing_9923__A:llm+laya__s1.json.gz,checked_feasible
llm_agents,load_balancing_9923__A:llm__s0.json.gz,checked_feasible
llm_agents,load_balancing_9923__A:llm__s1.json.gz,checked_feasible
llm_agents,load_balancing_9923__C:HEU__s0.json.gz,checked_feasible
llm_agents,load_balancing_9923__C:HEU__s1.json.gz,checked_feasible
llm_agents,load_balancing_9924__A:default__s0.json.gz,checked_feasible
llm_agents,load_balancing_9924__A:default__s1.json.gz,checked_feasible
llm_agents,load_balancing_9924__A:gpt6luna__s0.json.gz,checked_feasible
llm_agents,load_balancing_9924__A:laya__s0.json.gz,checked_feasible
llm_agents,load_balancing_9924__A:laya__s1.json.gz,checked_feasible
llm_agents,load_balancing_9924__A:llm+laya__s0.json.gz,checked_feasible
llm_agents,load_balancing_9924__A:llm+laya__s1.json.gz,checked_feasible
llm_agents,load_balancing_9924__A:llm__s0.json.gz,checked_feasible
llm_agents,load_balancing_9924__A:llm__s1.json.gz,checked_feasible
llm_agents,load_balancing_9924__C:HEU__s0.json.gz,checked_feasible
llm_agents,load_balancing_9924__C:HEU__s1.json.gz,checked_feasible
pilot_e,binkar10_1__A:bandit__s0.json.gz,checked_feasible
pilot_e,binkar10_1__A:bandit__s1.json.gz,checked_feasible
pilot_e,binkar10_1__A:default__s0.json.gz,checked_feasible
pilot_e,binkar10_1__A:default__s1.json.gz,checked_feasible
pilot_e,binkar10_1__A:rules__s0.json.gz,checked_feasible
pilot_e,binkar10_1__A:rules__s1.json.gz,checked_feasible
pilot_e,comp21-2idx__A:bandit__s0.json.gz,checked_feasible
pilot_e,comp21-2idx__A:bandit__s1.json.gz,checked_feasible
pilot_e,comp21-2idx__A:default__s0.json.gz,checked_feasible
pilot_e,comp21-2idx__A:default__s1.json.gz,checked_feasible
pilot_e,comp21-2idx__A:rules__s0.json.gz,checked_feasible
pilot_e,comp21-2idx__A:rules__s1.json.gz,checked_feasible
pilot_e,dws008-01__A:bandit__s0.json.gz,checked_feasible
pilot_e,dws008-01__A:bandit__s1.json.gz,checked_feasible
pilot_e,dws008-01__A:default__s0.json.gz,checked_feasible
pilot_e,eil33-2__A:bandit__s0.json.gz,checked_feasible
pilot_e,eil33-2__A:bandit__s1.json.gz,checked_feasible
pilot_e,eil33-2__A:default__s0.json.gz,checked_feasible
pilot_e,eil33-2__A:default__s1.json.gz,checked_feasible
pilot_e,eil33-2__A:rules__s0.json.gz,checked_feasible
pilot_e,eil33-2__A:rules__s1.json.gz,checked_feasible
pilot_e,gen-ip054__A:bandit__s0.json.gz,checked_feasible
pilot_e,gen-ip054__A:bandit__s1.json.gz,checked_feasible
pilot_e,gen-ip054__A:default__s0.json.gz,checked_feasible
pilot_e,gen-ip054__A:default__s1.json.gz,checked_feasible
pilot_e,gen-ip054__A:rules__s0.json.gz,checked_feasible
pilot_e,gen-ip054__A:rules__s1.json.gz,checked_feasible
pilot_e,graphdraw-domain__A:bandit__s0.json.gz,checked_feasible
pilot_e,graphdraw-domain__A:bandit__s1.json.gz,checked_feasible
pilot_e,graphdraw-domain__A:default__s0.json.gz,checked_feasible
pilot_e,graphdraw-domain__A:default__s1.json.gz,checked_feasible
pilot_e,graphdraw-domain__A:rules__s0.json.gz,checked_feasible
pilot_e,graphdraw-domain__A:rules__s1.json.gz,checked_feasible
pilot_e,ic97_potential__A:bandit__s0.json.gz,checked_feasible
pilot_e,ic97_potential__A:bandit__s1.json.gz,checked_feasible
pilot_e,ic97_potential__A:default__s0.json.gz,checked_feasible
pilot_e,ic97_potential__A:default__s1.json.gz,checked_feasible
pilot_e,ic97_potential__A:rules__s0.json.gz,checked_feasible
pilot_e,ic97_potential__A:rules__s1.json.gz,checked_feasible
pilot_e,item_placement_9900__A:bandit__s0.json.gz,checked_feasible
pilot_e,item_placement_9900__A:bandit__s1.json.gz,checked_feasible
pilot_e,item_placement_9900__A:default__s0.json.gz,checked_feasible
pilot_e,item_placement_9900__A:default__s1.json.gz,checked_feasible
pilot_e,item_placement_9900__A:rules__s0.json.gz,checked_feasible
pilot_e,item_placement_9900__A:rules__s1.json.gz,checked_feasible
pilot_e,item_placement_9901__A:bandit__s0.json.gz,checked_feasible
pilot_e,item_placement_9901__A:bandit__s1.json.gz,checked_feasible
pilot_e,item_placement_9901__A:default__s0.json.gz,checked_feasible
pilot_e,item_placement_9901__A:default__s1.json.gz,checked_feasible
pilot_e,item_placement_9901__A:rules__s0.json.gz,checked_feasible
pilot_e,item_placement_9901__A:rules__s1.json.gz,checked_feasible
pilot_e,item_placement_9902__A:bandit__s0.json.gz,checked_feasible
pilot_e,item_placement_9902__A:bandit__s1.json.gz,checked_feasible
pilot_e,item_placement_9902__A:default__s0.json.gz,checked_feasible
pilot_e,item_placement_9902__A:default__s1.json.gz,checked_feasible
pilot_e,item_placement_9902__A:rules__s0.json.gz,checked_feasible
pilot_e,item_placement_9902__A:rules__s1.json.gz,checked_feasible
pilot_e,item_placement_9903__A:bandit__s0.json.gz,checked_feasible
pilot_e,item_placement_9903__A:bandit__s1.json.gz,checked_feasible
pilot_e,item_placement_9903__A:default__s0.json.gz,checked_feasible
pilot_e,item_placement_9903__A:default__s1.json.gz,checked_feasible
pilot_e,item_placement_9903__A:rules__s0.json.gz,checked_feasible
pilot_e,item_placement_9903__A:rules__s1.json.gz,checked_feasible
pilot_e,item_placement_9904__A:bandit__s0.json.gz,checked_feasible
pilot_e,item_placement_9904__A:bandit__s1.json.gz,checked_feasible
pilot_e,item_placement_9904__A:default__s0.json.gz,checked_feasible
pilot_e,item_placement_9904__A:default__s1.json.gz,checked_feasible
pilot_e,item_placement_9904__A:rules__s0.json.gz,checked_feasible
pilot_e,item_placement_9904__A:rules__s1.json.gz,checked_feasible
pilot_e,item_placement_9905__A:bandit__s0.json.gz,checked_feasible
pilot_e,item_placement_9905__A:bandit__s1.json.gz,checked_feasible
pilot_e,item_placement_9905__A:default__s0.json.gz,checked_feasible
pilot_e,item_placement_9905__A:default__s1.json.gz,checked_feasible
pilot_e,item_placement_9905__A:rules__s0.json.gz,checked_feasible
pilot_e,item_placement_9905__A:rules__s1.json.gz,checked_feasible
pilot_e,item_placement_9906__A:bandit__s0.json.gz,checked_feasible
pilot_e,item_placement_9906__A:bandit__s1.json.gz,checked_feasible
pilot_e,item_placement_9906__A:default__s0.json.gz,checked_feasible
pilot_e,item_placement_9906__A:default__s1.json.gz,checked_feasible
pilot_e,item_placement_9906__A:rules__s0.json.gz,checked_feasible
pilot_e,item_placement_9906__A:rules__s1.json.gz,checked_feasible
pilot_e,item_placement_9907__A:bandit__s0.json.gz,checked_feasible
pilot_e,item_placement_9907__A:bandit__s1.json.gz,checked_feasible
pilot_e,item_placement_9907__A:default__s0.json.gz,checked_feasible
pilot_e,item_placement_9907__A:default__s1.json.gz,checked_feasible
pilot_e,item_placement_9907__A:rules__s0.json.gz,checked_feasible
pilot_e,item_placement_9907__A:rules__s1.json.gz,checked_feasible
pilot_e,item_placement_9908__A:bandit__s0.json.gz,checked_feasible
pilot_e,item_placement_9908__A:bandit__s1.json.gz,checked_feasible
pilot_e,item_placement_9908__A:default__s0.json.gz,checked_feasible
pilot_e,item_placement_9908__A:default__s1.json.gz,checked_feasible
pilot_e,item_placement_9908__A:rules__s0.json.gz,checked_feasible
pilot_e,item_placement_9908__A:rules__s1.json.gz,checked_feasible
pilot_e,item_placement_9909__A:bandit__s0.json.gz,checked_feasible
pilot_e,item_placement_9909__A:bandit__s1.json.gz,checked_feasible
pilot_e,item_placement_9909__A:default__s0.json.gz,checked_feasible
pilot_e,item_placement_9909__A:default__s1.json.gz,checked_feasible
pilot_e,item_placement_9909__A:rules__s0.json.gz,checked_feasible
pilot_e,item_placement_9909__A:rules__s1.json.gz,checked_feasible
pilot_e,load_balancing_9900__A:bandit__s0.json.gz,checked_feasible
pilot_e,load_balancing_9900__A:bandit__s1.json.gz,checked_feasible
pilot_e,load_balancing_9900__A:default__s0.json.gz,checked_feasible
pilot_e,load_balancing_9900__A:default__s1.json.gz,checked_feasible
pilot_e,load_balancing_9900__A:rules__s0.json.gz,checked_feasible
pilot_e,load_balancing_9900__A:rules__s1.json.gz,checked_feasible
pilot_e,load_balancing_9901__A:bandit__s0.json.gz,checked_feasible
pilot_e,load_balancing_9901__A:bandit__s1.json.gz,checked_feasible
pilot_e,load_balancing_9901__A:default__s0.json.gz,checked_feasible
pilot_e,load_balancing_9901__A:default__s1.json.gz,checked_feasible
pilot_e,load_balancing_9901__A:rules__s0.json.gz,checked_feasible
pilot_e,load_balancing_9901__A:rules__s1.json.gz,checked_feasible
pilot_e,load_balancing_9902__A:bandit__s0.json.gz,checked_feasible
pilot_e,load_balancing_9902__A:bandit__s1.json.gz,checked_feasible
pilot_e,load_balancing_9902__A:default__s0.json.gz,checked_feasible
pilot_e,load_balancing_9902__A:default__s1.json.gz,checked_feasible
pilot_e,load_balancing_9902__A:rules__s0.json.gz,checked_feasible
pilot_e,load_balancing_9902__A:rules__s1.json.gz,checked_feasible
pilot_e,load_balancing_9903__A:bandit__s0.json.gz,checked_feasible
pilot_e,load_balancing_9903__A:bandit__s1.json.gz,checked_feasible
pilot_e,load_balancing_9903__A:default__s0.json.gz,checked_feasible
pilot_e,load_balancing_9903__A:default__s1.json.gz,checked_feasible
pilot_e,load_balancing_9903__A:rules__s0.json.gz,checked_feasible
pilot_e,load_balancing_9903__A:rules__s1.json.gz,checked_feasible
pilot_e,load_balancing_9904__A:bandit__s0.json.gz,checked_feasible
pilot_e,load_balancing_9904__A:bandit__s1.json.gz,checked_feasible
pilot_e,load_balancing_9904__A:default__s0.json.gz,checked_feasible
pilot_e,load_balancing_9904__A:default__s1.json.gz,checked_feasible
pilot_e,load_balancing_9904__A:rules__s0.json.gz,checked_feasible
pilot_e,load_balancing_9904__A:rules__s1.json.gz,checked_feasible
pilot_e,load_balancing_9905__A:bandit__s0.json.gz,checked_feasible
pilot_e,load_balancing_9905__A:bandit__s1.json.gz,checked_feasible
pilot_e,load_balancing_9905__A:default__s0.json.gz,checked_feasible
pilot_e,load_balancing_9905__A:default__s1.json.gz,checked_feasible
pilot_e,load_balancing_9905__A:rules__s0.json.gz,checked_feasible
pilot_e,load_balancing_9905__A:rules__s1.json.gz,checked_feasible
pilot_e,load_balancing_9906__A:bandit__s0.json.gz,checked_feasible
pilot_e,load_balancing_9906__A:bandit__s1.json.gz,checked_feasible
pilot_e,load_balancing_9906__A:default__s0.json.gz,checked_feasible
pilot_e,load_balancing_9906__A:default__s1.json.gz,checked_feasible
pilot_e,load_balancing_9906__A:rules__s0.json.gz,checked_feasible
pilot_e,load_balancing_9906__A:rules__s1.json.gz,checked_feasible
pilot_e,load_balancing_9907__A:bandit__s0.json.gz,checked_feasible
pilot_e,load_balancing_9907__A:bandit__s1.json.gz,checked_feasible
pilot_e,load_balancing_9907__A:default__s0.json.gz,checked_feasible
pilot_e,load_balancing_9907__A:default__s1.json.gz,checked_feasible
pilot_e,load_balancing_9907__A:rules__s0.json.gz,checked_feasible
pilot_e,load_balancing_9907__A:rules__s1.json.gz,checked_feasible
pilot_e,load_balancing_9908__A:bandit__s0.json.gz,checked_feasible
pilot_e,load_balancing_9908__A:bandit__s1.json.gz,checked_feasible
pilot_e,load_balancing_9908__A:default__s0.json.gz,checked_feasible
pilot_e,load_balancing_9908__A:default__s1.json.gz,checked_feasible
pilot_e,load_balancing_9908__A:rules__s0.json.gz,checked_feasible
pilot_e,load_balancing_9908__A:rules__s1.json.gz,checked_feasible
pilot_e,load_balancing_9909__A:bandit__s0.json.gz,checked_feasible
pilot_e,load_balancing_9909__A:bandit__s1.json.gz,checked_feasible
pilot_e,load_balancing_9909__A:default__s0.json.gz,checked_feasible
pilot_e,load_balancing_9909__A:default__s1.json.gz,checked_feasible
pilot_e,load_balancing_9909__A:rules__s0.json.gz,checked_feasible
pilot_e,load_balancing_9909__A:rules__s1.json.gz,checked_feasible
pilot_e,neos-3046615-murg__A:bandit__s0.json.gz,checked_feasible
pilot_e,neos-3046615-murg__A:bandit__s1.json.gz,checked_feasible
pilot_e,neos-3046615-murg__A:default__s0.json.gz,checked_feasible
pilot_e,neos-3046615-murg__A:default__s1.json.gz,checked_feasible
pilot_e,neos-3046615-murg__A:rules__s0.json.gz,checked_feasible
pilot_e,neos-3046615-murg__A:rules__s1.json.gz,checked_feasible
pilot_e,neos5__A:bandit__s0.json.gz,checked_feasible
pilot_e,neos5__A:bandit__s1.json.gz,checked_feasible
pilot_e,neos5__A:default__s0.json.gz,checked_feasible
pilot_e,neos5__A:default__s1.json.gz,checked_feasible
pilot_e,neos5__A:rules__s0.json.gz,checked_feasible
pilot_e,neos5__A:rules__s1.json.gz,checked_feasible
pilot_e,roll3000__A:bandit__s0.json.gz,checked_feasible
pilot_e,roll3000__A:bandit__s1.json.gz,checked_feasible
pilot_e,roll3000__A:default__s0.json.gz,checked_feasible
pilot_e,roll3000__A:default__s1.json.gz,checked_feasible
pilot_e,roll3000__A:rules__s0.json.gz,checked_feasible
pilot_e,roll3000__A:rules__s1.json.gz,checked_feasible
pilot_e,seymour__A:bandit__s0.json.gz,checked_feasible
pilot_e,seymour__A:bandit__s1.json.gz,checked_feasible
pilot_e,seymour__A:default__s0.json.gz,checked_feasible
pilot_e,seymour__A:default__s1.json.gz,checked_feasible
pilot_e,seymour__A:rules__s0.json.gz,checked_feasible
pilot_e,seymour__A:rules__s1.json.gz,checked_feasible
pilot_e2,item_placement_9910__A:bandit5__s0.json.gz,checked_feasible
pilot_e2,item_placement_9910__A:bandit5__s1.json.gz,checked_feasible
pilot_e2,item_placement_9910__A:bandit__s0.json.gz,checked_feasible
pilot_e2,item_placement_9910__A:bandit__s1.json.gz,checked_feasible
pilot_e2,item_placement_9910__A:default__s0.json.gz,checked_feasible
pilot_e2,item_placement_9910__A:default__s1.json.gz,checked_feasible
pilot_e2,item_placement_9910__A:diagbandit__s0.json.gz,checked_feasible
pilot_e2,item_placement_9910__A:diagbandit__s1.json.gz,checked_feasible
pilot_e2,item_placement_9910__C:HEU__s0.json.gz,checked_feasible
pilot_e2,item_placement_9910__C:HEU__s1.json.gz,checked_feasible
pilot_e2,item_placement_9910__C:INF__s0.json.gz,checked_feasible
pilot_e2,item_placement_9910__C:INF__s1.json.gz,checked_feasible
pilot_e2,item_placement_9910__C:NOC__s0.json.gz,checked_feasible
pilot_e2,item_placement_9910__C:NOC__s1.json.gz,checked_feasible
pilot_e2,item_placement_9910__C:PSC__s0.json.gz,checked_feasible
pilot_e2,item_placement_9910__C:PSC__s1.json.gz,checked_feasible
pilot_e2,item_placement_9911__A:bandit5__s0.json.gz,checked_feasible
pilot_e2,item_placement_9911__A:bandit5__s1.json.gz,checked_feasible
pilot_e2,item_placement_9911__A:bandit__s0.json.gz,checked_feasible
pilot_e2,item_placement_9911__A:bandit__s1.json.gz,checked_feasible
pilot_e2,item_placement_9911__A:default__s0.json.gz,checked_feasible
pilot_e2,item_placement_9911__A:default__s1.json.gz,checked_feasible
pilot_e2,item_placement_9911__A:diagbandit__s0.json.gz,checked_feasible
pilot_e2,item_placement_9911__A:diagbandit__s1.json.gz,checked_feasible
pilot_e2,item_placement_9911__C:HEU__s0.json.gz,checked_feasible
pilot_e2,item_placement_9911__C:HEU__s1.json.gz,checked_feasible
pilot_e2,item_placement_9911__C:INF__s0.json.gz,checked_feasible
pilot_e2,item_placement_9911__C:INF__s1.json.gz,checked_feasible
pilot_e2,item_placement_9911__C:NOC__s0.json.gz,checked_feasible
pilot_e2,item_placement_9911__C:NOC__s1.json.gz,checked_feasible
pilot_e2,item_placement_9911__C:PSC__s0.json.gz,checked_feasible
pilot_e2,item_placement_9911__C:PSC__s1.json.gz,checked_feasible
pilot_e2,item_placement_9912__A:bandit5__s0.json.gz,checked_feasible
pilot_e2,item_placement_9912__A:bandit5__s1.json.gz,checked_feasible
pilot_e2,item_placement_9912__A:bandit__s0.json.gz,checked_feasible
pilot_e2,item_placement_9912__A:bandit__s1.json.gz,checked_feasible
pilot_e2,item_placement_9912__A:default__s0.json.gz,checked_feasible
pilot_e2,item_placement_9912__A:default__s1.json.gz,checked_feasible
pilot_e2,item_placement_9912__A:diagbandit__s0.json.gz,checked_feasible
pilot_e2,item_placement_9912__A:diagbandit__s1.json.gz,checked_feasible
pilot_e2,item_placement_9912__C:HEU__s0.json.gz,checked_feasible
pilot_e2,item_placement_9912__C:HEU__s1.json.gz,checked_feasible
pilot_e2,item_placement_9912__C:INF__s0.json.gz,checked_feasible
pilot_e2,item_placement_9912__C:INF__s1.json.gz,checked_feasible
pilot_e2,item_placement_9912__C:NOC__s0.json.gz,checked_feasible
pilot_e2,item_placement_9912__C:NOC__s1.json.gz,checked_feasible
pilot_e2,item_placement_9912__C:PSC__s0.json.gz,checked_feasible
pilot_e2,item_placement_9912__C:PSC__s1.json.gz,checked_feasible
pilot_e2,item_placement_9913__A:bandit5__s0.json.gz,checked_feasible
pilot_e2,item_placement_9913__A:bandit5__s1.json.gz,checked_feasible
pilot_e2,item_placement_9913__A:bandit__s0.json.gz,checked_feasible
pilot_e2,item_placement_9913__A:bandit__s1.json.gz,checked_feasible
pilot_e2,item_placement_9913__A:default__s0.json.gz,checked_feasible
pilot_e2,item_placement_9913__A:default__s1.json.gz,checked_feasible
pilot_e2,item_placement_9913__A:diagbandit__s0.json.gz,checked_feasible
pilot_e2,item_placement_9913__A:diagbandit__s1.json.gz,checked_feasible
pilot_e2,item_placement_9913__C:HEU__s0.json.gz,checked_feasible
pilot_e2,item_placement_9913__C:HEU__s1.json.gz,checked_feasible
pilot_e2,item_placement_9913__C:INF__s0.json.gz,checked_feasible
pilot_e2,item_placement_9913__C:INF__s1.json.gz,checked_feasible
pilot_e2,item_placement_9913__C:NOC__s0.json.gz,checked_feasible
pilot_e2,item_placement_9913__C:NOC__s1.json.gz,checked_feasible
pilot_e2,item_placement_9913__C:PSC__s0.json.gz,checked_feasible
pilot_e2,item_placement_9913__C:PSC__s1.json.gz,checked_feasible
pilot_e2,item_placement_9914__A:bandit5__s0.json.gz,checked_feasible
pilot_e2,item_placement_9914__A:bandit5__s1.json.gz,checked_feasible
pilot_e2,item_placement_9914__A:bandit__s0.json.gz,checked_feasible
pilot_e2,item_placement_9914__A:bandit__s1.json.gz,checked_feasible
pilot_e2,item_placement_9914__A:default__s0.json.gz,checked_feasible
pilot_e2,item_placement_9914__A:default__s1.json.gz,checked_feasible
pilot_e2,item_placement_9914__A:diagbandit__s0.json.gz,checked_feasible
pilot_e2,item_placement_9914__A:diagbandit__s1.json.gz,checked_feasible
pilot_e2,item_placement_9914__C:HEU__s0.json.gz,checked_feasible
pilot_e2,item_placement_9914__C:HEU__s1.json.gz,checked_feasible
pilot_e2,item_placement_9914__C:INF__s0.json.gz,checked_feasible
pilot_e2,item_placement_9914__C:INF__s1.json.gz,checked_feasible
pilot_e2,item_placement_9914__C:NOC__s0.json.gz,checked_feasible
pilot_e2,item_placement_9914__C:NOC__s1.json.gz,checked_feasible
pilot_e2,item_placement_9914__C:PSC__s0.json.gz,checked_feasible
pilot_e2,item_placement_9914__C:PSC__s1.json.gz,checked_feasible
pilot_e2,item_placement_9915__A:bandit5__s0.json.gz,checked_feasible
pilot_e2,item_placement_9915__A:bandit5__s1.json.gz,checked_feasible
pilot_e2,item_placement_9915__A:bandit__s0.json.gz,checked_feasible
pilot_e2,item_placement_9915__A:bandit__s1.json.gz,checked_feasible
pilot_e2,item_placement_9915__A:default__s0.json.gz,checked_feasible
pilot_e2,item_placement_9915__A:default__s1.json.gz,checked_feasible
pilot_e2,item_placement_9915__A:diagbandit__s0.json.gz,checked_feasible
pilot_e2,item_placement_9915__A:diagbandit__s1.json.gz,checked_feasible
pilot_e2,item_placement_9915__C:HEU__s0.json.gz,checked_feasible
pilot_e2,item_placement_9915__C:HEU__s1.json.gz,checked_feasible
pilot_e2,item_placement_9915__C:INF__s0.json.gz,checked_feasible
pilot_e2,item_placement_9915__C:INF__s1.json.gz,checked_feasible
pilot_e2,item_placement_9915__C:NOC__s0.json.gz,checked_feasible
pilot_e2,item_placement_9915__C:NOC__s1.json.gz,checked_feasible
pilot_e2,item_placement_9915__C:PSC__s0.json.gz,checked_feasible
pilot_e2,item_placement_9915__C:PSC__s1.json.gz,checked_feasible
pilot_e2,item_placement_9916__A:bandit5__s0.json.gz,checked_feasible
pilot_e2,item_placement_9916__A:bandit5__s1.json.gz,checked_feasible
pilot_e2,item_placement_9916__A:bandit__s0.json.gz,checked_feasible
pilot_e2,item_placement_9916__A:bandit__s1.json.gz,checked_feasible
pilot_e2,item_placement_9916__A:default__s0.json.gz,checked_feasible
pilot_e2,item_placement_9916__A:default__s1.json.gz,checked_feasible
pilot_e2,item_placement_9916__A:diagbandit__s0.json.gz,checked_feasible
pilot_e2,item_placement_9916__A:diagbandit__s1.json.gz,checked_feasible
pilot_e2,item_placement_9916__C:HEU__s0.json.gz,checked_feasible
pilot_e2,item_placement_9916__C:HEU__s1.json.gz,checked_feasible
pilot_e2,item_placement_9916__C:INF__s0.json.gz,checked_feasible
pilot_e2,item_placement_9916__C:INF__s1.json.gz,checked_feasible
pilot_e2,item_placement_9916__C:NOC__s0.json.gz,checked_feasible
pilot_e2,item_placement_9916__C:NOC__s1.json.gz,checked_feasible
pilot_e2,item_placement_9916__C:PSC__s0.json.gz,checked_feasible
pilot_e2,item_placement_9916__C:PSC__s1.json.gz,checked_feasible
pilot_e2,item_placement_9917__A:bandit5__s0.json.gz,checked_feasible
pilot_e2,item_placement_9917__A:bandit5__s1.json.gz,checked_feasible
pilot_e2,item_placement_9917__A:bandit__s0.json.gz,checked_feasible
pilot_e2,item_placement_9917__A:bandit__s1.json.gz,checked_feasible
pilot_e2,item_placement_9917__A:default__s0.json.gz,checked_feasible
pilot_e2,item_placement_9917__A:default__s1.json.gz,checked_feasible
pilot_e2,item_placement_9917__A:diagbandit__s0.json.gz,checked_feasible
pilot_e2,item_placement_9917__A:diagbandit__s1.json.gz,checked_feasible
pilot_e2,item_placement_9917__C:HEU__s0.json.gz,checked_feasible
pilot_e2,item_placement_9917__C:HEU__s1.json.gz,checked_feasible
pilot_e2,item_placement_9917__C:INF__s0.json.gz,checked_feasible
pilot_e2,item_placement_9917__C:INF__s1.json.gz,checked_feasible
pilot_e2,item_placement_9917__C:NOC__s0.json.gz,checked_feasible
pilot_e2,item_placement_9917__C:NOC__s1.json.gz,checked_feasible
pilot_e2,item_placement_9917__C:PSC__s0.json.gz,checked_feasible
pilot_e2,item_placement_9917__C:PSC__s1.json.gz,checked_feasible
pilot_e2,item_placement_9918__A:bandit5__s0.json.gz,checked_feasible
pilot_e2,item_placement_9918__A:bandit5__s1.json.gz,checked_feasible
pilot_e2,item_placement_9918__A:bandit__s0.json.gz,checked_feasible
pilot_e2,item_placement_9918__A:bandit__s1.json.gz,checked_feasible
pilot_e2,item_placement_9918__A:default__s0.json.gz,checked_feasible
pilot_e2,item_placement_9918__A:default__s1.json.gz,checked_feasible
pilot_e2,item_placement_9918__A:diagbandit__s0.json.gz,checked_feasible
pilot_e2,item_placement_9918__A:diagbandit__s1.json.gz,checked_feasible
pilot_e2,item_placement_9918__C:HEU__s0.json.gz,checked_feasible
pilot_e2,item_placement_9918__C:HEU__s1.json.gz,checked_feasible
pilot_e2,item_placement_9918__C:INF__s0.json.gz,checked_feasible
pilot_e2,item_placement_9918__C:INF__s1.json.gz,checked_feasible
pilot_e2,item_placement_9918__C:NOC__s0.json.gz,checked_feasible
pilot_e2,item_placement_9918__C:NOC__s1.json.gz,checked_feasible
pilot_e2,item_placement_9918__C:PSC__s0.json.gz,checked_feasible
pilot_e2,item_placement_9918__C:PSC__s1.json.gz,checked_feasible
pilot_e2,item_placement_9919__A:bandit5__s0.json.gz,checked_feasible
pilot_e2,item_placement_9919__A:bandit5__s1.json.gz,checked_feasible
pilot_e2,item_placement_9919__A:bandit__s0.json.gz,checked_feasible
pilot_e2,item_placement_9919__A:bandit__s1.json.gz,checked_feasible
pilot_e2,item_placement_9919__A:default__s0.json.gz,checked_feasible
pilot_e2,item_placement_9919__A:default__s1.json.gz,checked_feasible
pilot_e2,item_placement_9919__A:diagbandit__s0.json.gz,checked_feasible
pilot_e2,item_placement_9919__A:diagbandit__s1.json.gz,checked_feasible
pilot_e2,item_placement_9919__C:HEU__s0.json.gz,checked_feasible
pilot_e2,item_placement_9919__C:HEU__s1.json.gz,checked_feasible
pilot_e2,item_placement_9919__C:INF__s0.json.gz,checked_feasible
pilot_e2,item_placement_9919__C:INF__s1.json.gz,checked_feasible
pilot_e2,item_placement_9919__C:NOC__s0.json.gz,checked_feasible
pilot_e2,item_placement_9919__C:NOC__s1.json.gz,checked_feasible
pilot_e2,item_placement_9919__C:PSC__s0.json.gz,checked_feasible
pilot_e2,item_placement_9919__C:PSC__s1.json.gz,checked_feasible
pilot_e2,item_placement_9920__A:bandit5__s0.json.gz,checked_feasible
pilot_e2,item_placement_9920__A:bandit5__s1.json.gz,checked_feasible
pilot_e2,item_placement_9920__A:bandit__s0.json.gz,checked_feasible
pilot_e2,item_placement_9920__A:bandit__s1.json.gz,checked_feasible
pilot_e2,item_placement_9920__A:default__s0.json.gz,checked_feasible
pilot_e2,item_placement_9920__A:default__s1.json.gz,checked_feasible
pilot_e2,item_placement_9920__A:diagbandit__s0.json.gz,checked_feasible
pilot_e2,item_placement_9920__A:diagbandit__s1.json.gz,checked_feasible
pilot_e2,item_placement_9920__C:HEU__s0.json.gz,checked_feasible
pilot_e2,item_placement_9920__C:HEU__s1.json.gz,checked_feasible
pilot_e2,item_placement_9920__C:INF__s0.json.gz,checked_feasible
pilot_e2,item_placement_9920__C:INF__s1.json.gz,checked_feasible
pilot_e2,item_placement_9920__C:NOC__s0.json.gz,checked_feasible
pilot_e2,item_placement_9920__C:NOC__s1.json.gz,checked_feasible
pilot_e2,item_placement_9920__C:PSC__s0.json.gz,checked_feasible
pilot_e2,item_placement_9920__C:PSC__s1.json.gz,checked_feasible
pilot_e2,item_placement_9921__A:bandit5__s0.json.gz,checked_feasible
pilot_e2,item_placement_9921__A:bandit5__s1.json.gz,checked_feasible
pilot_e2,item_placement_9921__A:bandit__s0.json.gz,checked_feasible
pilot_e2,item_placement_9921__A:bandit__s1.json.gz,checked_feasible
pilot_e2,item_placement_9921__A:default__s0.json.gz,checked_feasible
pilot_e2,item_placement_9921__A:default__s1.json.gz,checked_feasible
pilot_e2,item_placement_9921__A:diagbandit__s0.json.gz,checked_feasible
pilot_e2,item_placement_9921__A:diagbandit__s1.json.gz,checked_feasible
pilot_e2,item_placement_9921__C:HEU__s0.json.gz,checked_feasible
pilot_e2,item_placement_9921__C:HEU__s1.json.gz,checked_feasible
pilot_e2,item_placement_9921__C:INF__s0.json.gz,checked_feasible
pilot_e2,item_placement_9921__C:INF__s1.json.gz,checked_feasible
pilot_e2,item_placement_9921__C:NOC__s0.json.gz,checked_feasible
pilot_e2,item_placement_9921__C:NOC__s1.json.gz,checked_feasible
pilot_e2,item_placement_9921__C:PSC__s0.json.gz,checked_feasible
pilot_e2,item_placement_9921__C:PSC__s1.json.gz,checked_feasible
pilot_e2,item_placement_9922__A:bandit5__s0.json.gz,checked_feasible
pilot_e2,item_placement_9922__A:bandit5__s1.json.gz,checked_feasible
pilot_e2,item_placement_9922__A:bandit__s0.json.gz,checked_feasible
pilot_e2,item_placement_9922__A:bandit__s1.json.gz,checked_feasible
pilot_e2,item_placement_9922__A:default__s0.json.gz,checked_feasible
pilot_e2,item_placement_9922__A:default__s1.json.gz,checked_feasible
pilot_e2,item_placement_9922__A:diagbandit__s0.json.gz,checked_feasible
pilot_e2,item_placement_9922__A:diagbandit__s1.json.gz,checked_feasible
pilot_e2,item_placement_9922__C:HEU__s0.json.gz,checked_feasible
pilot_e2,item_placement_9922__C:HEU__s1.json.gz,checked_feasible
pilot_e2,item_placement_9922__C:INF__s0.json.gz,checked_feasible
pilot_e2,item_placement_9922__C:INF__s1.json.gz,checked_feasible
pilot_e2,item_placement_9922__C:NOC__s0.json.gz,checked_feasible
pilot_e2,item_placement_9922__C:NOC__s1.json.gz,checked_feasible
pilot_e2,item_placement_9922__C:PSC__s0.json.gz,checked_feasible
pilot_e2,item_placement_9922__C:PSC__s1.json.gz,checked_feasible
pilot_e2,item_placement_9923__A:bandit5__s0.json.gz,checked_feasible
pilot_e2,item_placement_9923__A:bandit5__s1.json.gz,checked_feasible
pilot_e2,item_placement_9923__A:bandit__s0.json.gz,checked_feasible
pilot_e2,item_placement_9923__A:bandit__s1.json.gz,checked_feasible
pilot_e2,item_placement_9923__A:default__s0.json.gz,checked_feasible
pilot_e2,item_placement_9923__A:default__s1.json.gz,checked_feasible
pilot_e2,item_placement_9923__A:diagbandit__s0.json.gz,checked_feasible
pilot_e2,item_placement_9923__A:diagbandit__s1.json.gz,checked_feasible
pilot_e2,item_placement_9923__C:HEU__s0.json.gz,checked_feasible
pilot_e2,item_placement_9923__C:HEU__s1.json.gz,checked_feasible
pilot_e2,item_placement_9923__C:INF__s0.json.gz,checked_feasible
pilot_e2,item_placement_9923__C:INF__s1.json.gz,checked_feasible
pilot_e2,item_placement_9923__C:NOC__s0.json.gz,checked_feasible
pilot_e2,item_placement_9923__C:NOC__s1.json.gz,checked_feasible
pilot_e2,item_placement_9923__C:PSC__s0.json.gz,checked_feasible
pilot_e2,item_placement_9923__C:PSC__s1.json.gz,checked_feasible
pilot_e2,item_placement_9924__A:bandit5__s0.json.gz,checked_feasible
pilot_e2,item_placement_9924__A:bandit5__s1.json.gz,checked_feasible
pilot_e2,item_placement_9924__A:bandit__s0.json.gz,checked_feasible
pilot_e2,item_placement_9924__A:bandit__s1.json.gz,checked_feasible
pilot_e2,item_placement_9924__A:default__s0.json.gz,checked_feasible
pilot_e2,item_placement_9924__A:default__s1.json.gz,checked_feasible
pilot_e2,item_placement_9924__A:diagbandit__s0.json.gz,checked_feasible
pilot_e2,item_placement_9924__A:diagbandit__s1.json.gz,checked_feasible
pilot_e2,item_placement_9924__C:HEU__s0.json.gz,checked_feasible
pilot_e2,item_placement_9924__C:HEU__s1.json.gz,checked_feasible
pilot_e2,item_placement_9924__C:INF__s0.json.gz,checked_feasible
pilot_e2,item_placement_9924__C:INF__s1.json.gz,checked_feasible
pilot_e2,item_placement_9924__C:NOC__s0.json.gz,checked_feasible
pilot_e2,item_placement_9924__C:NOC__s1.json.gz,checked_feasible
pilot_e2,item_placement_9924__C:PSC__s0.json.gz,checked_feasible
pilot_e2,item_placement_9924__C:PSC__s1.json.gz,checked_feasible
pilot_e2,load_balancing_9910__A:bandit5__s0.json.gz,checked_feasible
pilot_e2,load_balancing_9910__A:bandit5__s1.json.gz,checked_feasible
pilot_e2,load_balancing_9910__A:bandit__s0.json.gz,checked_feasible
pilot_e2,load_balancing_9910__A:bandit__s1.json.gz,checked_feasible
pilot_e2,load_balancing_9910__A:default__s0.json.gz,checked_feasible
pilot_e2,load_balancing_9910__A:default__s1.json.gz,checked_feasible
pilot_e2,load_balancing_9910__A:diagbandit__s0.json.gz,checked_feasible
pilot_e2,load_balancing_9910__A:diagbandit__s1.json.gz,checked_feasible
pilot_e2,load_balancing_9910__C:HEU__s0.json.gz,checked_feasible
pilot_e2,load_balancing_9910__C:HEU__s1.json.gz,checked_feasible
pilot_e2,load_balancing_9910__C:HOFF__s0.json.gz,checked_feasible
pilot_e2,load_balancing_9910__C:HOFF__s1.json.gz,checked_feasible
pilot_e2,load_balancing_9910__C:INF__s0.json.gz,checked_feasible
pilot_e2,load_balancing_9910__C:INF__s1.json.gz,checked_feasible
pilot_e2,load_balancing_9910__C:NOC__s0.json.gz,checked_feasible
pilot_e2,load_balancing_9910__C:NOC__s1.json.gz,checked_feasible
pilot_e2,load_balancing_9910__C:PSC__s0.json.gz,checked_feasible
pilot_e2,load_balancing_9910__C:PSC__s1.json.gz,checked_feasible
pilot_e2,load_balancing_9911__A:bandit5__s0.json.gz,checked_feasible
pilot_e2,load_balancing_9911__A:bandit5__s1.json.gz,checked_feasible
pilot_e2,load_balancing_9911__A:bandit__s0.json.gz,checked_feasible
pilot_e2,load_balancing_9911__A:bandit__s1.json.gz,checked_feasible
pilot_e2,load_balancing_9911__A:default__s0.json.gz,checked_feasible
pilot_e2,load_balancing_9911__A:default__s1.json.gz,checked_feasible
pilot_e2,load_balancing_9911__A:diagbandit__s0.json.gz,checked_feasible
pilot_e2,load_balancing_9911__A:diagbandit__s1.json.gz,checked_feasible
pilot_e2,load_balancing_9911__C:HEU__s0.json.gz,checked_feasible
pilot_e2,load_balancing_9911__C:HEU__s1.json.gz,checked_feasible
pilot_e2,load_balancing_9911__C:HOFF__s0.json.gz,checked_feasible
pilot_e2,load_balancing_9911__C:HOFF__s1.json.gz,checked_feasible
pilot_e2,load_balancing_9911__C:INF__s0.json.gz,checked_feasible
pilot_e2,load_balancing_9911__C:INF__s1.json.gz,checked_feasible
pilot_e2,load_balancing_9911__C:NOC__s0.json.gz,checked_feasible
pilot_e2,load_balancing_9911__C:NOC__s1.json.gz,checked_feasible
pilot_e2,load_balancing_9911__C:PSC__s0.json.gz,checked_feasible
pilot_e2,load_balancing_9911__C:PSC__s1.json.gz,checked_feasible
pilot_e2,load_balancing_9912__A:bandit5__s0.json.gz,checked_feasible
pilot_e2,load_balancing_9912__A:bandit5__s1.json.gz,checked_feasible
pilot_e2,load_balancing_9912__A:bandit__s0.json.gz,checked_feasible
pilot_e2,load_balancing_9912__A:bandit__s1.json.gz,checked_feasible
pilot_e2,load_balancing_9912__A:default__s0.json.gz,checked_feasible
pilot_e2,load_balancing_9912__A:default__s1.json.gz,checked_feasible
pilot_e2,load_balancing_9912__A:diagbandit__s0.json.gz,checked_feasible
pilot_e2,load_balancing_9912__A:diagbandit__s1.json.gz,checked_feasible
pilot_e2,load_balancing_9912__C:HEU__s0.json.gz,checked_feasible
pilot_e2,load_balancing_9912__C:HEU__s1.json.gz,checked_feasible
pilot_e2,load_balancing_9912__C:HOFF__s0.json.gz,checked_feasible
pilot_e2,load_balancing_9912__C:HOFF__s1.json.gz,checked_feasible
pilot_e2,load_balancing_9912__C:INF__s0.json.gz,checked_feasible
pilot_e2,load_balancing_9912__C:INF__s1.json.gz,checked_feasible
pilot_e2,load_balancing_9912__C:NOC__s0.json.gz,checked_feasible
pilot_e2,load_balancing_9912__C:NOC__s1.json.gz,checked_feasible
pilot_e2,load_balancing_9912__C:PSC__s0.json.gz,checked_feasible
pilot_e2,load_balancing_9912__C:PSC__s1.json.gz,checked_feasible
pilot_e2,load_balancing_9913__A:bandit5__s0.json.gz,checked_feasible
pilot_e2,load_balancing_9913__A:bandit5__s1.json.gz,checked_feasible
pilot_e2,load_balancing_9913__A:bandit__s0.json.gz,checked_feasible
pilot_e2,load_balancing_9913__A:bandit__s1.json.gz,checked_feasible
pilot_e2,load_balancing_9913__A:default__s0.json.gz,checked_feasible
pilot_e2,load_balancing_9913__A:default__s1.json.gz,checked_feasible
pilot_e2,load_balancing_9913__A:diagbandit__s0.json.gz,checked_feasible
pilot_e2,load_balancing_9913__A:diagbandit__s1.json.gz,checked_feasible
pilot_e2,load_balancing_9913__C:HEU__s0.json.gz,checked_feasible
pilot_e2,load_balancing_9913__C:HEU__s1.json.gz,checked_feasible
pilot_e2,load_balancing_9913__C:HOFF__s0.json.gz,checked_feasible
pilot_e2,load_balancing_9913__C:HOFF__s1.json.gz,checked_feasible
pilot_e2,load_balancing_9913__C:INF__s0.json.gz,checked_feasible
pilot_e2,load_balancing_9913__C:INF__s1.json.gz,checked_feasible
pilot_e2,load_balancing_9913__C:NOC__s0.json.gz,checked_feasible
pilot_e2,load_balancing_9913__C:NOC__s1.json.gz,checked_feasible
pilot_e2,load_balancing_9913__C:PSC__s0.json.gz,checked_feasible
pilot_e2,load_balancing_9913__C:PSC__s1.json.gz,checked_feasible
pilot_e2,load_balancing_9914__A:bandit5__s0.json.gz,checked_feasible
pilot_e2,load_balancing_9914__A:bandit5__s1.json.gz,checked_feasible
pilot_e2,load_balancing_9914__A:bandit__s0.json.gz,checked_feasible
pilot_e2,load_balancing_9914__A:bandit__s1.json.gz,checked_feasible
pilot_e2,load_balancing_9914__A:default__s0.json.gz,checked_feasible
pilot_e2,load_balancing_9914__A:default__s1.json.gz,checked_feasible
pilot_e2,load_balancing_9914__A:diagbandit__s0.json.gz,checked_feasible
pilot_e2,load_balancing_9914__A:diagbandit__s1.json.gz,checked_feasible
pilot_e2,load_balancing_9914__C:HEU__s0.json.gz,checked_feasible
pilot_e2,load_balancing_9914__C:HEU__s1.json.gz,checked_feasible
pilot_e2,load_balancing_9914__C:HOFF__s0.json.gz,checked_feasible
pilot_e2,load_balancing_9914__C:HOFF__s1.json.gz,checked_feasible
pilot_e2,load_balancing_9914__C:INF__s0.json.gz,checked_feasible
pilot_e2,load_balancing_9914__C:INF__s1.json.gz,checked_feasible
pilot_e2,load_balancing_9914__C:NOC__s0.json.gz,checked_feasible
pilot_e2,load_balancing_9914__C:NOC__s1.json.gz,checked_feasible
pilot_e2,load_balancing_9914__C:PSC__s0.json.gz,checked_feasible
pilot_e2,load_balancing_9914__C:PSC__s1.json.gz,checked_feasible
pilot_e2,load_balancing_9915__A:bandit5__s0.json.gz,checked_feasible
pilot_e2,load_balancing_9915__A:bandit5__s1.json.gz,checked_feasible
pilot_e2,load_balancing_9915__A:bandit__s0.json.gz,checked_feasible
pilot_e2,load_balancing_9915__A:bandit__s1.json.gz,checked_feasible
pilot_e2,load_balancing_9915__A:default__s0.json.gz,checked_feasible
pilot_e2,load_balancing_9915__A:default__s1.json.gz,checked_feasible
pilot_e2,load_balancing_9915__A:diagbandit__s0.json.gz,checked_feasible
pilot_e2,load_balancing_9915__A:diagbandit__s1.json.gz,checked_feasible
pilot_e2,load_balancing_9915__C:HEU__s0.json.gz,checked_feasible
pilot_e2,load_balancing_9915__C:HEU__s1.json.gz,checked_feasible
pilot_e2,load_balancing_9915__C:HOFF__s0.json.gz,checked_feasible
pilot_e2,load_balancing_9915__C:HOFF__s1.json.gz,checked_feasible
pilot_e2,load_balancing_9915__C:INF__s0.json.gz,checked_feasible
pilot_e2,load_balancing_9915__C:INF__s1.json.gz,checked_feasible
pilot_e2,load_balancing_9915__C:NOC__s0.json.gz,checked_feasible
pilot_e2,load_balancing_9915__C:NOC__s1.json.gz,checked_feasible
pilot_e2,load_balancing_9915__C:PSC__s0.json.gz,checked_feasible
pilot_e2,load_balancing_9915__C:PSC__s1.json.gz,checked_feasible
pilot_e2,load_balancing_9916__A:bandit5__s0.json.gz,checked_feasible
pilot_e2,load_balancing_9916__A:bandit5__s1.json.gz,checked_feasible
pilot_e2,load_balancing_9916__A:bandit__s0.json.gz,checked_feasible
pilot_e2,load_balancing_9916__A:bandit__s1.json.gz,checked_feasible
pilot_e2,load_balancing_9916__A:default__s0.json.gz,checked_feasible
pilot_e2,load_balancing_9916__A:default__s1.json.gz,checked_feasible
pilot_e2,load_balancing_9916__A:diagbandit__s0.json.gz,checked_feasible
pilot_e2,load_balancing_9916__A:diagbandit__s1.json.gz,checked_feasible
pilot_e2,load_balancing_9916__C:HEU__s0.json.gz,checked_feasible
pilot_e2,load_balancing_9916__C:HEU__s1.json.gz,checked_feasible
pilot_e2,load_balancing_9916__C:HOFF__s0.json.gz,checked_feasible
pilot_e2,load_balancing_9916__C:HOFF__s1.json.gz,checked_feasible
pilot_e2,load_balancing_9916__C:INF__s0.json.gz,checked_feasible
pilot_e2,load_balancing_9916__C:INF__s1.json.gz,checked_feasible
pilot_e2,load_balancing_9916__C:NOC__s0.json.gz,checked_feasible
pilot_e2,load_balancing_9916__C:NOC__s1.json.gz,checked_feasible
pilot_e2,load_balancing_9916__C:PSC__s0.json.gz,checked_feasible
pilot_e2,load_balancing_9916__C:PSC__s1.json.gz,checked_feasible
pilot_e2,load_balancing_9917__A:bandit5__s0.json.gz,checked_feasible
pilot_e2,load_balancing_9917__A:bandit5__s1.json.gz,checked_feasible
pilot_e2,load_balancing_9917__A:bandit__s0.json.gz,checked_feasible
pilot_e2,load_balancing_9917__A:bandit__s1.json.gz,checked_feasible
pilot_e2,load_balancing_9917__A:default__s0.json.gz,checked_feasible
pilot_e2,load_balancing_9917__A:default__s1.json.gz,checked_feasible
pilot_e2,load_balancing_9917__A:diagbandit__s0.json.gz,checked_feasible
pilot_e2,load_balancing_9917__A:diagbandit__s1.json.gz,checked_feasible
pilot_e2,load_balancing_9917__C:HEU__s0.json.gz,checked_feasible
pilot_e2,load_balancing_9917__C:HEU__s1.json.gz,checked_feasible
pilot_e2,load_balancing_9917__C:HOFF__s0.json.gz,checked_feasible
pilot_e2,load_balancing_9917__C:HOFF__s1.json.gz,checked_feasible
pilot_e2,load_balancing_9917__C:INF__s0.json.gz,checked_feasible
pilot_e2,load_balancing_9917__C:INF__s1.json.gz,checked_feasible
pilot_e2,load_balancing_9917__C:NOC__s0.json.gz,checked_feasible
pilot_e2,load_balancing_9917__C:NOC__s1.json.gz,checked_feasible
pilot_e2,load_balancing_9917__C:PSC__s0.json.gz,checked_feasible
pilot_e2,load_balancing_9917__C:PSC__s1.json.gz,checked_feasible
pilot_e2,load_balancing_9918__A:bandit5__s0.json.gz,checked_feasible
pilot_e2,load_balancing_9918__A:bandit5__s1.json.gz,checked_feasible
pilot_e2,load_balancing_9918__A:bandit__s0.json.gz,checked_feasible
pilot_e2,load_balancing_9918__A:bandit__s1.json.gz,checked_feasible
pilot_e2,load_balancing_9918__A:default__s0.json.gz,checked_feasible
pilot_e2,load_balancing_9918__A:default__s1.json.gz,checked_feasible
pilot_e2,load_balancing_9918__A:diagbandit__s0.json.gz,checked_feasible
pilot_e2,load_balancing_9918__A:diagbandit__s1.json.gz,checked_feasible
pilot_e2,load_balancing_9918__C:HEU__s0.json.gz,checked_feasible
pilot_e2,load_balancing_9918__C:HEU__s1.json.gz,checked_feasible
pilot_e2,load_balancing_9918__C:HOFF__s0.json.gz,checked_feasible
pilot_e2,load_balancing_9918__C:HOFF__s1.json.gz,checked_feasible
pilot_e2,load_balancing_9918__C:INF__s0.json.gz,checked_feasible
pilot_e2,load_balancing_9918__C:INF__s1.json.gz,checked_feasible
pilot_e2,load_balancing_9918__C:NOC__s0.json.gz,checked_feasible
pilot_e2,load_balancing_9918__C:NOC__s1.json.gz,checked_feasible
pilot_e2,load_balancing_9918__C:PSC__s0.json.gz,checked_feasible
pilot_e2,load_balancing_9918__C:PSC__s1.json.gz,checked_feasible
pilot_e2,load_balancing_9919__A:bandit5__s0.json.gz,checked_feasible
pilot_e2,load_balancing_9919__A:bandit5__s1.json.gz,checked_feasible
pilot_e2,load_balancing_9919__A:bandit__s0.json.gz,checked_feasible
pilot_e2,load_balancing_9919__A:bandit__s1.json.gz,checked_feasible
pilot_e2,load_balancing_9919__A:default__s0.json.gz,checked_feasible
pilot_e2,load_balancing_9919__A:default__s1.json.gz,checked_feasible
pilot_e2,load_balancing_9919__A:diagbandit__s0.json.gz,checked_feasible
pilot_e2,load_balancing_9919__A:diagbandit__s1.json.gz,checked_feasible
pilot_e2,load_balancing_9919__C:HEU__s0.json.gz,checked_feasible
pilot_e2,load_balancing_9919__C:HEU__s1.json.gz,checked_feasible
pilot_e2,load_balancing_9919__C:HOFF__s0.json.gz,checked_feasible
pilot_e2,load_balancing_9919__C:HOFF__s1.json.gz,checked_feasible
pilot_e2,load_balancing_9919__C:INF__s0.json.gz,checked_feasible
pilot_e2,load_balancing_9919__C:INF__s1.json.gz,checked_feasible
pilot_e2,load_balancing_9919__C:NOC__s0.json.gz,checked_feasible
pilot_e2,load_balancing_9919__C:NOC__s1.json.gz,checked_feasible
pilot_e2,load_balancing_9919__C:PSC__s0.json.gz,checked_feasible
pilot_e2,load_balancing_9919__C:PSC__s1.json.gz,checked_feasible
pilot_e2,load_balancing_9920__A:bandit5__s0.json.gz,checked_feasible
pilot_e2,load_balancing_9920__A:bandit5__s1.json.gz,checked_feasible
pilot_e2,load_balancing_9920__A:bandit__s0.json.gz,checked_feasible
pilot_e2,load_balancing_9920__A:bandit__s1.json.gz,checked_feasible
pilot_e2,load_balancing_9920__A:default__s0.json.gz,checked_feasible
pilot_e2,load_balancing_9920__A:default__s1.json.gz,checked_feasible
pilot_e2,load_balancing_9920__A:diagbandit__s0.json.gz,checked_feasible
pilot_e2,load_balancing_9920__A:diagbandit__s1.json.gz,checked_feasible
pilot_e2,load_balancing_9920__C:HEU__s0.json.gz,checked_feasible
pilot_e2,load_balancing_9920__C:HEU__s1.json.gz,checked_feasible
pilot_e2,load_balancing_9920__C:HOFF__s0.json.gz,checked_feasible
pilot_e2,load_balancing_9920__C:HOFF__s1.json.gz,checked_feasible
pilot_e2,load_balancing_9920__C:INF__s0.json.gz,checked_feasible
pilot_e2,load_balancing_9920__C:INF__s1.json.gz,checked_feasible
pilot_e2,load_balancing_9920__C:NOC__s0.json.gz,checked_feasible
pilot_e2,load_balancing_9920__C:NOC__s1.json.gz,checked_feasible
pilot_e2,load_balancing_9920__C:PSC__s0.json.gz,checked_feasible
pilot_e2,load_balancing_9920__C:PSC__s1.json.gz,checked_feasible
pilot_e2,load_balancing_9921__A:bandit5__s0.json.gz,checked_feasible
pilot_e2,load_balancing_9921__A:bandit5__s1.json.gz,checked_feasible
pilot_e2,load_balancing_9921__A:bandit__s0.json.gz,checked_feasible
pilot_e2,load_balancing_9921__A:bandit__s1.json.gz,checked_feasible
pilot_e2,load_balancing_9921__A:default__s0.json.gz,checked_feasible
pilot_e2,load_balancing_9921__A:default__s1.json.gz,checked_feasible
pilot_e2,load_balancing_9921__A:diagbandit__s0.json.gz,checked_feasible
pilot_e2,load_balancing_9921__A:diagbandit__s1.json.gz,checked_feasible
pilot_e2,load_balancing_9921__C:HEU__s0.json.gz,checked_feasible
pilot_e2,load_balancing_9921__C:HEU__s1.json.gz,checked_feasible
pilot_e2,load_balancing_9921__C:HOFF__s0.json.gz,checked_feasible
pilot_e2,load_balancing_9921__C:HOFF__s1.json.gz,checked_feasible
pilot_e2,load_balancing_9921__C:INF__s0.json.gz,checked_feasible
pilot_e2,load_balancing_9921__C:INF__s1.json.gz,checked_feasible
pilot_e2,load_balancing_9921__C:NOC__s0.json.gz,checked_feasible
pilot_e2,load_balancing_9921__C:NOC__s1.json.gz,checked_feasible
pilot_e2,load_balancing_9921__C:PSC__s0.json.gz,checked_feasible
pilot_e2,load_balancing_9921__C:PSC__s1.json.gz,checked_feasible
pilot_e2,load_balancing_9922__A:bandit5__s0.json.gz,checked_feasible
pilot_e2,load_balancing_9922__A:bandit5__s1.json.gz,checked_feasible
pilot_e2,load_balancing_9922__A:bandit__s0.json.gz,checked_feasible
pilot_e2,load_balancing_9922__A:bandit__s1.json.gz,checked_feasible
pilot_e2,load_balancing_9922__A:default__s0.json.gz,checked_feasible
pilot_e2,load_balancing_9922__A:default__s1.json.gz,checked_feasible
pilot_e2,load_balancing_9922__A:diagbandit__s0.json.gz,checked_feasible
pilot_e2,load_balancing_9922__A:diagbandit__s1.json.gz,checked_feasible
pilot_e2,load_balancing_9922__C:HEU__s0.json.gz,checked_feasible
pilot_e2,load_balancing_9922__C:HEU__s1.json.gz,checked_feasible
pilot_e2,load_balancing_9922__C:HOFF__s0.json.gz,checked_feasible
pilot_e2,load_balancing_9922__C:HOFF__s1.json.gz,checked_feasible
pilot_e2,load_balancing_9922__C:INF__s0.json.gz,checked_feasible
pilot_e2,load_balancing_9922__C:INF__s1.json.gz,checked_feasible
pilot_e2,load_balancing_9922__C:NOC__s0.json.gz,checked_feasible
pilot_e2,load_balancing_9922__C:NOC__s1.json.gz,checked_feasible
pilot_e2,load_balancing_9922__C:PSC__s0.json.gz,checked_feasible
pilot_e2,load_balancing_9922__C:PSC__s1.json.gz,checked_feasible
pilot_e2,load_balancing_9923__A:bandit5__s0.json.gz,checked_feasible
pilot_e2,load_balancing_9923__A:bandit5__s1.json.gz,checked_feasible
pilot_e2,load_balancing_9923__A:bandit__s0.json.gz,checked_feasible
pilot_e2,load_balancing_9923__A:bandit__s1.json.gz,checked_feasible
pilot_e2,load_balancing_9923__A:default__s0.json.gz,checked_feasible
pilot_e2,load_balancing_9923__A:default__s1.json.gz,checked_feasible
pilot_e2,load_balancing_9923__A:diagbandit__s0.json.gz,checked_feasible
pilot_e2,load_balancing_9923__A:diagbandit__s1.json.gz,checked_feasible
pilot_e2,load_balancing_9923__C:HEU__s0.json.gz,checked_feasible
pilot_e2,load_balancing_9923__C:HEU__s1.json.gz,checked_feasible
pilot_e2,load_balancing_9923__C:HOFF__s0.json.gz,checked_feasible
pilot_e2,load_balancing_9923__C:HOFF__s1.json.gz,checked_feasible
pilot_e2,load_balancing_9923__C:INF__s0.json.gz,checked_feasible
pilot_e2,load_balancing_9923__C:INF__s1.json.gz,checked_feasible
pilot_e2,load_balancing_9923__C:NOC__s0.json.gz,checked_feasible
pilot_e2,load_balancing_9923__C:NOC__s1.json.gz,checked_feasible
pilot_e2,load_balancing_9923__C:PSC__s0.json.gz,checked_feasible
pilot_e2,load_balancing_9923__C:PSC__s1.json.gz,checked_feasible
pilot_e2,load_balancing_9924__A:bandit5__s0.json.gz,checked_feasible
pilot_e2,load_balancing_9924__A:bandit5__s1.json.gz,checked_feasible
pilot_e2,load_balancing_9924__A:bandit__s0.json.gz,checked_feasible
pilot_e2,load_balancing_9924__A:bandit__s1.json.gz,checked_feasible
pilot_e2,load_balancing_9924__A:default__s0.json.gz,checked_feasible
pilot_e2,load_balancing_9924__A:default__s1.json.gz,checked_feasible
pilot_e2,load_balancing_9924__A:diagbandit__s0.json.gz,checked_feasible
pilot_e2,load_balancing_9924__A:diagbandit__s1.json.gz,checked_feasible
pilot_e2,load_balancing_9924__C:HEU__s0.json.gz,checked_feasible
pilot_e2,load_balancing_9924__C:HEU__s1.json.gz,checked_feasible
pilot_e2,load_balancing_9924__C:HOFF__s0.json.gz,checked_feasible
pilot_e2,load_balancing_9924__C:HOFF__s1.json.gz,checked_feasible
pilot_e2,load_balancing_9924__C:INF__s0.json.gz,checked_feasible
pilot_e2,load_balancing_9924__C:INF__s1.json.gz,checked_feasible
pilot_e2,load_balancing_9924__C:NOC__s0.json.gz,checked_feasible
pilot_e2,load_balancing_9924__C:NOC__s1.json.gz,checked_feasible
pilot_e2,load_balancing_9924__C:PSC__s0.json.gz,checked_feasible
pilot_e2,load_balancing_9924__C:PSC__s1.json.gz,checked_feasible
timing_ctrl,item_placement_9910__A:default__s0.json.gz,checked_feasible
timing_ctrl,item_placement_9910__A:default__s1.json.gz,checked_feasible
timing_ctrl,item_placement_9910__A:heu_cb__s0.json.gz,checked_feasible
timing_ctrl,item_placement_9910__A:heu_cb__s1.json.gz,checked_feasible
timing_ctrl,item_placement_9910__A:llm__s0.json.gz,checked_feasible
timing_ctrl,item_placement_9910__A:llm__s1.json.gz,checked_feasible
timing_ctrl,item_placement_9910__A:llm_first__s0.json.gz,checked_feasible
timing_ctrl,item_placement_9910__A:llm_first__s1.json.gz,checked_feasible
timing_ctrl,item_placement_9910__C:HEU__s0.json.gz,checked_feasible
timing_ctrl,item_placement_9910__C:HEU__s1.json.gz,checked_feasible
timing_ctrl,item_placement_9911__A:default__s0.json.gz,checked_feasible
timing_ctrl,item_placement_9911__A:default__s1.json.gz,checked_feasible
timing_ctrl,item_placement_9911__A:heu_cb__s0.json.gz,checked_feasible
timing_ctrl,item_placement_9911__A:heu_cb__s1.json.gz,checked_feasible
timing_ctrl,item_placement_9911__A:llm__s0.json.gz,checked_feasible
timing_ctrl,item_placement_9911__A:llm__s1.json.gz,checked_feasible
timing_ctrl,item_placement_9911__A:llm_first__s0.json.gz,checked_feasible
timing_ctrl,item_placement_9911__A:llm_first__s1.json.gz,checked_feasible
timing_ctrl,item_placement_9911__C:HEU__s0.json.gz,checked_feasible
timing_ctrl,item_placement_9911__C:HEU__s1.json.gz,checked_feasible
timing_ctrl,item_placement_9912__A:default__s0.json.gz,checked_feasible
timing_ctrl,item_placement_9912__A:default__s1.json.gz,checked_feasible
timing_ctrl,item_placement_9912__A:heu_cb__s0.json.gz,checked_feasible
timing_ctrl,item_placement_9912__A:heu_cb__s1.json.gz,checked_feasible
timing_ctrl,item_placement_9912__A:llm__s0.json.gz,checked_feasible
timing_ctrl,item_placement_9912__A:llm__s1.json.gz,checked_feasible
timing_ctrl,item_placement_9912__A:llm_first__s0.json.gz,checked_feasible
timing_ctrl,item_placement_9912__A:llm_first__s1.json.gz,checked_feasible
timing_ctrl,item_placement_9912__C:HEU__s0.json.gz,checked_feasible
timing_ctrl,item_placement_9912__C:HEU__s1.json.gz,checked_feasible
timing_ctrl,item_placement_9913__A:default__s0.json.gz,checked_feasible
timing_ctrl,item_placement_9913__A:default__s1.json.gz,checked_feasible
timing_ctrl,item_placement_9913__A:heu_cb__s0.json.gz,checked_feasible
timing_ctrl,item_placement_9913__A:heu_cb__s1.json.gz,checked_feasible
timing_ctrl,item_placement_9913__A:llm__s0.json.gz,checked_feasible
timing_ctrl,item_placement_9913__A:llm__s1.json.gz,checked_feasible
timing_ctrl,item_placement_9913__A:llm_first__s0.json.gz,checked_feasible
timing_ctrl,item_placement_9913__A:llm_first__s1.json.gz,checked_feasible
timing_ctrl,item_placement_9913__C:HEU__s0.json.gz,checked_feasible
timing_ctrl,item_placement_9913__C:HEU__s1.json.gz,checked_feasible
timing_ctrl,item_placement_9914__A:default__s0.json.gz,checked_feasible
timing_ctrl,item_placement_9914__A:default__s1.json.gz,checked_feasible
timing_ctrl,item_placement_9914__A:heu_cb__s0.json.gz,checked_feasible
timing_ctrl,item_placement_9914__A:heu_cb__s1.json.gz,checked_feasible
timing_ctrl,item_placement_9914__A:llm__s0.json.gz,checked_feasible
timing_ctrl,item_placement_9914__A:llm__s1.json.gz,checked_feasible
timing_ctrl,item_placement_9914__A:llm_first__s0.json.gz,checked_feasible
timing_ctrl,item_placement_9914__A:llm_first__s1.json.gz,checked_feasible
timing_ctrl,item_placement_9914__C:HEU__s0.json.gz,checked_feasible
timing_ctrl,item_placement_9914__C:HEU__s1.json.gz,checked_feasible
timing_ctrl,item_placement_9915__A:default__s0.json.gz,checked_feasible
timing_ctrl,item_placement_9915__A:default__s1.json.gz,checked_feasible
timing_ctrl,item_placement_9915__A:heu_cb__s0.json.gz,checked_feasible
timing_ctrl,item_placement_9915__A:heu_cb__s1.json.gz,checked_feasible
timing_ctrl,item_placement_9915__A:llm__s0.json.gz,checked_feasible
timing_ctrl,item_placement_9915__A:llm__s1.json.gz,checked_feasible
timing_ctrl,item_placement_9915__A:llm_first__s0.json.gz,checked_feasible
timing_ctrl,item_placement_9915__A:llm_first__s1.json.gz,checked_feasible
timing_ctrl,item_placement_9915__C:HEU__s0.json.gz,checked_feasible
timing_ctrl,item_placement_9915__C:HEU__s1.json.gz,checked_feasible
timing_ctrl,item_placement_9916__A:default__s0.json.gz,checked_feasible
timing_ctrl,item_placement_9916__A:default__s1.json.gz,checked_feasible
timing_ctrl,item_placement_9916__A:heu_cb__s0.json.gz,checked_feasible
timing_ctrl,item_placement_9916__A:heu_cb__s1.json.gz,checked_feasible
timing_ctrl,item_placement_9916__A:llm__s0.json.gz,checked_feasible
timing_ctrl,item_placement_9916__A:llm__s1.json.gz,checked_feasible
timing_ctrl,item_placement_9916__A:llm_first__s0.json.gz,checked_feasible
timing_ctrl,item_placement_9916__A:llm_first__s1.json.gz,checked_feasible
timing_ctrl,item_placement_9916__C:HEU__s0.json.gz,checked_feasible
timing_ctrl,item_placement_9916__C:HEU__s1.json.gz,checked_feasible
timing_ctrl,item_placement_9917__A:default__s0.json.gz,checked_feasible
timing_ctrl,item_placement_9917__A:default__s1.json.gz,checked_feasible
timing_ctrl,item_placement_9917__A:heu_cb__s0.json.gz,checked_feasible
timing_ctrl,item_placement_9917__A:heu_cb__s1.json.gz,checked_feasible
timing_ctrl,item_placement_9917__A:llm__s0.json.gz,checked_feasible
timing_ctrl,item_placement_9917__A:llm__s1.json.gz,checked_feasible
timing_ctrl,item_placement_9917__A:llm_first__s0.json.gz,checked_feasible
timing_ctrl,item_placement_9917__A:llm_first__s1.json.gz,checked_feasible
timing_ctrl,item_placement_9917__C:HEU__s0.json.gz,checked_feasible
timing_ctrl,item_placement_9917__C:HEU__s1.json.gz,checked_feasible
timing_ctrl,item_placement_9918__A:default__s0.json.gz,checked_feasible
timing_ctrl,item_placement_9918__A:default__s1.json.gz,checked_feasible
timing_ctrl,item_placement_9918__A:heu_cb__s0.json.gz,checked_feasible
timing_ctrl,item_placement_9918__A:heu_cb__s1.json.gz,checked_feasible
timing_ctrl,item_placement_9918__A:llm__s0.json.gz,checked_feasible
timing_ctrl,item_placement_9918__A:llm__s1.json.gz,checked_feasible
timing_ctrl,item_placement_9918__A:llm_first__s0.json.gz,checked_feasible
timing_ctrl,item_placement_9918__A:llm_first__s1.json.gz,checked_feasible
timing_ctrl,item_placement_9918__C:HEU__s0.json.gz,checked_feasible
timing_ctrl,item_placement_9918__C:HEU__s1.json.gz,checked_feasible
timing_ctrl,item_placement_9919__A:default__s0.json.gz,checked_feasible
timing_ctrl,item_placement_9919__A:default__s1.json.gz,checked_feasible
timing_ctrl,item_placement_9919__A:heu_cb__s0.json.gz,checked_feasible
timing_ctrl,item_placement_9919__A:heu_cb__s1.json.gz,checked_feasible
timing_ctrl,item_placement_9919__A:llm__s0.json.gz,checked_feasible
timing_ctrl,item_placement_9919__A:llm__s1.json.gz,checked_feasible
timing_ctrl,item_placement_9919__A:llm_first__s0.json.gz,checked_feasible
timing_ctrl,item_placement_9919__A:llm_first__s1.json.gz,checked_feasible
timing_ctrl,item_placement_9919__C:HEU__s0.json.gz,checked_feasible
timing_ctrl,item_placement_9919__C:HEU__s1.json.gz,checked_feasible
timing_ctrl,item_placement_9920__A:default__s0.json.gz,checked_feasible
timing_ctrl,item_placement_9920__A:default__s1.json.gz,checked_feasible
timing_ctrl,item_placement_9920__A:heu_cb__s0.json.gz,checked_feasible
timing_ctrl,item_placement_9920__A:heu_cb__s1.json.gz,checked_feasible
timing_ctrl,item_placement_9920__A:llm__s0.json.gz,checked_feasible
timing_ctrl,item_placement_9920__A:llm__s1.json.gz,checked_feasible
timing_ctrl,item_placement_9920__A:llm_first__s0.json.gz,checked_feasible
timing_ctrl,item_placement_9920__A:llm_first__s1.json.gz,checked_feasible
timing_ctrl,item_placement_9920__C:HEU__s0.json.gz,checked_feasible
timing_ctrl,item_placement_9920__C:HEU__s1.json.gz,checked_feasible
timing_ctrl,item_placement_9921__A:default__s0.json.gz,checked_feasible
timing_ctrl,item_placement_9921__A:default__s1.json.gz,checked_feasible
timing_ctrl,item_placement_9921__A:heu_cb__s0.json.gz,checked_feasible
timing_ctrl,item_placement_9921__A:heu_cb__s1.json.gz,checked_feasible
timing_ctrl,item_placement_9921__A:llm__s0.json.gz,checked_feasible
timing_ctrl,item_placement_9921__A:llm__s1.json.gz,checked_feasible
timing_ctrl,item_placement_9921__A:llm_first__s0.json.gz,checked_feasible
timing_ctrl,item_placement_9921__A:llm_first__s1.json.gz,checked_feasible
timing_ctrl,item_placement_9921__C:HEU__s0.json.gz,checked_feasible
timing_ctrl,item_placement_9921__C:HEU__s1.json.gz,checked_feasible
timing_ctrl,item_placement_9922__A:default__s0.json.gz,checked_feasible
timing_ctrl,item_placement_9922__A:default__s1.json.gz,checked_feasible
timing_ctrl,item_placement_9922__A:heu_cb__s0.json.gz,checked_feasible
timing_ctrl,item_placement_9922__A:heu_cb__s1.json.gz,checked_feasible
timing_ctrl,item_placement_9922__A:llm__s0.json.gz,checked_feasible
timing_ctrl,item_placement_9922__A:llm__s1.json.gz,checked_feasible
timing_ctrl,item_placement_9922__A:llm_first__s0.json.gz,checked_feasible
timing_ctrl,item_placement_9922__A:llm_first__s1.json.gz,checked_feasible
timing_ctrl,item_placement_9922__C:HEU__s0.json.gz,checked_feasible
timing_ctrl,item_placement_9922__C:HEU__s1.json.gz,checked_feasible
timing_ctrl,item_placement_9923__A:default__s0.json.gz,checked_feasible
timing_ctrl,item_placement_9923__A:default__s1.json.gz,checked_feasible
timing_ctrl,item_placement_9923__A:heu_cb__s0.json.gz,checked_feasible
timing_ctrl,item_placement_9923__A:heu_cb__s1.json.gz,checked_feasible
timing_ctrl,item_placement_9923__A:llm__s0.json.gz,checked_feasible
timing_ctrl,item_placement_9923__A:llm__s1.json.gz,checked_feasible
timing_ctrl,item_placement_9923__A:llm_first__s0.json.gz,checked_feasible
timing_ctrl,item_placement_9923__A:llm_first__s1.json.gz,checked_feasible
timing_ctrl,item_placement_9923__C:HEU__s0.json.gz,checked_feasible
timing_ctrl,item_placement_9923__C:HEU__s1.json.gz,checked_feasible
timing_ctrl,item_placement_9924__A:default__s0.json.gz,checked_feasible
timing_ctrl,item_placement_9924__A:default__s1.json.gz,checked_feasible
timing_ctrl,item_placement_9924__A:heu_cb__s0.json.gz,checked_feasible
timing_ctrl,item_placement_9924__A:heu_cb__s1.json.gz,checked_feasible
timing_ctrl,item_placement_9924__A:llm__s0.json.gz,checked_feasible
timing_ctrl,item_placement_9924__A:llm__s1.json.gz,checked_feasible
timing_ctrl,item_placement_9924__A:llm_first__s0.json.gz,checked_feasible
timing_ctrl,item_placement_9924__A:llm_first__s1.json.gz,checked_feasible
timing_ctrl,item_placement_9924__C:HEU__s0.json.gz,checked_feasible
timing_ctrl,item_placement_9924__C:HEU__s1.json.gz,checked_feasible
timing_ctrl,load_balancing_9910__A:default__s0.json.gz,checked_feasible
timing_ctrl,load_balancing_9910__A:default__s1.json.gz,checked_feasible
timing_ctrl,load_balancing_9910__A:heu_cb__s0.json.gz,checked_feasible
timing_ctrl,load_balancing_9910__A:heu_cb__s1.json.gz,checked_feasible
timing_ctrl,load_balancing_9910__A:llm__s0.json.gz,checked_feasible
timing_ctrl,load_balancing_9910__A:llm__s1.json.gz,checked_feasible
timing_ctrl,load_balancing_9910__A:llm_first__s0.json.gz,checked_feasible
timing_ctrl,load_balancing_9910__A:llm_first__s1.json.gz,checked_feasible
timing_ctrl,load_balancing_9910__C:HEU__s0.json.gz,checked_feasible
timing_ctrl,load_balancing_9910__C:HEU__s1.json.gz,checked_feasible
timing_ctrl,load_balancing_9911__A:default__s0.json.gz,checked_feasible
timing_ctrl,load_balancing_9911__A:default__s1.json.gz,checked_feasible
timing_ctrl,load_balancing_9911__A:heu_cb__s0.json.gz,checked_feasible
timing_ctrl,load_balancing_9911__A:heu_cb__s1.json.gz,checked_feasible
timing_ctrl,load_balancing_9911__A:llm__s0.json.gz,checked_feasible
timing_ctrl,load_balancing_9911__A:llm__s1.json.gz,checked_feasible
timing_ctrl,load_balancing_9911__A:llm_first__s0.json.gz,checked_feasible
timing_ctrl,load_balancing_9911__A:llm_first__s1.json.gz,checked_feasible
timing_ctrl,load_balancing_9911__C:HEU__s0.json.gz,checked_feasible
timing_ctrl,load_balancing_9911__C:HEU__s1.json.gz,checked_feasible
timing_ctrl,load_balancing_9912__A:default__s0.json.gz,checked_feasible
timing_ctrl,load_balancing_9912__A:default__s1.json.gz,checked_feasible
timing_ctrl,load_balancing_9912__A:heu_cb__s0.json.gz,checked_feasible
timing_ctrl,load_balancing_9912__A:heu_cb__s1.json.gz,checked_feasible
timing_ctrl,load_balancing_9912__A:llm__s0.json.gz,checked_feasible
timing_ctrl,load_balancing_9912__A:llm__s1.json.gz,checked_feasible
timing_ctrl,load_balancing_9912__A:llm_first__s0.json.gz,checked_feasible
timing_ctrl,load_balancing_9912__A:llm_first__s1.json.gz,checked_feasible
timing_ctrl,load_balancing_9912__C:HEU__s0.json.gz,checked_feasible
timing_ctrl,load_balancing_9912__C:HEU__s1.json.gz,checked_feasible
timing_ctrl,load_balancing_9913__A:default__s0.json.gz,checked_feasible
timing_ctrl,load_balancing_9913__A:default__s1.json.gz,checked_feasible
timing_ctrl,load_balancing_9913__A:heu_cb__s0.json.gz,checked_feasible
timing_ctrl,load_balancing_9913__A:heu_cb__s1.json.gz,checked_feasible
timing_ctrl,load_balancing_9913__A:llm__s0.json.gz,checked_feasible
timing_ctrl,load_balancing_9913__A:llm__s1.json.gz,checked_feasible
timing_ctrl,load_balancing_9913__A:llm_first__s0.json.gz,checked_feasible
timing_ctrl,load_balancing_9913__A:llm_first__s1.json.gz,checked_feasible
timing_ctrl,load_balancing_9913__C:HEU__s0.json.gz,checked_feasible
timing_ctrl,load_balancing_9913__C:HEU__s1.json.gz,checked_feasible
timing_ctrl,load_balancing_9914__A:default__s0.json.gz,checked_feasible
timing_ctrl,load_balancing_9914__A:default__s1.json.gz,checked_feasible
timing_ctrl,load_balancing_9914__A:heu_cb__s0.json.gz,checked_feasible
timing_ctrl,load_balancing_9914__A:heu_cb__s1.json.gz,checked_feasible
timing_ctrl,load_balancing_9914__A:llm__s0.json.gz,checked_feasible
timing_ctrl,load_balancing_9914__A:llm__s1.json.gz,checked_feasible
timing_ctrl,load_balancing_9914__A:llm_first__s0.json.gz,checked_feasible
timing_ctrl,load_balancing_9914__A:llm_first__s1.json.gz,checked_feasible
timing_ctrl,load_balancing_9914__C:HEU__s0.json.gz,checked_feasible
timing_ctrl,load_balancing_9914__C:HEU__s1.json.gz,checked_feasible
timing_ctrl,load_balancing_9915__A:default__s0.json.gz,checked_feasible
timing_ctrl,load_balancing_9915__A:default__s1.json.gz,checked_feasible
timing_ctrl,load_balancing_9915__A:heu_cb__s0.json.gz,checked_feasible
timing_ctrl,load_balancing_9915__A:heu_cb__s1.json.gz,checked_feasible
timing_ctrl,load_balancing_9915__A:llm__s0.json.gz,checked_feasible
timing_ctrl,load_balancing_9915__A:llm__s1.json.gz,checked_feasible
timing_ctrl,load_balancing_9915__A:llm_first__s0.json.gz,checked_feasible
timing_ctrl,load_balancing_9915__A:llm_first__s1.json.gz,checked_feasible
timing_ctrl,load_balancing_9915__C:HEU__s0.json.gz,checked_feasible
timing_ctrl,load_balancing_9915__C:HEU__s1.json.gz,checked_feasible
timing_ctrl,load_balancing_9916__A:default__s0.json.gz,checked_feasible
timing_ctrl,load_balancing_9916__A:default__s1.json.gz,checked_feasible
timing_ctrl,load_balancing_9916__A:heu_cb__s0.json.gz,checked_feasible
timing_ctrl,load_balancing_9916__A:heu_cb__s1.json.gz,checked_feasible
timing_ctrl,load_balancing_9916__A:llm__s0.json.gz,checked_feasible
timing_ctrl,load_balancing_9916__A:llm__s1.json.gz,checked_feasible
timing_ctrl,load_balancing_9916__A:llm_first__s0.json.gz,checked_feasible
timing_ctrl,load_balancing_9916__A:llm_first__s1.json.gz,checked_feasible
timing_ctrl,load_balancing_9916__C:HEU__s0.json.gz,checked_feasible
timing_ctrl,load_balancing_9916__C:HEU__s1.json.gz,checked_feasible
timing_ctrl,load_balancing_9917__A:default__s0.json.gz,checked_feasible
timing_ctrl,load_balancing_9917__A:default__s1.json.gz,checked_feasible
timing_ctrl,load_balancing_9917__A:heu_cb__s0.json.gz,checked_feasible
timing_ctrl,load_balancing_9917__A:heu_cb__s1.json.gz,checked_feasible
timing_ctrl,load_balancing_9917__A:llm__s0.json.gz,checked_feasible
timing_ctrl,load_balancing_9917__A:llm__s1.json.gz,checked_feasible
timing_ctrl,load_balancing_9917__A:llm_first__s0.json.gz,checked_feasible
timing_ctrl,load_balancing_9917__A:llm_first__s1.json.gz,checked_feasible
timing_ctrl,load_balancing_9917__C:HEU__s0.json.gz,checked_feasible
timing_ctrl,load_balancing_9917__C:HEU__s1.json.gz,checked_feasible
timing_ctrl,load_balancing_9918__A:default__s0.json.gz,checked_feasible
timing_ctrl,load_balancing_9918__A:default__s1.json.gz,checked_feasible
timing_ctrl,load_balancing_9918__A:heu_cb__s0.json.gz,checked_feasible
timing_ctrl,load_balancing_9918__A:heu_cb__s1.json.gz,checked_feasible
timing_ctrl,load_balancing_9918__A:llm__s0.json.gz,checked_feasible
timing_ctrl,load_balancing_9918__A:llm__s1.json.gz,checked_feasible
timing_ctrl,load_balancing_9918__A:llm_first__s0.json.gz,checked_feasible
timing_ctrl,load_balancing_9918__A:llm_first__s1.json.gz,checked_feasible
timing_ctrl,load_balancing_9918__C:HEU__s0.json.gz,checked_feasible
timing_ctrl,load_balancing_9918__C:HEU__s1.json.gz,checked_feasible
timing_ctrl,load_balancing_9919__A:default__s0.json.gz,checked_feasible
timing_ctrl,load_balancing_9919__A:default__s1.json.gz,checked_feasible
timing_ctrl,load_balancing_9919__A:heu_cb__s0.json.gz,checked_feasible
timing_ctrl,load_balancing_9919__A:heu_cb__s1.json.gz,checked_feasible
timing_ctrl,load_balancing_9919__A:llm__s0.json.gz,checked_feasible
timing_ctrl,load_balancing_9919__A:llm__s1.json.gz,checked_feasible
timing_ctrl,load_balancing_9919__A:llm_first__s0.json.gz,checked_feasible
timing_ctrl,load_balancing_9919__A:llm_first__s1.json.gz,checked_feasible
timing_ctrl,load_balancing_9919__C:HEU__s0.json.gz,checked_feasible
timing_ctrl,load_balancing_9919__C:HEU__s1.json.gz,checked_feasible
timing_ctrl,load_balancing_9920__A:default__s0.json.gz,checked_feasible
timing_ctrl,load_balancing_9920__A:default__s1.json.gz,checked_feasible
timing_ctrl,load_balancing_9920__A:heu_cb__s0.json.gz,checked_feasible
timing_ctrl,load_balancing_9920__A:heu_cb__s1.json.gz,checked_feasible
timing_ctrl,load_balancing_9920__A:llm__s0.json.gz,checked_feasible
timing_ctrl,load_balancing_9920__A:llm__s1.json.gz,checked_feasible
timing_ctrl,load_balancing_9920__A:llm_first__s0.json.gz,checked_feasible
timing_ctrl,load_balancing_9920__A:llm_first__s1.json.gz,checked_feasible
timing_ctrl,load_balancing_9920__C:HEU__s0.json.gz,checked_feasible
timing_ctrl,load_balancing_9920__C:HEU__s1.json.gz,checked_feasible
timing_ctrl,load_balancing_9921__A:default__s0.json.gz,checked_feasible
timing_ctrl,load_balancing_9921__A:default__s1.json.gz,checked_feasible
timing_ctrl,load_balancing_9921__A:heu_cb__s0.json.gz,checked_feasible
timing_ctrl,load_balancing_9921__A:heu_cb__s1.json.gz,checked_feasible
timing_ctrl,load_balancing_9921__A:llm__s0.json.gz,checked_feasible
timing_ctrl,load_balancing_9921__A:llm__s1.json.gz,checked_feasible
timing_ctrl,load_balancing_9921__A:llm_first__s0.json.gz,checked_feasible
timing_ctrl,load_balancing_9921__A:llm_first__s1.json.gz,checked_feasible
timing_ctrl,load_balancing_9921__C:HEU__s0.json.gz,checked_feasible
timing_ctrl,load_balancing_9921__C:HEU__s1.json.gz,checked_feasible
timing_ctrl,load_balancing_9922__A:default__s0.json.gz,checked_feasible
timing_ctrl,load_balancing_9922__A:default__s1.json.gz,checked_feasible
timing_ctrl,load_balancing_9922__A:heu_cb__s0.json.gz,checked_feasible
timing_ctrl,load_balancing_9922__A:heu_cb__s1.json.gz,checked_feasible
timing_ctrl,load_balancing_9922__A:llm__s0.json.gz,checked_feasible
timing_ctrl,load_balancing_9922__A:llm__s1.json.gz,checked_feasible
timing_ctrl,load_balancing_9922__A:llm_first__s0.json.gz,checked_feasible
timing_ctrl,load_balancing_9922__A:llm_first__s1.json.gz,checked_feasible
timing_ctrl,load_balancing_9922__C:HEU__s0.json.gz,checked_feasible
timing_ctrl,load_balancing_9922__C:HEU__s1.json.gz,checked_feasible
timing_ctrl,load_balancing_9923__A:default__s0.json.gz,checked_feasible
timing_ctrl,load_balancing_9923__A:default__s1.json.gz,checked_feasible
timing_ctrl,load_balancing_9923__A:heu_cb__s0.json.gz,checked_feasible
timing_ctrl,load_balancing_9923__A:heu_cb__s1.json.gz,checked_feasible
timing_ctrl,load_balancing_9923__A:llm__s0.json.gz,checked_feasible
timing_ctrl,load_balancing_9923__A:llm__s1.json.gz,checked_feasible
timing_ctrl,load_balancing_9923__A:llm_first__s0.json.gz,checked_feasible
timing_ctrl,load_balancing_9923__A:llm_first__s1.json.gz,checked_feasible
timing_ctrl,load_balancing_9923__C:HEU__s0.json.gz,checked_feasible
timing_ctrl,load_balancing_9923__C:HEU__s1.json.gz,checked_feasible
timing_ctrl,load_balancing_9924__A:default__s0.json.gz,checked_feasible
timing_ctrl,load_balancing_9924__A:default__s1.json.gz,checked_feasible
timing_ctrl,load_balancing_9924__A:heu_cb__s0.json.gz,checked_feasible
timing_ctrl,load_balancing_9924__A:heu_cb__s1.json.gz,checked_feasible
timing_ctrl,load_balancing_9924__A:llm__s0.json.gz,checked_feasible
timing_ctrl,load_balancing_9924__A:llm__s1.json.gz,checked_feasible
timing_ctrl,load_balancing_9924__A:llm_first__s0.json.gz,checked_feasible
timing_ctrl,load_balancing_9924__A:llm_first__s1.json.gz,checked_feasible
timing_ctrl,load_balancing_9924__C:HEU__s0.json.gz,checked_feasible
timing_ctrl,load_balancing_9924__C:HEU__s1.json.gz,checked_feasible
timing_mech,item_placement_9910__A:heu_10__s0.json.gz,checked_feasible
timing_mech,item_placement_9910__A:heu_cb__s0.json.gz,checked_feasible
timing_mech,item_placement_9910__C:HEU__s0.json.gz,checked_feasible
timing_mech,item_placement_9911__A:heu_10__s0.json.gz,checked_feasible
timing_mech,item_placement_9911__A:heu_cb__s0.json.gz,checked_feasible
timing_mech,item_placement_9911__C:HEU__s0.json.gz,checked_feasible
timing_mech,item_placement_9912__A:heu_10__s0.json.gz,checked_feasible
timing_mech,item_placement_9912__A:heu_cb__s0.json.gz,checked_feasible
timing_mech,item_placement_9912__C:HEU__s0.json.gz,checked_feasible
timing_mech,item_placement_9913__A:heu_10__s0.json.gz,checked_feasible
timing_mech,item_placement_9913__A:heu_cb__s0.json.gz,checked_feasible
timing_mech,item_placement_9913__C:HEU__s0.json.gz,checked_feasible
timing_mech,item_placement_9914__A:heu_10__s0.json.gz,checked_feasible
timing_mech,item_placement_9914__A:heu_cb__s0.json.gz,checked_feasible
timing_mech,item_placement_9914__C:HEU__s0.json.gz,checked_feasible
timing_mech,item_placement_9915__A:heu_10__s0.json.gz,checked_feasible
timing_mech,item_placement_9915__A:heu_cb__s0.json.gz,checked_feasible
timing_mech,item_placement_9915__C:HEU__s0.json.gz,checked_feasible
timing_mech,item_placement_9916__A:heu_10__s0.json.gz,checked_feasible
timing_mech,item_placement_9916__A:heu_cb__s0.json.gz,checked_feasible
timing_mech,item_placement_9916__C:HEU__s0.json.gz,checked_feasible
timing_mech,item_placement_9917__A:heu_10__s0.json.gz,checked_feasible
timing_mech,item_placement_9917__A:heu_cb__s0.json.gz,checked_feasible
timing_mech,item_placement_9917__C:HEU__s0.json.gz,checked_feasible
timing_mech,item_placement_9918__A:heu_10__s0.json.gz,checked_feasible
timing_mech,item_placement_9918__A:heu_cb__s0.json.gz,checked_feasible
timing_mech,item_placement_9918__C:HEU__s0.json.gz,checked_feasible
timing_mech,item_placement_9919__A:heu_10__s0.json.gz,checked_feasible
timing_mech,item_placement_9919__A:heu_cb__s0.json.gz,checked_feasible
timing_mech,item_placement_9919__C:HEU__s0.json.gz,checked_feasible
timing_mech,item_placement_9920__A:heu_10__s0.json.gz,checked_feasible
timing_mech,item_placement_9920__A:heu_cb__s0.json.gz,checked_feasible
timing_mech,item_placement_9920__C:HEU__s0.json.gz,checked_feasible
timing_mech,item_placement_9921__A:heu_10__s0.json.gz,checked_feasible
timing_mech,item_placement_9921__A:heu_cb__s0.json.gz,checked_feasible
timing_mech,item_placement_9921__C:HEU__s0.json.gz,checked_feasible
timing_mech,item_placement_9922__A:heu_10__s0.json.gz,checked_feasible
timing_mech,item_placement_9922__A:heu_cb__s0.json.gz,checked_feasible
timing_mech,item_placement_9922__C:HEU__s0.json.gz,checked_feasible
timing_mech,item_placement_9923__A:heu_10__s0.json.gz,checked_feasible
timing_mech,item_placement_9923__A:heu_cb__s0.json.gz,checked_feasible
timing_mech,item_placement_9923__C:HEU__s0.json.gz,checked_feasible
timing_mech,item_placement_9924__A:heu_10__s0.json.gz,checked_feasible
timing_mech,item_placement_9924__A:heu_cb__s0.json.gz,checked_feasible
timing_mech,item_placement_9924__C:HEU__s0.json.gz,checked_feasible
timing_mech,load_balancing_9910__A:heu_10__s0.json.gz,checked_feasible
timing_mech,load_balancing_9910__A:heu_cb__s0.json.gz,checked_feasible
timing_mech,load_balancing_9910__C:HEU__s0.json.gz,checked_feasible
timing_mech,load_balancing_9911__A:heu_10__s0.json.gz,checked_feasible
timing_mech,load_balancing_9911__A:heu_cb__s0.json.gz,checked_feasible
timing_mech,load_balancing_9911__C:HEU__s0.json.gz,checked_feasible
timing_mech,load_balancing_9912__A:heu_10__s0.json.gz,checked_feasible
timing_mech,load_balancing_9912__A:heu_cb__s0.json.gz,checked_feasible
timing_mech,load_balancing_9912__C:HEU__s0.json.gz,checked_feasible
timing_mech,load_balancing_9913__A:heu_10__s0.json.gz,checked_feasible
timing_mech,load_balancing_9913__A:heu_cb__s0.json.gz,checked_feasible
timing_mech,load_balancing_9913__C:HEU__s0.json.gz,checked_feasible
timing_mech,load_balancing_9914__A:heu_10__s0.json.gz,checked_feasible
timing_mech,load_balancing_9914__A:heu_cb__s0.json.gz,checked_feasible
timing_mech,load_balancing_9914__C:HEU__s0.json.gz,checked_feasible
timing_mech,load_balancing_9915__A:heu_10__s0.json.gz,checked_feasible
timing_mech,load_balancing_9915__A:heu_cb__s0.json.gz,checked_feasible
timing_mech,load_balancing_9915__C:HEU__s0.json.gz,checked_feasible
timing_mech,load_balancing_9916__A:heu_10__s0.json.gz,checked_feasible
timing_mech,load_balancing_9916__A:heu_cb__s0.json.gz,checked_feasible
timing_mech,load_balancing_9916__C:HEU__s0.json.gz,checked_feasible
timing_mech,load_balancing_9917__A:heu_10__s0.json.gz,checked_feasible
timing_mech,load_balancing_9917__A:heu_cb__s0.json.gz,checked_feasible
timing_mech,load_balancing_9917__C:HEU__s0.json.gz,checked_feasible
timing_mech,load_balancing_9918__A:heu_10__s0.json.gz,checked_feasible
timing_mech,load_balancing_9918__A:heu_cb__s0.json.gz,checked_feasible
timing_mech,load_balancing_9918__C:HEU__s0.json.gz,checked_feasible
timing_mech,load_balancing_9919__A:heu_10__s0.json.gz,checked_feasible
timing_mech,load_balancing_9919__A:heu_cb__s0.json.gz,checked_feasible
timing_mech,load_balancing_9919__C:HEU__s0.json.gz,checked_feasible
timing_mech,load_balancing_9920__A:heu_10__s0.json.gz,checked_feasible
timing_mech,load_balancing_9920__A:heu_cb__s0.json.gz,checked_feasible
timing_mech,load_balancing_9920__C:HEU__s0.json.gz,checked_feasible
timing_mech,load_balancing_9921__A:heu_10__s0.json.gz,checked_feasible
timing_mech,load_balancing_9921__A:heu_cb__s0.json.gz,checked_feasible
timing_mech,load_balancing_9921__C:HEU__s0.json.gz,checked_feasible
timing_mech,load_balancing_9922__A:heu_10__s0.json.gz,checked_feasible
timing_mech,load_balancing_9922__A:heu_cb__s0.json.gz,checked_feasible
timing_mech,load_balancing_9922__C:HEU__s0.json.gz,checked_feasible
timing_mech,load_balancing_9923__A:heu_10__s0.json.gz,checked_feasible
timing_mech,load_balancing_9923__A:heu_cb__s0.json.gz,checked_feasible
timing_mech,load_balancing_9923__C:HEU__s0.json.gz,checked_feasible
timing_mech,load_balancing_9924__A:heu_10__s0.json.gz,checked_feasible
timing_mech,load_balancing_9924__A:heu_cb__s0.json.gz,checked_feasible
timing_mech,load_balancing_9924__C:HEU__s0.json.gz,checked_feasible
xchg_both,CMS750_4__scip__s0.json.gz,checked_feasible
xchg_both,air05__scip__s0.json.gz,checked_feasible
xchg_both,beasleyC3__scip__s0.json.gz,checked_feasible
xchg_both,binkar10_1__scip__s0.json.gz,checked_feasible
xchg_both,cbs-cta__scip__s0.json.gz,checked_feasible
xchg_both,cod105__scip__s0.json.gz,checked_feasible
xchg_both,comp21-2idx__scip__s0.json.gz,checked_feasible
xchg_both,dano3_3__scip__s0.json.gz,checked_feasible
xchg_both,decomp2__scip__s0.json.gz,checked_feasible
xchg_both,drayage-100-23__scip__s0.json.gz,checked_feasible
xchg_both,dws008-01__scip__s0.json.gz,checked_feasible
xchg_both,eil33-2__scip__s0.json.gz,checked_feasible
xchg_both,enlight_hard__scip__s0.json.gz,checked_feasible
xchg_both,exp-1-500-5-5__scip__s0.json.gz,checked_feasible
xchg_both,gen-ip054__scip__s0.json.gz,checked_feasible
xchg_both,glass-sc__scip__s0.json.gz,checked_feasible
xchg_both,h80x6320d__scip__s0.json.gz,checked_feasible
xchg_both,hypothyroid-k1__scip__s0.json.gz,checked_feasible
xchg_both,ic97_potential__scip__s0.json.gz,checked_feasible
xchg_both,istanbul-no-cutoff__scip__s0.json.gz,checked_feasible
xchg_both,mad__scip__s0.json.gz,checked_feasible
xchg_both,mas76__scip__s0.json.gz,checked_feasible
xchg_both,n3div36__scip__s0.json.gz,checked_feasible
xchg_both,neos-1445765__scip__s0.json.gz,checked_feasible
xchg_both,neos-1456979__scip__s0.json.gz,checked_feasible
xchg_both,neos-2978193-inde__scip__s0.json.gz,checked_feasible
xchg_both,neos-3004026-krka__scip__s0.json.gz,checked_feasible
xchg_both,neos-3046615-murg__scip__s0.json.gz,checked_feasible
xchg_both,neos-3381206-awhea__scip__s0.json.gz,checked_feasible
xchg_both,neos-4722843-widden__scip__s0.json.gz,checked_feasible
xchg_both,neos-4763324-toguru__scip__s0.json.gz,checked_feasible
xchg_both,neos-787933__scip__s0.json.gz,checked_feasible
xchg_both,neos-860300__scip__s0.json.gz,checked_feasible
xchg_both,neos-873061__scip__s0.json.gz,checked_feasible
xchg_both,neos-911970__scip__s0.json.gz,checked_feasible
xchg_both,neos17__scip__s0.json.gz,checked_feasible
xchg_both,neos5__scip__s0.json.gz,checked_feasible
xchg_both,neos8__scip__s0.json.gz,checked_feasible
xchg_both,net12__scip__s0.json.gz,checked_feasible
xchg_both,opm2-z10-s4__scip__s0.json.gz,checked_feasible
xchg_both,p200x1188c__scip__s0.json.gz,checked_feasible
xchg_both,piperout-27__scip__s0.json.gz,checked_feasible
xchg_both,pk1__scip__s0.json.gz,checked_feasible
xchg_both,radiationm40-10-02__scip__s0.json.gz,checked_feasible
xchg_both,rail507__scip__s0.json.gz,checked_feasible
xchg_both,roll3000__scip__s0.json.gz,checked_feasible
xchg_both,s100__scip__s0.json.gz,checked_feasible
xchg_both,satellites2-40__scip__s0.json.gz,checked_feasible
xchg_both,seymour1__scip__s0.json.gz,checked_feasible
xchg_both,sing326__scip__s0.json.gz,checked_feasible
xchg_both,snp-02-004-104__scip__s0.json.gz,checked_feasible
xchg_both,sorrell3__scip__s0.json.gz,checked_feasible
xchg_both,sp150x300d__scip__s0.json.gz,checked_feasible
xchg_both,sp98ar__scip__s0.json.gz,checked_feasible
xchg_both,supportcase18__scip__s0.json.gz,checked_feasible
xchg_both,supportcase26__scip__s0.json.gz,checked_feasible
xchg_both,supportcase42__scip__s0.json.gz,checked_feasible
xchg_both,swath3__scip__s0.json.gz,checked_feasible
xchg_both,timtab1__scip__s0.json.gz,checked_feasible
xchg_both,tr12-30__scip__s0.json.gz,checked_feasible
xchg_both,traininstance6__scip__s0.json.gz,checked_feasible
xchg_both,uccase12__scip__s0.json.gz,checked_feasible
xchg_g2c,50v-10__scip__s0.json.gz,checked_feasible
xchg_g2c,air05__scip__s0.json.gz,checked_feasible
xchg_g2c,assign1-5-8__scip__s0.json.gz,no_trace
xchg_g2c,beasleyC3__scip__s0.json.gz,checked_feasible
xchg_g2c,binkar10_1__scip__s0.json.gz,checked_feasible
xchg_g2c,cbs-cta__scip__s0.json.gz,checked_feasible
xchg_g2c,cod105__scip__s0.json.gz,checked_feasible
xchg_g2c,comp21-2idx__scip__s0.json.gz,checked_feasible
xchg_g2c,dano3_3__scip__s0.json.gz,checked_feasible
xchg_g2c,decomp2__scip__s0.json.gz,checked_feasible
xchg_g2c,drayage-100-23__scip__s0.json.gz,checked_feasible
xchg_g2c,dws008-01__scip__s0.json.gz,checked_feasible
xchg_g2c,eil33-2__scip__s0.json.gz,checked_feasible
xchg_g2c,enlight_hard__scip__s0.json.gz,checked_feasible
xchg_g2c,exp-1-500-5-5__scip__s0.json.gz,checked_feasible
xchg_g2c,gen-ip054__scip__s0.json.gz,checked_feasible
xchg_g2c,glass-sc__scip__s0.json.gz,checked_feasible
xchg_g2c,graphdraw-domain__scip__s0.json.gz,checked_feasible
xchg_g2c,h80x6320d__scip__s0.json.gz,checked_feasible
xchg_g2c,hypothyroid-k1__scip__s0.json.gz,checked_feasible
xchg_g2c,istanbul-no-cutoff__scip__s0.json.gz,checked_feasible
xchg_g2c,mas74__scip__s0.json.gz,checked_feasible
xchg_g2c,mas76__scip__s0.json.gz,checked_feasible
xchg_g2c,n3div36__scip__s0.json.gz,checked_feasible
xchg_g2c,neos-1171737__scip__s0.json.gz,checked_feasible
xchg_g2c,neos-1445765__scip__s0.json.gz,checked_feasible
xchg_g2c,neos-1456979__scip__s0.json.gz,checked_feasible
xchg_g2c,neos-2978193-inde__scip__s0.json.gz,checked_feasible
xchg_g2c,neos-3004026-krka__scip__s0.json.gz,checked_feasible
xchg_g2c,neos-3046615-murg__scip__s0.json.gz,checked_feasible
xchg_g2c,neos-3381206-awhea__scip__s0.json.gz,checked_feasible
xchg_g2c,neos-4722843-widden__scip__s0.json.gz,checked_feasible
xchg_g2c,neos-4763324-toguru__scip__s0.json.gz,checked_feasible
xchg_g2c,neos-787933__scip__s0.json.gz,checked_feasible
xchg_g2c,neos-860300__scip__s0.json.gz,checked_feasible
xchg_g2c,neos-873061__scip__s0.json.gz,checked_feasible
xchg_g2c,neos-911970__scip__s0.json.gz,checked_feasible
xchg_g2c,neos17__scip__s0.json.gz,checked_feasible
xchg_g2c,neos5__scip__s0.json.gz,checked_feasible
xchg_g2c,neos8__scip__s0.json.gz,checked_feasible
xchg_g2c,net12__scip__s0.json.gz,checked_feasible
xchg_g2c,opm2-z10-s4__scip__s0.json.gz,checked_feasible
xchg_g2c,p200x1188c__scip__s0.json.gz,checked_feasible
xchg_g2c,piperout-27__scip__s0.json.gz,checked_feasible
xchg_g2c,pk1__scip__s0.json.gz,checked_feasible
xchg_g2c,radiationm40-10-02__scip__s0.json.gz,checked_feasible
xchg_g2c,rail507__scip__s0.json.gz,checked_feasible
xchg_g2c,roll3000__scip__s0.json.gz,checked_feasible
xchg_g2c,s100__scip__s0.json.gz,checked_feasible
xchg_g2c,satellites2-40__scip__s0.json.gz,checked_feasible
xchg_g2c,seymour1__scip__s0.json.gz,checked_feasible
xchg_g2c,seymour__scip__s0.json.gz,checked_feasible
xchg_g2c,sing326__scip__s0.json.gz,checked_feasible
xchg_g2c,snp-02-004-104__scip__s0.json.gz,checked_feasible
xchg_g2c,sorrell3__scip__s0.json.gz,checked_feasible
xchg_g2c,sp150x300d__scip__s0.json.gz,checked_feasible
xchg_g2c,sp98ar__scip__s0.json.gz,checked_feasible
xchg_g2c,supportcase18__scip__s0.json.gz,checked_feasible
xchg_g2c,supportcase42__scip__s0.json.gz,checked_feasible
xchg_g2c,timtab1__scip__s0.json.gz,checked_feasible
xchg_g2c,tr12-30__scip__s0.json.gz,checked_feasible
xchg_g2c,traininstance6__scip__s0.json.gz,checked_feasible
xchg_g2c,uccase12__scip__s0.json.gz,checked_feasible
xchg_race,50v-10__scip__s0.json.gz,checked_feasible
xchg_race,CMS750_4__scip__s0.json.gz,checked_feasible
xchg_race,air05__scip__s0.json.gz,checked_feasible
xchg_race,assign1-5-8__scip__s0.json.gz,checked_feasible
xchg_race,beasleyC3__scip__s0.json.gz,checked_feasible
xchg_race,binkar10_1__scip__s0.json.gz,checked_feasible
xchg_race,cbs-cta__scip__s0.json.gz,checked_feasible
xchg_race,cod105__scip__s0.json.gz,checked_feasible
xchg_race,comp21-2idx__scip__s0.json.gz,checked_feasible
xchg_race,dano3_3__scip__s0.json.gz,checked_feasible
xchg_race,decomp2__scip__s0.json.gz,checked_feasible
xchg_race,drayage-100-23__scip__s0.json.gz,checked_feasible
xchg_race,dws008-01__scip__s0.json.gz,checked_feasible
xchg_race,eil33-2__scip__s0.json.gz,checked_feasible
xchg_race,enlight_hard__scip__s0.json.gz,checked_feasible
xchg_race,exp-1-500-5-5__scip__s0.json.gz,checked_feasible
xchg_race,gen-ip054__scip__s0.json.gz,checked_feasible
xchg_race,glass-sc__scip__s0.json.gz,checked_feasible
xchg_race,graphdraw-domain__scip__s0.json.gz,checked_feasible
xchg_race,h80x6320d__scip__s0.json.gz,checked_feasible
xchg_race,hypothyroid-k1__scip__s0.json.gz,checked_feasible
xchg_race,ic97_potential__scip__s0.json.gz,checked_feasible
xchg_race,istanbul-no-cutoff__scip__s0.json.gz,checked_feasible
xchg_race,mad__scip__s0.json.gz,checked_feasible
xchg_race,markshare2__scip__s0.json.gz,checked_feasible
xchg_race,mas74__scip__s0.json.gz,checked_feasible
xchg_race,mas76__scip__s0.json.gz,checked_feasible
xchg_race,n3div36__scip__s0.json.gz,checked_feasible
xchg_race,neos-1171737__scip__s0.json.gz,checked_feasible
xchg_race,neos-1445765__scip__s0.json.gz,checked_feasible
xchg_race,neos-1456979__scip__s0.json.gz,checked_feasible
xchg_race,neos-2657525-crna__scip__s0.json.gz,checked_feasible
xchg_race,neos-2978193-inde__scip__s0.json.gz,checked_feasible
xchg_race,neos-3004026-krka__scip__s0.json.gz,checked_feasible
xchg_race,neos-3046615-murg__scip__s0.json.gz,checked_feasible
xchg_race,neos-3381206-awhea__scip__s0.json.gz,checked_feasible
xchg_race,neos-3754480-nidda__scip__s0.json.gz,checked_feasible
xchg_race,neos-4722843-widden__scip__s0.json.gz,checked_feasible
xchg_race,neos-4763324-toguru__scip__s0.json.gz,checked_feasible
xchg_race,neos-787933__scip__s0.json.gz,checked_feasible
xchg_race,neos-860300__scip__s0.json.gz,checked_feasible
xchg_race,neos-873061__scip__s0.json.gz,checked_feasible
xchg_race,neos-911970__scip__s0.json.gz,checked_feasible
xchg_race,neos17__scip__s0.json.gz,checked_feasible
xchg_race,neos5__scip__s0.json.gz,checked_feasible
xchg_race,neos8__scip__s0.json.gz,checked_feasible
xchg_race,opm2-z10-s4__scip__s0.json.gz,checked_feasible
xchg_race,p200x1188c__scip__s0.json.gz,checked_feasible
xchg_race,piperout-27__scip__s0.json.gz,checked_feasible
xchg_race,pk1__scip__s0.json.gz,checked_feasible
xchg_race,radiationm40-10-02__scip__s0.json.gz,checked_feasible
xchg_race,rail507__scip__s0.json.gz,checked_feasible
xchg_race,roll3000__scip__s0.json.gz,checked_feasible
xchg_race,s100__scip__s0.json.gz,checked_feasible
xchg_race,satellites2-40__scip__s0.json.gz,checked_feasible
xchg_race,seymour1__scip__s0.json.gz,checked_feasible
xchg_race,seymour__scip__s0.json.gz,checked_feasible
xchg_race,sing326__scip__s0.json.gz,checked_feasible
xchg_race,snp-02-004-104__scip__s0.json.gz,checked_feasible
xchg_race,sorrell3__scip__s0.json.gz,checked_feasible
xchg_race,sp150x300d__scip__s0.json.gz,checked_feasible
xchg_race,sp98ar__scip__s0.json.gz,checked_feasible
xchg_race,supportcase18__scip__s0.json.gz,checked_feasible
xchg_race,supportcase26__scip__s0.json.gz,checked_feasible
xchg_race,supportcase42__scip__s0.json.gz,checked_feasible
xchg_race,swath3__scip__s0.json.gz,checked_feasible
xchg_race,timtab1__scip__s0.json.gz,checked_feasible
xchg_race,tr12-30__scip__s0.json.gz,checked_feasible
xchg_race,traininstance6__scip__s0.json.gz,checked_feasible
xchg_race,uccase12__scip__s0.json.gz,checked_feasible
xea_ea0,50v-10__scip__s0.json.gz,checked_feasible
xea_ea0,CMS750_4__scip__s0.json.gz,checked_feasible
xea_ea0,air05__scip__s0.json.gz,checked_feasible
xea_ea0,assign1-5-8__scip__s0.json.gz,no_trace
xea_ea0,beasleyC3__scip__s0.json.gz,checked_feasible
xea_ea0,binkar10_1__scip__s0.json.gz,checked_feasible
xea_ea0,cbs-cta__scip__s0.json.gz,checked_feasible
xea_ea0,cod105__scip__s0.json.gz,checked_feasible
xea_ea0,comp21-2idx__scip__s0.json.gz,checked_feasible
xea_ea0,dano3_3__scip__s0.json.gz,checked_feasible
xea_ea0,decomp2__scip__s0.json.gz,checked_feasible
xea_ea0,drayage-100-23__scip__s0.json.gz,checked_feasible
xea_ea0,dws008-01__scip__s0.json.gz,checked_feasible
xea_ea0,eil33-2__scip__s0.json.gz,checked_feasible
xea_ea0,enlight_hard__scip__s0.json.gz,checked_feasible
xea_ea0,exp-1-500-5-5__scip__s0.json.gz,checked_feasible
xea_ea0,glass-sc__scip__s0.json.gz,checked_feasible
xea_ea0,graphdraw-domain__scip__s0.json.gz,checked_feasible
xea_ea0,h80x6320d__scip__s0.json.gz,checked_feasible
xea_ea0,hypothyroid-k1__scip__s0.json.gz,checked_feasible
xea_ea0,ic97_potential__scip__s0.json.gz,checked_feasible
xea_ea0,istanbul-no-cutoff__scip__s0.json.gz,checked_feasible
xea_ea0,mad__scip__s0.json.gz,checked_feasible
xea_ea0,markshare2__scip__s0.json.gz,checked_feasible
xea_ea0,mas74__scip__s0.json.gz,checked_feasible
xea_ea0,mas76__scip__s0.json.gz,checked_feasible
xea_ea0,n3div36__scip__s0.json.gz,checked_feasible
xea_ea0,neos-1171737__scip__s0.json.gz,checked_feasible
xea_ea0,neos-1445765__scip__s0.json.gz,checked_feasible
xea_ea0,neos-1456979__scip__s0.json.gz,checked_feasible
xea_ea0,neos-2657525-crna__scip__s0.json.gz,checked_feasible
xea_ea0,neos-2978193-inde__scip__s0.json.gz,checked_feasible
xea_ea0,neos-3004026-krka__scip__s0.json.gz,checked_feasible
xea_ea0,neos-3046615-murg__scip__s0.json.gz,checked_feasible
xea_ea0,neos-3381206-awhea__scip__s0.json.gz,checked_feasible
xea_ea0,neos-3754480-nidda__scip__s0.json.gz,checked_feasible
xea_ea0,neos-4722843-widden__scip__s0.json.gz,checked_feasible
xea_ea0,neos-4763324-toguru__scip__s0.json.gz,checked_feasible
xea_ea0,neos-787933__scip__s0.json.gz,checked_feasible
xea_ea0,neos-860300__scip__s0.json.gz,checked_feasible
xea_ea0,neos-873061__scip__s0.json.gz,checked_feasible
xea_ea0,neos-911970__scip__s0.json.gz,checked_feasible
xea_ea0,neos17__scip__s0.json.gz,checked_feasible
xea_ea0,neos5__scip__s0.json.gz,checked_feasible
xea_ea0,neos8__scip__s0.json.gz,checked_feasible
xea_ea0,opm2-z10-s4__scip__s0.json.gz,checked_feasible
xea_ea0,p200x1188c__scip__s0.json.gz,checked_feasible
xea_ea0,piperout-27__scip__s0.json.gz,checked_feasible
xea_ea0,pk1__scip__s0.json.gz,checked_feasible
xea_ea0,radiationm40-10-02__scip__s0.json.gz,checked_feasible
xea_ea0,rail507__scip__s0.json.gz,checked_feasible
xea_ea0,roll3000__scip__s0.json.gz,checked_feasible
xea_ea0,s100__scip__s0.json.gz,checked_feasible
xea_ea0,satellites2-40__scip__s0.json.gz,checked_feasible
xea_ea0,seymour1__scip__s0.json.gz,checked_feasible
xea_ea0,seymour__scip__s0.json.gz,checked_feasible
xea_ea0,sing326__scip__s0.json.gz,checked_feasible
xea_ea0,snp-02-004-104__scip__s0.json.gz,checked_feasible
xea_ea0,sorrell3__scip__s0.json.gz,checked_feasible
xea_ea0,sp150x300d__scip__s0.json.gz,checked_feasible
xea_ea0,sp98ar__scip__s0.json.gz,checked_feasible
xea_ea0,supportcase18__scip__s0.json.gz,checked_feasible
xea_ea0,supportcase26__scip__s0.json.gz,checked_feasible
xea_ea0,supportcase42__scip__s0.json.gz,checked_feasible
xea_ea0,swath3__scip__s0.json.gz,checked_feasible
xea_ea0,timtab1__scip__s0.json.gz,checked_feasible
xea_ea0,tr12-30__scip__s0.json.gz,checked_feasible
xea_ea0,traininstance6__scip__s0.json.gz,checked_feasible
xea_ea0,uccase12__scip__s0.json.gz,checked_feasible
xea_ea20,50v-10__scip__s0.json.gz,checked_feasible
xea_ea20,CMS750_4__scip__s0.json.gz,checked_feasible
xea_ea20,air05__scip__s0.json.gz,checked_feasible
xea_ea20,assign1-5-8__scip__s0.json.gz,checked_feasible
xea_ea20,beasleyC3__scip__s0.json.gz,checked_feasible
xea_ea20,binkar10_1__scip__s0.json.gz,checked_feasible
xea_ea20,cbs-cta__scip__s0.json.gz,checked_feasible
xea_ea20,cod105__scip__s0.json.gz,checked_feasible
xea_ea20,comp21-2idx__scip__s0.json.gz,checked_feasible
xea_ea20,dano3_3__scip__s0.json.gz,checked_feasible
xea_ea20,decomp2__scip__s0.json.gz,checked_feasible
xea_ea20,drayage-100-23__scip__s0.json.gz,checked_feasible
xea_ea20,dws008-01__scip__s0.json.gz,checked_feasible
xea_ea20,eil33-2__scip__s0.json.gz,checked_feasible
xea_ea20,enlight_hard__scip__s0.json.gz,checked_feasible
xea_ea20,exp-1-500-5-5__scip__s0.json.gz,checked_feasible
xea_ea20,glass-sc__scip__s0.json.gz,checked_feasible
xea_ea20,graphdraw-domain__scip__s0.json.gz,checked_feasible
xea_ea20,h80x6320d__scip__s0.json.gz,checked_feasible
xea_ea20,hypothyroid-k1__scip__s0.json.gz,checked_feasible
xea_ea20,ic97_potential__scip__s0.json.gz,checked_feasible
xea_ea20,istanbul-no-cutoff__scip__s0.json.gz,checked_feasible
xea_ea20,mad__scip__s0.json.gz,checked_feasible
xea_ea20,markshare2__scip__s0.json.gz,checked_feasible
xea_ea20,mas74__scip__s0.json.gz,checked_feasible
xea_ea20,mas76__scip__s0.json.gz,checked_feasible
xea_ea20,n3div36__scip__s0.json.gz,checked_feasible
xea_ea20,neos-1171737__scip__s0.json.gz,checked_feasible
xea_ea20,neos-1445765__scip__s0.json.gz,checked_feasible
xea_ea20,neos-1456979__scip__s0.json.gz,checked_feasible
xea_ea20,neos-2657525-crna__scip__s0.json.gz,checked_feasible
xea_ea20,neos-2978193-inde__scip__s0.json.gz,checked_feasible
xea_ea20,neos-3004026-krka__scip__s0.json.gz,checked_feasible
xea_ea20,neos-3046615-murg__scip__s0.json.gz,checked_feasible
xea_ea20,neos-3381206-awhea__scip__s0.json.gz,checked_feasible
xea_ea20,neos-3754480-nidda__scip__s0.json.gz,checked_feasible
xea_ea20,neos-4722843-widden__scip__s0.json.gz,checked_feasible
xea_ea20,neos-4763324-toguru__scip__s0.json.gz,checked_feasible
xea_ea20,neos-787933__scip__s0.json.gz,checked_feasible
xea_ea20,neos-860300__scip__s0.json.gz,checked_feasible
xea_ea20,neos-873061__scip__s0.json.gz,checked_feasible
xea_ea20,neos-911970__scip__s0.json.gz,checked_feasible
xea_ea20,neos17__scip__s0.json.gz,checked_feasible
xea_ea20,neos5__scip__s0.json.gz,checked_feasible
xea_ea20,neos8__scip__s0.json.gz,checked_feasible
xea_ea20,opm2-z10-s4__scip__s0.json.gz,checked_feasible
xea_ea20,p200x1188c__scip__s0.json.gz,checked_feasible
xea_ea20,piperout-27__scip__s0.json.gz,checked_feasible
xea_ea20,pk1__scip__s0.json.gz,checked_feasible
xea_ea20,radiationm40-10-02__scip__s0.json.gz,checked_feasible
xea_ea20,rail507__scip__s0.json.gz,checked_feasible
xea_ea20,roll3000__scip__s0.json.gz,checked_feasible
xea_ea20,s100__scip__s0.json.gz,checked_feasible
xea_ea20,satellites2-40__scip__s0.json.gz,checked_feasible
xea_ea20,seymour1__scip__s0.json.gz,checked_feasible
xea_ea20,seymour__scip__s0.json.gz,checked_feasible
xea_ea20,sing326__scip__s0.json.gz,checked_feasible
xea_ea20,snp-02-004-104__scip__s0.json.gz,checked_feasible
xea_ea20,sorrell3__scip__s0.json.gz,checked_feasible
xea_ea20,sp150x300d__scip__s0.json.gz,checked_feasible
xea_ea20,sp98ar__scip__s0.json.gz,checked_feasible
xea_ea20,supportcase18__scip__s0.json.gz,checked_feasible
xea_ea20,supportcase26__scip__s0.json.gz,checked_feasible
xea_ea20,supportcase42__scip__s0.json.gz,checked_feasible
xea_ea20,swath3__scip__s0.json.gz,checked_feasible
xea_ea20,timtab1__scip__s0.json.gz,checked_feasible
xea_ea20,tr12-30__scip__s0.json.gz,checked_feasible
xea_ea20,traininstance6__scip__s0.json.gz,checked_feasible
xea_ea20,uccase12__scip__s0.json.gz,checked_feasible
xea_scip2,50v-10__partner__s0.json.gz,checked_feasible
xea_scip2,50v-10__scip__s0.json.gz,checked_feasible
xea_scip2,CMS750_4__partner__s0.json.gz,checked_feasible
xea_scip2,CMS750_4__scip__s0.json.gz,checked_feasible
xea_scip2,air05__partner__s0.json.gz,checked_feasible
xea_scip2,air05__scip__s0.json.gz,checked_feasible
xea_scip2,assign1-5-8__partner__s0.json.gz,checked_feasible
xea_scip2,assign1-5-8__scip__s0.json.gz,checked_feasible
xea_scip2,beasleyC3__partner__s0.json.gz,checked_feasible
xea_scip2,beasleyC3__scip__s0.json.gz,checked_feasible
xea_scip2,binkar10_1__partner__s0.json.gz,checked_feasible
xea_scip2,binkar10_1__scip__s0.json.gz,checked_feasible
xea_scip2,cbs-cta__partner__s0.json.gz,checked_feasible
xea_scip2,cbs-cta__scip__s0.json.gz,checked_feasible
xea_scip2,cod105__partner__s0.json.gz,checked_feasible
xea_scip2,cod105__scip__s0.json.gz,checked_feasible
xea_scip2,comp21-2idx__partner__s0.json.gz,checked_feasible
xea_scip2,comp21-2idx__scip__s0.json.gz,checked_feasible
xea_scip2,dano3_3__partner__s0.json.gz,checked_feasible
xea_scip2,dano3_3__scip__s0.json.gz,checked_feasible
xea_scip2,decomp2__partner__s0.json.gz,checked_feasible
xea_scip2,decomp2__scip__s0.json.gz,checked_feasible
xea_scip2,drayage-100-23__partner__s0.json.gz,checked_feasible
xea_scip2,drayage-100-23__scip__s0.json.gz,checked_feasible
xea_scip2,dws008-01__scip__s0.json.gz,checked_feasible
xea_scip2,eil33-2__partner__s0.json.gz,checked_feasible
xea_scip2,eil33-2__scip__s0.json.gz,checked_feasible
xea_scip2,enlight_hard__partner__s0.json.gz,checked_feasible
xea_scip2,enlight_hard__scip__s0.json.gz,checked_feasible
xea_scip2,exp-1-500-5-5__partner__s0.json.gz,checked_feasible
xea_scip2,exp-1-500-5-5__scip__s0.json.gz,checked_feasible
xea_scip2,gen-ip054__partner__s0.json.gz,checked_feasible
xea_scip2,gen-ip054__scip__s0.json.gz,checked_feasible
xea_scip2,glass-sc__partner__s0.json.gz,checked_feasible
xea_scip2,glass-sc__scip__s0.json.gz,checked_feasible
xea_scip2,graphdraw-domain__partner__s0.json.gz,checked_feasible
xea_scip2,graphdraw-domain__scip__s0.json.gz,checked_feasible
xea_scip2,h80x6320d__partner__s0.json.gz,checked_feasible
xea_scip2,h80x6320d__scip__s0.json.gz,checked_feasible
xea_scip2,hypothyroid-k1__partner__s0.json.gz,checked_feasible
xea_scip2,hypothyroid-k1__scip__s0.json.gz,checked_feasible
xea_scip2,ic97_potential__partner__s0.json.gz,checked_feasible
xea_scip2,ic97_potential__scip__s0.json.gz,checked_feasible
xea_scip2,istanbul-no-cutoff__partner__s0.json.gz,checked_feasible
xea_scip2,istanbul-no-cutoff__scip__s0.json.gz,checked_feasible
xea_scip2,mad__partner__s0.json.gz,checked_feasible
xea_scip2,mad__scip__s0.json.gz,checked_feasible
xea_scip2,markshare2__partner__s0.json.gz,checked_feasible
xea_scip2,markshare2__scip__s0.json.gz,checked_feasible
xea_scip2,mas74__partner__s0.json.gz,checked_feasible
xea_scip2,mas74__scip__s0.json.gz,checked_feasible
xea_scip2,mas76__partner__s0.json.gz,checked_feasible
xea_scip2,mas76__scip__s0.json.gz,checked_feasible
xea_scip2,n3div36__partner__s0.json.gz,checked_feasible
xea_scip2,n3div36__scip__s0.json.gz,checked_feasible
xea_scip2,neos-1171737__partner__s0.json.gz,checked_feasible
xea_scip2,neos-1171737__scip__s0.json.gz,checked_feasible
xea_scip2,neos-1445765__partner__s0.json.gz,checked_feasible
xea_scip2,neos-1445765__scip__s0.json.gz,checked_feasible
xea_scip2,neos-1456979__scip__s0.json.gz,checked_feasible
xea_scip2,neos-2657525-crna__partner__s0.json.gz,checked_feasible
xea_scip2,neos-2657525-crna__scip__s0.json.gz,checked_feasible
xea_scip2,neos-2978193-inde__partner__s0.json.gz,checked_feasible
xea_scip2,neos-2978193-inde__scip__s0.json.gz,checked_feasible
xea_scip2,neos-3004026-krka__scip__s0.json.gz,checked_feasible
xea_scip2,neos-3046615-murg__partner__s0.json.gz,checked_feasible
xea_scip2,neos-3046615-murg__scip__s0.json.gz,checked_feasible
xea_scip2,neos-3381206-awhea__partner__s0.json.gz,checked_feasible
xea_scip2,neos-3381206-awhea__scip__s0.json.gz,checked_feasible
xea_scip2,neos-3754480-nidda__partner__s0.json.gz,checked_feasible
xea_scip2,neos-3754480-nidda__scip__s0.json.gz,checked_feasible
xea_scip2,neos-4722843-widden__partner__s0.json.gz,checked_feasible
xea_scip2,neos-4722843-widden__scip__s0.json.gz,checked_feasible
xea_scip2,neos-4763324-toguru__partner__s0.json.gz,checked_feasible
xea_scip2,neos-4763324-toguru__scip__s0.json.gz,checked_feasible
xea_scip2,neos-787933__partner__s0.json.gz,checked_feasible
xea_scip2,neos-787933__scip__s0.json.gz,checked_feasible
xea_scip2,neos-860300__partner__s0.json.gz,checked_feasible
xea_scip2,neos-860300__scip__s0.json.gz,checked_feasible
xea_scip2,neos-873061__partner__s0.json.gz,checked_feasible
xea_scip2,neos-873061__scip__s0.json.gz,checked_feasible
xea_scip2,neos-911970__partner__s0.json.gz,checked_feasible
xea_scip2,neos-911970__scip__s0.json.gz,checked_feasible
xea_scip2,neos17__partner__s0.json.gz,checked_feasible
xea_scip2,neos17__scip__s0.json.gz,checked_feasible
xea_scip2,neos5__partner__s0.json.gz,checked_feasible
xea_scip2,neos5__scip__s0.json.gz,checked_feasible
xea_scip2,neos8__partner__s0.json.gz,checked_feasible
xea_scip2,neos8__scip__s0.json.gz,checked_feasible
xea_scip2,opm2-z10-s4__partner__s0.json.gz,checked_feasible
xea_scip2,opm2-z10-s4__scip__s0.json.gz,checked_feasible
xea_scip2,p200x1188c__partner__s0.json.gz,checked_feasible
xea_scip2,p200x1188c__scip__s0.json.gz,checked_feasible
xea_scip2,piperout-27__partner__s0.json.gz,checked_feasible
xea_scip2,piperout-27__scip__s0.json.gz,checked_feasible
xea_scip2,pk1__partner__s0.json.gz,checked_feasible
xea_scip2,pk1__scip__s0.json.gz,checked_feasible
xea_scip2,radiationm40-10-02__partner__s0.json.gz,checked_feasible
xea_scip2,radiationm40-10-02__scip__s0.json.gz,checked_feasible
xea_scip2,rail507__partner__s0.json.gz,checked_feasible
xea_scip2,rail507__scip__s0.json.gz,checked_feasible
xea_scip2,roll3000__partner__s0.json.gz,checked_feasible
xea_scip2,roll3000__scip__s0.json.gz,checked_feasible
xea_scip2,s100__scip__s0.json.gz,checked_feasible
xea_scip2,satellites2-40__scip__s0.json.gz,checked_feasible
xea_scip2,seymour1__partner__s0.json.gz,checked_feasible
xea_scip2,seymour1__scip__s0.json.gz,checked_feasible
xea_scip2,seymour__partner__s0.json.gz,checked_feasible
xea_scip2,seymour__scip__s0.json.gz,checked_feasible
xea_scip2,sing326__scip__s0.json.gz,checked_feasible
xea_scip2,snp-02-004-104__partner__s0.json.gz,checked_feasible
xea_scip2,snp-02-004-104__scip__s0.json.gz,checked_feasible
xea_scip2,sorrell3__partner__s0.json.gz,checked_feasible
xea_scip2,sorrell3__scip__s0.json.gz,checked_feasible
xea_scip2,sp150x300d__partner__s0.json.gz,checked_feasible
xea_scip2,sp150x300d__scip__s0.json.gz,checked_feasible
xea_scip2,sp98ar__partner__s0.json.gz,checked_feasible
xea_scip2,sp98ar__scip__s0.json.gz,checked_feasible
xea_scip2,supportcase18__partner__s0.json.gz,checked_feasible
xea_scip2,supportcase18__scip__s0.json.gz,checked_feasible
xea_scip2,supportcase26__partner__s0.json.gz,checked_feasible
xea_scip2,supportcase26__scip__s0.json.gz,checked_feasible
xea_scip2,supportcase42__partner__s0.json.gz,checked_feasible
xea_scip2,supportcase42__scip__s0.json.gz,checked_feasible
xea_scip2,swath3__partner__s0.json.gz,checked_feasible
xea_scip2,swath3__scip__s0.json.gz,checked_feasible
xea_scip2,timtab1__partner__s0.json.gz,checked_feasible
xea_scip2,timtab1__scip__s0.json.gz,checked_feasible
xea_scip2,tr12-30__partner__s0.json.gz,checked_feasible
xea_scip2,tr12-30__scip__s0.json.gz,checked_feasible
xea_scip2,traininstance6__partner__s0.json.gz,checked_feasible
xea_scip2,traininstance6__scip__s0.json.gz,checked_feasible
xea_scip2,uccase12__partner__s0.json.gz,checked_feasible
xea_scip2,uccase12__scip__s0.json.gz,checked_feasible
xea_solo,50v-10__scip__s0.json.gz,checked_feasible
xea_solo,CMS750_4__scip__s0.json.gz,checked_feasible
xea_solo,air05__scip__s0.json.gz,checked_feasible
xea_solo,assign1-5-8__scip__s0.json.gz,checked_feasible
xea_solo,beasleyC3__scip__s0.json.gz,checked_feasible
xea_solo,binkar10_1__scip__s0.json.gz,checked_feasible
xea_solo,cbs-cta__scip__s0.json.gz,checked_feasible
xea_solo,cod105__scip__s0.json.gz,checked_feasible
xea_solo,comp21-2idx__scip__s0.json.gz,checked_feasible
xea_solo,dano3_3__scip__s0.json.gz,checked_feasible
xea_solo,decomp2__scip__s0.json.gz,checked_feasible
xea_solo,drayage-100-23__scip__s0.json.gz,checked_feasible
xea_solo,dws008-01__scip__s0.json.gz,checked_feasible
xea_solo,eil33-2__scip__s0.json.gz,checked_feasible
xea_solo,enlight_hard__scip__s0.json.gz,checked_feasible
xea_solo,exp-1-500-5-5__scip__s0.json.gz,checked_feasible
xea_solo,gen-ip054__scip__s0.json.gz,checked_feasible
xea_solo,glass-sc__scip__s0.json.gz,checked_feasible
xea_solo,graphdraw-domain__scip__s0.json.gz,checked_feasible
xea_solo,h80x6320d__scip__s0.json.gz,checked_feasible
xea_solo,hypothyroid-k1__scip__s0.json.gz,checked_feasible
xea_solo,ic97_potential__scip__s0.json.gz,checked_feasible
xea_solo,istanbul-no-cutoff__scip__s0.json.gz,checked_feasible
xea_solo,mad__scip__s0.json.gz,checked_feasible
xea_solo,markshare2__scip__s0.json.gz,checked_feasible
xea_solo,mas74__scip__s0.json.gz,checked_feasible
xea_solo,mas76__scip__s0.json.gz,checked_feasible
xea_solo,n3div36__scip__s0.json.gz,checked_feasible
xea_solo,neos-1171737__scip__s0.json.gz,checked_feasible
xea_solo,neos-1445765__scip__s0.json.gz,checked_feasible
xea_solo,neos-1456979__scip__s0.json.gz,checked_feasible
xea_solo,neos-2657525-crna__scip__s0.json.gz,checked_feasible
xea_solo,neos-2978193-inde__scip__s0.json.gz,checked_feasible
xea_solo,neos-3004026-krka__scip__s0.json.gz,checked_feasible
xea_solo,neos-3046615-murg__scip__s0.json.gz,checked_feasible
xea_solo,neos-3381206-awhea__scip__s0.json.gz,checked_feasible
xea_solo,neos-3754480-nidda__scip__s0.json.gz,checked_feasible
xea_solo,neos-4722843-widden__scip__s0.json.gz,checked_feasible
xea_solo,neos-4763324-toguru__scip__s0.json.gz,checked_feasible
xea_solo,neos-787933__scip__s0.json.gz,checked_feasible
xea_solo,neos-860300__scip__s0.json.gz,checked_feasible
xea_solo,neos-873061__scip__s0.json.gz,checked_feasible
xea_solo,neos-911970__scip__s0.json.gz,checked_feasible
xea_solo,neos17__scip__s0.json.gz,checked_feasible
xea_solo,neos5__scip__s0.json.gz,checked_feasible
xea_solo,neos8__scip__s0.json.gz,checked_feasible
xea_solo,opm2-z10-s4__scip__s0.json.gz,checked_feasible
xea_solo,p200x1188c__scip__s0.json.gz,checked_feasible
xea_solo,piperout-27__scip__s0.json.gz,checked_feasible
xea_solo,pk1__scip__s0.json.gz,checked_feasible
xea_solo,radiationm40-10-02__scip__s0.json.gz,checked_feasible
xea_solo,rail507__scip__s0.json.gz,checked_feasible
xea_solo,roll3000__scip__s0.json.gz,checked_feasible
xea_solo,s100__scip__s0.json.gz,checked_feasible
xea_solo,satellites2-40__scip__s0.json.gz,checked_feasible
xea_solo,seymour1__scip__s0.json.gz,checked_feasible
xea_solo,seymour__scip__s0.json.gz,checked_feasible
xea_solo,sing326__scip__s0.json.gz,checked_feasible
xea_solo,snp-02-004-104__scip__s0.json.gz,checked_feasible
xea_solo,sorrell3__scip__s0.json.gz,checked_feasible
xea_solo,sp150x300d__scip__s0.json.gz,checked_feasible
xea_solo,sp98ar__scip__s0.json.gz,checked_feasible
xea_solo,supportcase18__scip__s0.json.gz,checked_feasible
xea_solo,supportcase26__scip__s0.json.gz,checked_feasible
xea_solo,supportcase42__scip__s0.json.gz,checked_feasible
xea_solo,swath3__scip__s0.json.gz,checked_feasible
xea_solo,timtab1__scip__s0.json.gz,checked_feasible
xea_solo,tr12-30__scip__s0.json.gz,checked_feasible
xea_solo,traininstance6__scip__s0.json.gz,checked_feasible
xea_solo,uccase12__scip__s0.json.gz,checked_feasible
xheur_both,50v-10__scip__s0.json.gz,checked_feasible
xheur_both,CMS750_4__scip__s0.json.gz,checked_feasible
xheur_both,air05__scip__s0.json.gz,checked_feasible
xheur_both,assign1-5-8__scip__s0.json.gz,checked_feasible
xheur_both,beasleyC3__scip__s0.json.gz,checked_feasible
xheur_both,binkar10_1__scip__s0.json.gz,checked_feasible
xheur_both,cbs-cta__scip__s0.json.gz,checked_feasible
xheur_both,cod105__scip__s0.json.gz,checked_feasible
xheur_both,comp21-2idx__scip__s0.json.gz,checked_feasible
xheur_both,dano3_3__scip__s0.json.gz,checked_feasible
xheur_both,decomp2__scip__s0.json.gz,checked_feasible
xheur_both,drayage-100-23__scip__s0.json.gz,checked_feasible
xheur_both,dws008-01__scip__s0.json.gz,checked_feasible
xheur_both,eil33-2__scip__s0.json.gz,checked_feasible
xheur_both,enlight_hard__scip__s0.json.gz,checked_feasible
xheur_both,exp-1-500-5-5__scip__s0.json.gz,checked_feasible
xheur_both,gen-ip054__scip__s0.json.gz,checked_feasible
xheur_both,glass-sc__scip__s0.json.gz,checked_feasible
xheur_both,graphdraw-domain__scip__s0.json.gz,checked_feasible
xheur_both,h80x6320d__scip__s0.json.gz,checked_feasible
xheur_both,hypothyroid-k1__scip__s0.json.gz,checked_feasible
xheur_both,ic97_potential__scip__s0.json.gz,checked_feasible
xheur_both,istanbul-no-cutoff__scip__s0.json.gz,checked_feasible
xheur_both,mad__scip__s0.json.gz,checked_feasible
xheur_both,markshare2__scip__s0.json.gz,checked_feasible
xheur_both,mas74__scip__s0.json.gz,checked_feasible
xheur_both,mas76__scip__s0.json.gz,checked_feasible
xheur_both,n3div36__scip__s0.json.gz,checked_feasible
xheur_both,neos-1171737__scip__s0.json.gz,checked_feasible
xheur_both,neos-1445765__scip__s0.json.gz,checked_feasible
xheur_both,neos-1456979__scip__s0.json.gz,checked_feasible
xheur_both,neos-2657525-crna__scip__s0.json.gz,checked_feasible
xheur_both,neos-2978193-inde__scip__s0.json.gz,checked_feasible
xheur_both,neos-3004026-krka__scip__s0.json.gz,checked_feasible
xheur_both,neos-3046615-murg__scip__s0.json.gz,checked_feasible
xheur_both,neos-3381206-awhea__scip__s0.json.gz,checked_feasible
xheur_both,neos-3754480-nidda__scip__s0.json.gz,checked_feasible
xheur_both,neos-4722843-widden__scip__s0.json.gz,checked_feasible
xheur_both,neos-4763324-toguru__scip__s0.json.gz,checked_feasible
xheur_both,neos-787933__scip__s0.json.gz,checked_feasible
xheur_both,neos-860300__scip__s0.json.gz,checked_feasible
xheur_both,neos-873061__scip__s0.json.gz,checked_feasible
xheur_both,neos-911970__scip__s0.json.gz,checked_feasible
xheur_both,neos17__scip__s0.json.gz,checked_feasible
xheur_both,neos5__scip__s0.json.gz,checked_feasible
xheur_both,neos8__scip__s0.json.gz,checked_feasible
xheur_both,net12__scip__s0.json.gz,checked_feasible
xheur_both,opm2-z10-s4__scip__s0.json.gz,checked_feasible
xheur_both,p200x1188c__scip__s0.json.gz,checked_feasible
xheur_both,piperout-27__scip__s0.json.gz,checked_feasible
xheur_both,pk1__scip__s0.json.gz,checked_feasible
xheur_both,radiationm40-10-02__scip__s0.json.gz,checked_feasible
xheur_both,rail507__scip__s0.json.gz,checked_feasible
xheur_both,roll3000__scip__s0.json.gz,checked_feasible
xheur_both,s100__scip__s0.json.gz,checked_feasible
xheur_both,satellites2-40__scip__s0.json.gz,checked_feasible
xheur_both,seymour1__scip__s0.json.gz,checked_feasible
xheur_both,seymour__scip__s0.json.gz,checked_feasible
xheur_both,sing326__scip__s0.json.gz,checked_feasible
xheur_both,snp-02-004-104__scip__s0.json.gz,checked_feasible
xheur_both,sorrell3__scip__s0.json.gz,checked_feasible
xheur_both,sp150x300d__scip__s0.json.gz,checked_feasible
xheur_both,sp98ar__scip__s0.json.gz,checked_feasible
xheur_both,supportcase18__scip__s0.json.gz,checked_feasible
xheur_both,supportcase26__scip__s0.json.gz,checked_feasible
xheur_both,supportcase42__scip__s0.json.gz,checked_feasible
xheur_both,swath3__scip__s0.json.gz,checked_feasible
xheur_both,timtab1__scip__s0.json.gz,checked_feasible
xheur_both,tr12-30__scip__s0.json.gz,checked_feasible
xheur_both,traininstance6__scip__s0.json.gz,checked_feasible
xheur_both,uccase12__scip__s0.json.gz,checked_feasible
xheur_g2c,50v-10__scip__s0.json.gz,checked_feasible
xheur_g2c,CMS750_4__scip__s0.json.gz,checked_feasible
xheur_g2c,air05__scip__s0.json.gz,checked_feasible
xheur_g2c,assign1-5-8__scip__s0.json.gz,checked_feasible
xheur_g2c,beasleyC3__scip__s0.json.gz,checked_feasible
xheur_g2c,binkar10_1__scip__s0.json.gz,checked_feasible
xheur_g2c,cbs-cta__scip__s0.json.gz,checked_feasible
xheur_g2c,cod105__scip__s0.json.gz,checked_feasible
xheur_g2c,comp21-2idx__scip__s0.json.gz,checked_feasible
xheur_g2c,dano3_3__scip__s0.json.gz,checked_feasible
xheur_g2c,decomp2__scip__s0.json.gz,checked_feasible
xheur_g2c,drayage-100-23__scip__s0.json.gz,checked_feasible
xheur_g2c,dws008-01__scip__s0.json.gz,checked_feasible
xheur_g2c,eil33-2__scip__s0.json.gz,checked_feasible
xheur_g2c,enlight_hard__scip__s0.json.gz,checked_feasible
xheur_g2c,exp-1-500-5-5__scip__s0.json.gz,checked_feasible
xheur_g2c,gen-ip054__scip__s0.json.gz,checked_feasible
xheur_g2c,glass-sc__scip__s0.json.gz,checked_feasible
xheur_g2c,graphdraw-domain__scip__s0.json.gz,checked_feasible
xheur_g2c,h80x6320d__scip__s0.json.gz,checked_feasible
xheur_g2c,hypothyroid-k1__scip__s0.json.gz,checked_feasible
xheur_g2c,ic97_potential__scip__s0.json.gz,checked_feasible
xheur_g2c,istanbul-no-cutoff__scip__s0.json.gz,checked_feasible
xheur_g2c,mad__scip__s0.json.gz,checked_feasible
xheur_g2c,markshare2__scip__s0.json.gz,checked_feasible
xheur_g2c,mas74__scip__s0.json.gz,checked_feasible
xheur_g2c,mas76__scip__s0.json.gz,checked_feasible
xheur_g2c,n3div36__scip__s0.json.gz,checked_feasible
xheur_g2c,neos-1171737__scip__s0.json.gz,checked_feasible
xheur_g2c,neos-1445765__scip__s0.json.gz,checked_feasible
xheur_g2c,neos-1456979__scip__s0.json.gz,checked_feasible
xheur_g2c,neos-2657525-crna__scip__s0.json.gz,checked_feasible
xheur_g2c,neos-2978193-inde__scip__s0.json.gz,checked_feasible
xheur_g2c,neos-3004026-krka__scip__s0.json.gz,checked_feasible
xheur_g2c,neos-3046615-murg__scip__s0.json.gz,checked_feasible
xheur_g2c,neos-3381206-awhea__scip__s0.json.gz,checked_feasible
xheur_g2c,neos-3656078-kumeu__scip__s0.json.gz,checked_feasible
xheur_g2c,neos-3754480-nidda__scip__s0.json.gz,checked_feasible
xheur_g2c,neos-4722843-widden__scip__s0.json.gz,checked_feasible
xheur_g2c,neos-4763324-toguru__scip__s0.json.gz,checked_feasible
xheur_g2c,neos-787933__scip__s0.json.gz,checked_feasible
xheur_g2c,neos-860300__scip__s0.json.gz,checked_feasible
xheur_g2c,neos-873061__scip__s0.json.gz,checked_feasible
xheur_g2c,neos-911970__scip__s0.json.gz,checked_feasible
xheur_g2c,neos17__scip__s0.json.gz,checked_feasible
xheur_g2c,neos5__scip__s0.json.gz,checked_feasible
xheur_g2c,neos8__scip__s0.json.gz,checked_feasible
xheur_g2c,net12__scip__s0.json.gz,checked_feasible
xheur_g2c,opm2-z10-s4__scip__s0.json.gz,checked_feasible
xheur_g2c,p200x1188c__scip__s0.json.gz,checked_feasible
xheur_g2c,piperout-27__scip__s0.json.gz,checked_feasible
xheur_g2c,pk1__scip__s0.json.gz,checked_feasible
xheur_g2c,radiationm40-10-02__scip__s0.json.gz,checked_feasible
xheur_g2c,rail507__scip__s0.json.gz,checked_feasible
xheur_g2c,roll3000__scip__s0.json.gz,checked_feasible
xheur_g2c,s100__scip__s0.json.gz,checked_feasible
xheur_g2c,satellites2-40__scip__s0.json.gz,checked_feasible
xheur_g2c,seymour1__scip__s0.json.gz,checked_feasible
xheur_g2c,seymour__scip__s0.json.gz,checked_feasible
xheur_g2c,sing326__scip__s0.json.gz,checked_feasible
xheur_g2c,snp-02-004-104__scip__s0.json.gz,checked_feasible
xheur_g2c,sorrell3__scip__s0.json.gz,checked_feasible
xheur_g2c,sp150x300d__scip__s0.json.gz,checked_feasible
xheur_g2c,sp98ar__scip__s0.json.gz,checked_feasible
xheur_g2c,supportcase18__scip__s0.json.gz,checked_feasible
xheur_g2c,supportcase26__scip__s0.json.gz,checked_feasible
xheur_g2c,supportcase42__scip__s0.json.gz,checked_feasible
xheur_g2c,swath3__scip__s0.json.gz,checked_feasible
xheur_g2c,timtab1__scip__s0.json.gz,checked_feasible
xheur_g2c,tr12-30__scip__s0.json.gz,checked_feasible
xheur_g2c,traininstance6__scip__s0.json.gz,checked_feasible
xheur_g2c,uccase12__scip__s0.json.gz,checked_feasible
xheur_race,50v-10__scip__s0.json.gz,checked_feasible
xheur_race,CMS750_4__scip__s0.json.gz,checked_feasible
xheur_race,air05__scip__s0.json.gz,checked_feasible
xheur_race,assign1-5-8__scip__s0.json.gz,checked_feasible
xheur_race,beasleyC3__scip__s0.json.gz,checked_feasible
xheur_race,binkar10_1__scip__s0.json.gz,checked_feasible
xheur_race,cbs-cta__scip__s0.json.gz,checked_feasible
xheur_race,cod105__scip__s0.json.gz,checked_feasible
xheur_race,comp21-2idx__scip__s0.json.gz,checked_feasible
xheur_race,dano3_3__scip__s0.json.gz,checked_feasible
xheur_race,decomp2__scip__s0.json.gz,checked_feasible
xheur_race,drayage-100-23__scip__s0.json.gz,checked_feasible
xheur_race,dws008-01__scip__s0.json.gz,checked_feasible
xheur_race,eil33-2__scip__s0.json.gz,checked_feasible
xheur_race,enlight_hard__scip__s0.json.gz,checked_feasible
xheur_race,exp-1-500-5-5__scip__s0.json.gz,checked_feasible
xheur_race,gen-ip054__scip__s0.json.gz,checked_feasible
xheur_race,glass-sc__scip__s0.json.gz,checked_feasible
xheur_race,graphdraw-domain__scip__s0.json.gz,checked_feasible
xheur_race,h80x6320d__scip__s0.json.gz,checked_feasible
xheur_race,hypothyroid-k1__scip__s0.json.gz,checked_feasible
xheur_race,ic97_potential__scip__s0.json.gz,checked_feasible
xheur_race,istanbul-no-cutoff__scip__s0.json.gz,checked_feasible
xheur_race,mad__scip__s0.json.gz,checked_feasible
xheur_race,markshare2__scip__s0.json.gz,checked_feasible
xheur_race,mas74__scip__s0.json.gz,checked_feasible
xheur_race,mas76__scip__s0.json.gz,checked_feasible
xheur_race,n3div36__scip__s0.json.gz,checked_feasible
xheur_race,neos-1171737__scip__s0.json.gz,checked_feasible
xheur_race,neos-1445765__scip__s0.json.gz,checked_feasible
xheur_race,neos-1456979__scip__s0.json.gz,checked_feasible
xheur_race,neos-2657525-crna__scip__s0.json.gz,checked_feasible
xheur_race,neos-2978193-inde__scip__s0.json.gz,checked_feasible
xheur_race,neos-3004026-krka__scip__s0.json.gz,checked_feasible
xheur_race,neos-3046615-murg__scip__s0.json.gz,checked_feasible
xheur_race,neos-3381206-awhea__scip__s0.json.gz,checked_feasible
xheur_race,neos-3754480-nidda__scip__s0.json.gz,checked_feasible
xheur_race,neos-4722843-widden__scip__s0.json.gz,checked_feasible
xheur_race,neos-4763324-toguru__scip__s0.json.gz,checked_feasible
xheur_race,neos-787933__scip__s0.json.gz,checked_feasible
xheur_race,neos-860300__scip__s0.json.gz,checked_feasible
xheur_race,neos-873061__scip__s0.json.gz,checked_feasible
xheur_race,neos-911970__scip__s0.json.gz,checked_feasible
xheur_race,neos17__scip__s0.json.gz,checked_feasible
xheur_race,neos5__scip__s0.json.gz,checked_feasible
xheur_race,neos8__scip__s0.json.gz,checked_feasible
xheur_race,opm2-z10-s4__scip__s0.json.gz,checked_feasible
xheur_race,p200x1188c__scip__s0.json.gz,checked_feasible
xheur_race,piperout-27__scip__s0.json.gz,checked_feasible
xheur_race,pk1__scip__s0.json.gz,checked_feasible
xheur_race,radiationm40-10-02__scip__s0.json.gz,checked_feasible
xheur_race,rail507__scip__s0.json.gz,checked_feasible
xheur_race,roll3000__scip__s0.json.gz,checked_feasible
xheur_race,s100__scip__s0.json.gz,checked_feasible
xheur_race,satellites2-40__scip__s0.json.gz,checked_feasible
xheur_race,seymour1__scip__s0.json.gz,checked_feasible
xheur_race,seymour__scip__s0.json.gz,checked_feasible
xheur_race,sing326__scip__s0.json.gz,checked_feasible
xheur_race,snp-02-004-104__scip__s0.json.gz,checked_feasible
xheur_race,sorrell3__scip__s0.json.gz,checked_feasible
xheur_race,sp150x300d__scip__s0.json.gz,checked_feasible
xheur_race,sp98ar__scip__s0.json.gz,checked_feasible
xheur_race,supportcase18__scip__s0.json.gz,checked_feasible
xheur_race,supportcase26__scip__s0.json.gz,checked_feasible
xheur_race,supportcase42__scip__s0.json.gz,checked_feasible
xheur_race,swath3__scip__s0.json.gz,checked_feasible
xheur_race,timtab1__scip__s0.json.gz,checked_feasible
xheur_race,tr12-30__scip__s0.json.gz,checked_feasible
xheur_race,traininstance6__scip__s0.json.gz,checked_feasible
xheur_race,uccase12__scip__s0.json.gz,checked_feasible
xhighs_hrace,neos-3656078-kumeu__partner__s0.json.gz,checked_feasible
xhighs_hrace,neos-3754480-nidda__cpu__s0.json.gz,checked_feasible
xhighs_hrace,neos-3754480-nidda__partner__s0.json.gz,checked_feasible
xhighs_hrace,neos-4722843-widden__cpu__s0.json.gz,checked_feasible
xhighs_hrace,neos-4763324-toguru__cpu__s0.json.gz,checked_feasible
xhighs_hrace,neos-4763324-toguru__partner__s0.json.gz,checked_feasible
xhighs_hrace,neos-787933__cpu__s0.json.gz,checked_feasible
xhighs_hrace,neos-787933__partner__s0.json.gz,checked_feasible
xhighs_hrace,neos-860300__cpu__s0.json.gz,checked_feasible
xhighs_hrace,neos-860300__partner__s0.json.gz,checked_feasible
xhighs_hrace,neos-873061__cpu__s0.json.gz,checked_feasible
xhighs_hrace,neos-873061__partner__s0.json.gz,checked_feasible
xhighs_hrace,neos-911970__cpu__s0.json.gz,checked_feasible
xhighs_hrace,neos-911970__partner__s0.json.gz,checked_feasible
xhighs_hrace,neos17__cpu__s0.json.gz,checked_feasible
xhighs_hrace,neos17__partner__s0.json.gz,checked_feasible
xhighs_hrace,neos5__cpu__s0.json.gz,checked_feasible
xhighs_hrace,neos5__partner__s0.json.gz,checked_feasible
xhighs_hrace,neos8__cpu__s0.json.gz,checked_feasible
xhighs_hrace,neos8__partner__s0.json.gz,checked_feasible
xhighs_hrace,net12__cpu__s0.json.gz,checked_feasible
xhighs_hrace,net12__partner__s0.json.gz,checked_feasible
xhighs_hrace,ns1116954__cpu__s0.json.gz,checked_feasible
xhighs_hrace,ns1116954__partner__s0.json.gz,checked_feasible
xhighs_hrace,opm2-z10-s4__cpu__s0.json.gz,checked_feasible
xhighs_hrace,opm2-z10-s4__partner__s0.json.gz,checked_feasible
xhighs_hrace,p200x1188c__cpu__s0.json.gz,checked_feasible
xhighs_hrace,p200x1188c__partner__s0.json.gz,checked_feasible
xhighs_hrace,piperout-27__cpu__s0.json.gz,checked_feasible
xhighs_hrace,piperout-27__partner__s0.json.gz,checked_feasible
xhighs_hrace,pk1__cpu__s0.json.gz,checked_feasible
xhighs_hrace,pk1__partner__s0.json.gz,checked_feasible
xhighs_hrace,radiationm40-10-02__partner__s0.json.gz,checked_feasible
xhighs_hrace,rail507__cpu__s0.json.gz,checked_feasible
xhighs_hrace,rail507__partner__s0.json.gz,checked_feasible
xhighs_hrace,roll3000__cpu__s0.json.gz,checked_feasible
xhighs_hrace,roll3000__partner__s0.json.gz,checked_feasible
xhighs_hrace,s100__partner__s0.json.gz,checked_feasible
xhighs_hrace,satellites2-40__partner__s0.json.gz,checked_feasible
xhighs_hrace,seymour1__cpu__s0.json.gz,checked_feasible
xhighs_hrace,seymour1__partner__s0.json.gz,checked_feasible
xhighs_hrace,seymour__cpu__s0.json.gz,checked_feasible
xhighs_hrace,seymour__partner__s0.json.gz,checked_feasible
xhighs_hrace,sing326__cpu__s0.json.gz,checked_feasible
xhighs_hrace,sing326__partner__s0.json.gz,checked_feasible
xhighs_hrace,snp-02-004-104__cpu__s0.json.gz,checked_feasible
xhighs_hrace,snp-02-004-104__partner__s0.json.gz,checked_feasible
xhighs_hrace,sorrell3__cpu__s0.json.gz,checked_feasible
xhighs_hrace,sorrell3__partner__s0.json.gz,checked_feasible
xhighs_hrace,sp150x300d__cpu__s0.json.gz,checked_feasible
xhighs_hrace,sp150x300d__partner__s0.json.gz,checked_feasible
xhighs_hrace,sp98ar__cpu__s0.json.gz,checked_feasible
xhighs_hrace,sp98ar__partner__s0.json.gz,checked_feasible
xhighs_hrace,supportcase18__cpu__s0.json.gz,checked_feasible
xhighs_hrace,supportcase18__partner__s0.json.gz,checked_feasible
xhighs_hrace,supportcase26__cpu__s0.json.gz,checked_feasible
xhighs_hrace,supportcase26__partner__s0.json.gz,checked_infeasible
xhighs_hrace,supportcase42__cpu__s0.json.gz,checked_feasible
xhighs_hrace,supportcase42__partner__s0.json.gz,checked_feasible
xhighs_hrace,swath3__cpu__s0.json.gz,checked_feasible
xhighs_hrace,swath3__partner__s0.json.gz,checked_feasible
xhighs_hrace,timtab1__cpu__s0.json.gz,checked_feasible
xhighs_hrace,timtab1__partner__s0.json.gz,checked_feasible
xhighs_hrace,tr12-30__cpu__s0.json.gz,checked_feasible
xhighs_hrace,tr12-30__partner__s0.json.gz,checked_feasible
xhighs_hrace,traininstance6__cpu__s0.json.gz,checked_feasible
xhighs_hrace,traininstance6__partner__s0.json.gz,checked_feasible
xhighs_hrace,uccase12__cpu__s0.json.gz,checked_feasible
xhighs_hrace,uccase12__partner__s0.json.gz,checked_feasible
xhighs_hsolo,neos-3381206-awhea__cpu__s0.json.gz,checked_feasible
xhighs_hsolo,neos-3754480-nidda__cpu__s0.json.gz,checked_feasible
xhighs_hsolo,neos-4722843-widden__cpu__s0.json.gz,checked_feasible
xhighs_hsolo,neos-4763324-toguru__cpu__s0.json.gz,checked_feasible
xhighs_hsolo,neos-787933__cpu__s0.json.gz,checked_feasible
xhighs_hsolo,neos-860300__cpu__s0.json.gz,checked_feasible
xhighs_hsolo,neos-873061__cpu__s0.json.gz,checked_feasible
xhighs_hsolo,neos-911970__cpu__s0.json.gz,checked_feasible
xhighs_hsolo,neos17__cpu__s0.json.gz,checked_feasible
xhighs_hsolo,neos5__cpu__s0.json.gz,checked_feasible
xhighs_hsolo,neos8__cpu__s0.json.gz,checked_feasible
xhighs_hsolo,net12__cpu__s0.json.gz,checked_feasible
xhighs_hsolo,ns1116954__cpu__s0.json.gz,checked_feasible
xhighs_hsolo,opm2-z10-s4__cpu__s0.json.gz,checked_feasible
xhighs_hsolo,p200x1188c__cpu__s0.json.gz,checked_feasible
xhighs_hsolo,piperout-27__cpu__s0.json.gz,checked_feasible
xhighs_hsolo,pk1__cpu__s0.json.gz,checked_feasible
xhighs_hsolo,rail507__cpu__s0.json.gz,checked_feasible
xhighs_hsolo,roll3000__cpu__s0.json.gz,checked_feasible
xhighs_hsolo,seymour1__cpu__s0.json.gz,checked_feasible
xhighs_hsolo,seymour__cpu__s0.json.gz,checked_feasible
xhighs_hsolo,sing326__cpu__s0.json.gz,checked_feasible
xhighs_hsolo,snp-02-004-104__cpu__s0.json.gz,checked_feasible
xhighs_hsolo,sorrell3__cpu__s0.json.gz,checked_feasible
xhighs_hsolo,sp150x300d__cpu__s0.json.gz,checked_feasible
xhighs_hsolo,sp98ar__cpu__s0.json.gz,checked_feasible
xhighs_hsolo,supportcase18__cpu__s0.json.gz,checked_feasible
xhighs_hsolo,supportcase26__cpu__s0.json.gz,checked_feasible
xhighs_hsolo,supportcase42__cpu__s0.json.gz,checked_feasible
xhighs_hsolo,swath3__cpu__s0.json.gz,checked_feasible
xhighs_hsolo,timtab1__cpu__s0.json.gz,checked_feasible
xhighs_hsolo,tr12-30__cpu__s0.json.gz,checked_feasible
xhighs_hsolo,traininstance6__cpu__s0.json.gz,checked_feasible
xhighs_hsolo,uccase12__cpu__s0.json.gz,checked_feasible
xsame_race,50v-10__partner__s0.json.gz,checked_feasible
xsame_race,50v-10__scip__s0.json.gz,checked_feasible
xsame_race,CMS750_4__partner__s0.json.gz,checked_feasible
xsame_race,CMS750_4__scip__s0.json.gz,checked_feasible
xsame_race,air05__partner__s0.json.gz,checked_feasible
xsame_race,air05__scip__s0.json.gz,checked_feasible
xsame_race,assign1-5-8__partner__s0.json.gz,checked_feasible
xsame_race,assign1-5-8__scip__s0.json.gz,checked_feasible
xsame_race,beasleyC3__partner__s0.json.gz,checked_feasible
xsame_race,beasleyC3__scip__s0.json.gz,checked_feasible
xsame_race,binkar10_1__partner__s0.json.gz,checked_feasible
xsame_race,binkar10_1__scip__s0.json.gz,checked_feasible
xsame_race,cbs-cta__partner__s0.json.gz,checked_infeasible
xsame_race,cbs-cta__scip__s0.json.gz,checked_feasible
xsame_race,chromaticindex1024-7__partner__s0.json.gz,checked_feasible
xsame_race,cod105__partner__s0.json.gz,checked_feasible
xsame_race,cod105__scip__s0.json.gz,checked_feasible
xsame_race,comp21-2idx__partner__s0.json.gz,checked_feasible
xsame_race,comp21-2idx__scip__s0.json.gz,checked_feasible
xsame_race,dano3_3__partner__s0.json.gz,checked_feasible
xsame_race,dano3_3__scip__s0.json.gz,checked_feasible
xsame_race,decomp2__partner__s0.json.gz,checked_feasible
xsame_race,decomp2__scip__s0.json.gz,checked_feasible
xsame_race,drayage-100-23__partner__s0.json.gz,checked_feasible
xsame_race,drayage-100-23__scip__s0.json.gz,checked_feasible
xsame_race,dws008-01__scip__s0.json.gz,checked_feasible
xsame_race,eil33-2__partner__s0.json.gz,checked_feasible
xsame_race,eil33-2__scip__s0.json.gz,checked_feasible
xsame_race,enlight_hard__partner__s0.json.gz,checked_feasible
xsame_race,enlight_hard__scip__s0.json.gz,checked_feasible
xsame_race,exp-1-500-5-5__partner__s0.json.gz,checked_feasible
xsame_race,exp-1-500-5-5__scip__s0.json.gz,checked_feasible
xsame_race,gen-ip054__partner__s0.json.gz,checked_feasible
xsame_race,gen-ip054__scip__s0.json.gz,checked_feasible
xsame_race,glass-sc__partner__s0.json.gz,checked_feasible
xsame_race,glass-sc__scip__s0.json.gz,checked_feasible
xsame_race,graphdraw-domain__partner__s0.json.gz,checked_feasible
xsame_race,graphdraw-domain__scip__s0.json.gz,checked_feasible
xsame_race,h80x6320d__partner__s0.json.gz,checked_feasible
xsame_race,h80x6320d__scip__s0.json.gz,checked_feasible
xsame_race,hypothyroid-k1__partner__s0.json.gz,checked_feasible
xsame_race,hypothyroid-k1__scip__s0.json.gz,checked_feasible
xsame_race,ic97_potential__partner__s0.json.gz,checked_feasible
xsame_race,ic97_potential__scip__s0.json.gz,checked_feasible
xsame_race,istanbul-no-cutoff__partner__s0.json.gz,checked_feasible
xsame_race,istanbul-no-cutoff__scip__s0.json.gz,checked_feasible
xsame_race,mad__partner__s0.json.gz,checked_feasible
xsame_race,mad__scip__s0.json.gz,checked_feasible
xsame_race,markshare2__partner__s0.json.gz,checked_feasible
xsame_race,markshare2__scip__s0.json.gz,checked_feasible
xsame_race,mas74__partner__s0.json.gz,checked_feasible
xsame_race,mas74__scip__s0.json.gz,checked_feasible
xsame_race,mas76__partner__s0.json.gz,checked_feasible
xsame_race,mas76__scip__s0.json.gz,checked_feasible
xsame_race,n3div36__partner__s0.json.gz,checked_feasible
xsame_race,n3div36__scip__s0.json.gz,checked_feasible
xsame_race,neos-1171737__partner__s0.json.gz,checked_feasible
xsame_race,neos-1171737__scip__s0.json.gz,checked_feasible
xsame_race,neos-1445765__partner__s0.json.gz,checked_feasible
xsame_race,neos-1445765__scip__s0.json.gz,checked_feasible
xsame_race,neos-1456979__partner__s0.json.gz,checked_feasible
xsame_race,neos-1456979__scip__s0.json.gz,checked_feasible
xsame_race,neos-2657525-crna__partner__s0.json.gz,checked_feasible
xsame_race,neos-2657525-crna__scip__s0.json.gz,checked_feasible
xsame_race,neos-2978193-inde__partner__s0.json.gz,checked_feasible
xsame_race,neos-2978193-inde__scip__s0.json.gz,checked_feasible
xsame_race,neos-3004026-krka__partner__s0.json.gz,checked_feasible
xsame_race,neos-3004026-krka__scip__s0.json.gz,checked_feasible
xsame_race,neos-3046615-murg__partner__s0.json.gz,checked_feasible
xsame_race,neos-3046615-murg__scip__s0.json.gz,checked_feasible
xsame_race,neos-3381206-awhea__partner__s0.json.gz,checked_feasible
xsame_race,neos-3381206-awhea__scip__s0.json.gz,checked_feasible
xsame_race,neos-3656078-kumeu__partner__s0.json.gz,checked_feasible
xsame_race,neos-3754480-nidda__partner__s0.json.gz,checked_feasible
xsame_race,neos-3754480-nidda__scip__s0.json.gz,checked_feasible
xsame_race,neos-4722843-widden__scip__s0.json.gz,checked_feasible
xsame_race,neos-4763324-toguru__partner__s0.json.gz,checked_feasible
xsame_race,neos-4763324-toguru__scip__s0.json.gz,checked_feasible
xsame_race,neos-787933__partner__s0.json.gz,checked_feasible
xsame_race,neos-787933__scip__s0.json.gz,checked_feasible
xsame_solo,50v-10__scip__s0.json.gz,checked_feasible
xsame_solo,CMS750_4__scip__s0.json.gz,checked_feasible
xsame_solo,air05__scip__s0.json.gz,checked_feasible
xsame_solo,assign1-5-8__scip__s0.json.gz,checked_feasible
xsame_solo,beasleyC3__scip__s0.json.gz,checked_feasible
xsame_solo,binkar10_1__scip__s0.json.gz,checked_feasible
xsame_solo,cbs-cta__scip__s0.json.gz,checked_feasible
xsame_solo,cod105__scip__s0.json.gz,checked_feasible
xsame_solo,comp21-2idx__scip__s0.json.gz,checked_feasible
xsame_solo,dano3_3__scip__s0.json.gz,checked_feasible
xsame_solo,decomp2__scip__s0.json.gz,checked_feasible
xsame_solo,drayage-100-23__scip__s0.json.gz,checked_feasible
xsame_solo,dws008-01__scip__s0.json.gz,checked_feasible
xsame_solo,eil33-2__scip__s0.json.gz,checked_feasible
xsame_solo,enlight_hard__scip__s0.json.gz,checked_feasible
xsame_solo,exp-1-500-5-5__scip__s0.json.gz,checked_feasible
xsame_solo,gen-ip054__scip__s0.json.gz,checked_feasible
xsame_solo,glass-sc__scip__s0.json.gz,checked_feasible
xsame_solo,graphdraw-domain__scip__s0.json.gz,checked_feasible
xsame_solo,h80x6320d__scip__s0.json.gz,checked_feasible
xsame_solo,hypothyroid-k1__scip__s0.json.gz,checked_feasible
xsame_solo,ic97_potential__scip__s0.json.gz,checked_feasible
xsame_solo,istanbul-no-cutoff__scip__s0.json.gz,checked_feasible
xsame_solo,mad__scip__s0.json.gz,checked_feasible
xsame_solo,markshare2__scip__s0.json.gz,checked_feasible
xsame_solo,mas74__scip__s0.json.gz,checked_feasible
xsame_solo,mas76__scip__s0.json.gz,checked_feasible
xsame_solo,n3div36__scip__s0.json.gz,checked_feasible
xsame_solo,neos-1171737__scip__s0.json.gz,checked_feasible
xsame_solo,neos-1445765__scip__s0.json.gz,checked_feasible
xsame_solo,neos-1456979__scip__s0.json.gz,checked_feasible
xsame_solo,neos-2657525-crna__scip__s0.json.gz,checked_feasible
xsame_solo,neos-2978193-inde__scip__s0.json.gz,checked_feasible
xsame_solo,neos-3004026-krka__scip__s0.json.gz,checked_feasible
xsame_solo,neos-3046615-murg__scip__s0.json.gz,checked_feasible
xsame_solo,neos-3381206-awhea__scip__s0.json.gz,checked_feasible
xsame_solo,neos-3754480-nidda__scip__s0.json.gz,checked_feasible
xsame_solo,neos-4722843-widden__scip__s0.json.gz,checked_feasible
xsame_solo,neos-4763324-toguru__scip__s0.json.gz,checked_feasible
